"감독","누적관객수","등급","배우","감독_배우"
"강우석",4313101,"상","정재영","강우석_정재영"
"강우석",4313101,"상","강신일","강우석_강신일"
"강우석",4313101,"상","유해진","강우석_유해진"
"강우석",4313101,"상","탁트인","강우석_탁트인"
"강우석",4313101,"상","이상현","강우석_이상현"
"강우석",4313101,"상","김윤성","강우석_김윤성"
"강우석",4313101,"상","이재원","강우석_이재원"
"강우석",4313101,"상","조한영","강우석_조한영"
"강우석",4313101,"상","박창용","강우석_박창용"
"강우석",974262,"하","김율호","강우석_김율호"
"강우석",974262,"하","차승원","강우석_차승원"
"강우석",974262,"하","유준상","강우석_유준상"
"강우석",974262,"하","김인권","강우석_김인권"
"강우석",974262,"하","남지현","강우석_남지현"
"강우석",974262,"하","신동미","강우석_신동미"
"강우석",974262,"하","남경읍","강우석_남경읍"
"강우석",974262,"하","태인호","강우석_태인호"
"강우석",974262,"하","공형진","강우석_공형진"
"강우석",974262,"하","김종수","강우석_김종수"
"강우석",3134421,"중","설경구","강우석_설경구"
"강우석",3134421,"중","정준호","강우석_정준호"
"강우석",3134421,"중","유해진","강우석_유해진"
"강우석",3134421,"중","강경덕","강우석_강경덕"
"강우석",3134421,"중","박웅","강우석_박웅"
"강우석",3134421,"중","강신일","강우석_강신일"
"강우석",3134421,"중","홍지연","강우석_홍지연"
"강우석",3134421,"중","전미애","강우석_전미애"
"강우석",3134421,"중","박태수","강우석_박태수"
"강우석",3134421,"중","남성훈","강우석_남성훈"
"강우석",1887733,"하","강신일","강우석_강신일"
"강우석",1887733,"하","김미경","강우석_김미경"
"강우석",1887733,"하","김혜성","강우석_김혜성"
"강우석",1887733,"하","유선","강우석_유선"
"강우석",1887733,"하","정재영","강우석_정재영"
"강우석",1887733,"하","조진웅","강우석_조진웅"
"강우석",1887733,"하","장기범","강우석_장기범"
"강우석",1887733,"하","이현우","강우석_이현우"
"강우석",1887733,"하","김경호","강우석_김경호"
"강우석",1887733,"하","조찬형","강우석_조찬형"
"강우석",1719165,"하","설경구","강우석_설경구"
"강우석",1719165,"하","안성기","강우석_안성기"
"강우석",1719165,"하","허준호","강우석_허준호"
"강우석",1719165,"하","정재영","강우석_정재영"
"강우석",1719165,"하","임원희","강우석_임원희"
"강우석",1719165,"하","강성진","강우석_강성진"
"강우석",1719165,"하","강신일","강우석_강신일"
"강우석",1719165,"하","이도겸","강우석_이도겸"
"강우석",1719165,"하","엄태웅","강우석_엄태웅"
"강우석",1719165,"하","김강우","강우석_김강우"
"강우석",3350303,"상","정재영","강우석_정재영"
"강우석",3350303,"상","박해일","강우석_박해일"
"강우석",3350303,"상","유준상","강우석_유준상"
"강우석",3350303,"상","유선","강우석_유선"
"강우석",3350303,"상","허준호","강우석_허준호"
"강우석",3350303,"상","유해진","강우석_유해진"
"강우석",3350303,"상","김상호","강우석_김상호"
"강우석",3350303,"상","김준배","강우석_김준배"
"강우석",3350303,"상","강신일","강우석_강신일"
"강우석",3350303,"상","이철민","강우석_이철민"
"강우석",1744585,"하","황정민","강우석_황정민"
"강우석",1744585,"하","유준상","강우석_유준상"
"강우석",1744585,"하","이요원","강우석_이요원"
"강우석",1744585,"하","윤제문","강우석_윤제문"
"강우석",1744585,"하","정웅인","강우석_정웅인"
"강우석",1744585,"하","성지루","강우석_성지루"
"강우석",1744585,"하","지우","강우석_지우"
"강우석",1744585,"하","장영주","강우석_장영주"
"강우석",1744585,"하","장임태","강우석_장임태"
"강우석",1744585,"하","장준석","강우석_장준석"
"강우석",3331593,"상","조재현","강우석_조재현"
"강우석",3331593,"상","안성기","강우석_안성기"
"강우석",3331593,"상","차인표","강우석_차인표"
"강우석",3331593,"상","문성근","강우석_문성근"
"강우석",3331593,"상","김응수","강우석_김응수"
"강우석",3331593,"상","김광일","강우석_김광일"
"강우석",3331593,"상","최종원","강우석_최종원"
"강우석",3331593,"상","최정우","강우석_최정우"
"강우석",3331593,"상","강신일","강우석_강신일"
"강우석",3331593,"상","최창석","강우석_최창석"
"강형철",8223266,"상","차태현","강형철_차태현"
"강형철",8223266,"상","박보영","강형철_박보영"
"강형철",8223266,"상","왕석현","강형철_왕석현"
"강형철",8223266,"상","임지규","강형철_임지규"
"강형철",8223266,"상","황우슬혜","강형철_황우슬혜"
"강형철",8223266,"상","정원중","강형철_정원중"
"강형철",8223266,"상","김기방","강형철_김기방"
"강형철",8223266,"상","김혜진","강형철_김혜진"
"강형철",8223266,"상","노수정","강형철_노수정"
"강형철",8223266,"상","류수경","강형철_류수경"
"강형철",1473125,"하","도경수","강형철_도경수"
"강형철",1473125,"하","박혜수","강형철_박혜수"
"강형철",1473125,"하","자레드 그라임스","강형철_자레드 그라임스"
"강형철",1473125,"하","오정세","강형철_오정세"
"강형철",1473125,"하","김민호","강형철_김민호"
"강형철",1473125,"하","강성호","강형철_강성호"
"강형철",1473125,"하","고창희","강형철_고창희"
"강형철",1473125,"하","김건우","강형철_김건우"
"강형철",1473125,"하","김동현","강형철_김동현"
"강형철",1473125,"하","김민재","강형철_김민재"
"강형철",7362789,"상","유호정","강형철_유호정"
"강형철",7362789,"상","심은경","강형철_심은경"
"강형철",7362789,"상","강소라","강형철_강소라"
"강형철",7362789,"상","고수희","강형철_고수희"
"강형철",7362789,"상","홍진희","강형철_홍진희"
"강형철",7362789,"상","강지원","강형철_강지원"
"강형철",7362789,"상","김민영","강형철_김민영"
"강형철",7362789,"상","김선경","강형철_김선경"
"강형철",7362789,"상","진희경","강형철_진희경"
"강형철",7362789,"상","김보미","강형철_김보미"
"강형철",90562,"하","고수희","강형철_고수희"
"강형철",90562,"하","김민영","강형철_김민영"
"강형철",90562,"하","김선경","강형철_김선경"
"강형철",90562,"하","심은경","강형철_심은경"
"강형철",90562,"하","진희경","강형철_진희경"
"강형철",90562,"하","홍진희","강형철_홍진희"
"강형철",90562,"하","민효린","강형철_민효린"
"강형철",90562,"하","김보미","강형철_김보미"
"강형철",90562,"하","이연경","강형철_이연경"
"강형철",90562,"하","강소라","강형철_강소라"
"강형철",4015361,"상","최승현","강형철_최승현"
"강형철",4015361,"상","신세경","강형철_신세경"
"강형철",4015361,"상","곽도원","강형철_곽도원"
"강형철",4015361,"상","유해진","강형철_유해진"
"강형철",4015361,"상","김윤석","강형철_김윤석"
"강형철",4015361,"상","이하늬","강형철_이하늬"
"강형철",4015361,"상","김인권","강형철_김인권"
"강형철",4015361,"상","이경영","강형철_이경영"
"강형철",4015361,"상","고수희","강형철_고수희"
"강형철",4015361,"상","오정세","강형철_오정세"
"김성훈",7817654,"상","이재남","김성훈_이재남"
"김성훈",7817654,"상","현빈","김성훈_현빈"
"김성훈",7817654,"상","유해진","김성훈_유해진"
"김성훈",7817654,"상","김주혁","김성훈_김주혁"
"김성훈",7817654,"상","장영남","김성훈_장영남"
"김성훈",7817654,"상","이해영","김성훈_이해영"
"김성훈",7817654,"상","임윤아","김성훈_임윤아"
"김성훈",7817654,"상","이동휘","김성훈_이동휘"
"김성훈",7817654,"상","박형수","김성훈_박형수"
"김성훈",7817654,"상","서은지","김성훈_서은지"
"김성훈",3450305,"상","이선균","김성훈_이선균"
"김성훈",3450305,"상","조진웅","김성훈_조진웅"
"김성훈",3450305,"상","신정근","김성훈_신정근"
"김성훈",3450305,"상","정만식","김성훈_정만식"
"김성훈",3450305,"상","신동미","김성훈_신동미"
"김성훈",3450305,"상","김동영","김성훈_김동영"
"김성훈",3450305,"상","박보검","김성훈_박보검"
"김성훈",3450305,"상","박진성","김성훈_박진성"
"김성훈",3450305,"상","정하철","김성훈_정하철"
"김성훈",3450305,"상","윤종현","김성훈_윤종현"
"김성훈",186078,"하","김래원","김성훈_김래원"
"김성훈",186078,"하","지대한","김성훈_지대한"
"김성훈",186078,"하","이성민","김성훈_이성민"
"김성훈",186078,"하","조안","김성훈_조안"
"김성훈",186078,"하","이광수","김성훈_이광수"
"김성훈",186078,"하","이청미","김성훈_이청미"
"김성훈",186078,"하","이효선","김성훈_이효선"
"김성훈",186078,"하","조선아","김성훈_조선아"
"김성훈",186078,"하","최지연","김성훈_최지연"
"김성훈",186078,"하","김원해","김성훈_김원해"
"김성훈",499612,"하","백윤식","김성훈_백윤식"
"김성훈",499612,"하","이혜영","김성훈_이혜영"
"김성훈",499612,"하","봉태규","김성훈_봉태규"
"김성훈",499612,"하","박재현","김성훈_박재현"
"김성훈",499612,"하","김도연","김성훈_김도연"
"김성훈",499612,"하","홍성민","김성훈_홍성민"
"김성훈",499612,"하","조우진","김성훈_조우진"
"김성훈",499612,"하","황인옥","김성훈_황인옥"
"김성훈",499612,"하","한승룡","김성훈_한승룡"
"김성훈",499612,"하","문제수","김성훈_문제수"
"김성훈",1599598,"하","현빈","김성훈_현빈"
"김성훈",1599598,"하","장유화","김성훈_장유화"
"김성훈",1599598,"하","장동건","김성훈_장동건"
"김성훈",1599598,"하","조우진","김성훈_조우진"
"김성훈",1599598,"하","정만식","김성훈_정만식"
"김성훈",1599598,"하","이선빈","김성훈_이선빈"
"김성훈",1599598,"하","김의성","김성훈_김의성"
"김성훈",1599598,"하","조달환","김성훈_조달환"
"김성훈",1599598,"하","박진우","김성훈_박진우"
"김성훈",1599598,"하","서지혜","김성훈_서지혜"
"김성훈",7120780,"상","하정우","김성훈_하정우"
"김성훈",7120780,"상","배두나","김성훈_배두나"
"김성훈",7120780,"상","오달수","김성훈_오달수"
"김성훈",7120780,"상","김종수","김성훈_김종수"
"김성훈",7120780,"상","임한빈","김성훈_임한빈"
"김성훈",7120780,"상","정민희","김성훈_정민희"
"김성훈",7120780,"상","송민석","김성훈_송민석"
"김성훈",7120780,"상","윤성민","김성훈_윤성민"
"김성훈",7120780,"상","이동진","김성훈_이동진"
"김성훈",7120780,"상","이상희","김성훈_이상희"
"윤종빈",4975517,"상","황정민","윤종빈_황정민"
"윤종빈",4975517,"상","이성민","윤종빈_이성민"
"윤종빈",4975517,"상","조진웅","윤종빈_조진웅"
"윤종빈",4975517,"상","주지훈","윤종빈_주지훈"
"윤종빈",4975517,"상","김대현","윤종빈_김대현"
"윤종빈",4975517,"상","이경호","윤종빈_이경호"
"윤종빈",4975517,"상","이기용","윤종빈_이기용"
"윤종빈",4975517,"상","이동희","윤종빈_이동희"
"윤종빈",4975517,"상","이상원","윤종빈_이상원"
"윤종빈",4975517,"상","이상현","윤종빈_이상현"
"윤종빈",4775441,"상","하정우","윤종빈_하정우"
"윤종빈",4775441,"상","강동원","윤종빈_강동원"
"윤종빈",4775441,"상","최귀화","윤종빈_최귀화"
"윤종빈",4775441,"상","이성민","윤종빈_이성민"
"윤종빈",4775441,"상","조진웅","윤종빈_조진웅"
"윤종빈",4775441,"상","마동석","윤종빈_마동석"
"윤종빈",4775441,"상","윤지혜","윤종빈_윤지혜"
"윤종빈",4775441,"상","정만식","윤종빈_정만식"
"윤종빈",4775441,"상","김성균","윤종빈_김성균"
"윤종빈",4775441,"상","김재영","윤종빈_김재영"
"윤종빈",4720050,"상","최민식","윤종빈_최민식"
"윤종빈",4720050,"상","하정우","윤종빈_하정우"
"윤종빈",4720050,"상","조진웅","윤종빈_조진웅"
"윤종빈",4720050,"상","마동석","윤종빈_마동석"
"윤종빈",4720050,"상","곽도원","윤종빈_곽도원"
"윤종빈",4720050,"상","김성균","윤종빈_김성균"
"윤종빈",4720050,"상","박성광","윤종빈_박성광"
"윤종빈",4720050,"상","이철민","윤종빈_이철민"
"윤종빈",4720050,"상","임자연","윤종빈_임자연"
"윤종빈",4720050,"상","임헌호","윤종빈_임헌호"
"윤종빈",10700,"하","서장원","윤종빈_서장원"
"윤종빈",10700,"하","하정우","윤종빈_하정우"
"윤종빈",10700,"하","윤종빈","윤종빈_윤종빈"
"윤종빈",10700,"하","손상범","윤종빈_손상범"
"윤종빈",10700,"하","한승주","윤종빈_한승주"
"윤종빈",10700,"하","서민교","윤종빈_서민교"
"윤종빈",10700,"하","구성모","윤종빈_구성모"
"윤종빈",10700,"하","이영기","윤종빈_이영기"
"윤종빈",10700,"하","이혜민","윤종빈_이혜민"
"윤종빈",10700,"하","윤부희","윤종빈_윤부희"
"이석훈",4058225,"상","황정민","이석훈_황정민"
"이석훈",4058225,"상","엄정화","이석훈_엄정화"
"이석훈",4058225,"상","정성화","이석훈_정성화"
"이석훈",4058225,"상","오나라","이석훈_오나라"
"이석훈",4058225,"상","박정민","이석훈_박정민"
"이석훈",4058225,"상","박사랑","이석훈_박사랑"
"이석훈",4058225,"상","임호걸","이석훈_임호걸"
"이석훈",4058225,"상","정원영","이석훈_정원영"
"이석훈",4058225,"상","이정건","이석훈_이정건"
"이석훈",4058225,"상","안은정","이석훈_안은정"
"이석훈",700417,"하","봉태규","이석훈_봉태규"
"이석훈",700417,"하","정려원","이석훈_정려원"
"이석훈",700417,"하","진태현","이석훈_진태현"
"이석훈",700417,"하","김혜옥","이석훈_김혜옥"
"이석훈",700417,"하","이영아","이석훈_이영아"
"이석훈",700417,"하","강병조","이석훈_강병조"
"이석훈",700417,"하","조달환","이석훈_조달환"
"이석훈",700417,"하","임성찬","이석훈_임성찬"
"이석훈",700417,"하","임형국","이석훈_임형국"
"이석훈",700417,"하","이혜은","이석훈_이혜은"
"이석훈",773042,"하","봉태규","이석훈_봉태규"
"이석훈",773042,"하","진태현","이석훈_진태현"
"이석훈",773042,"하","최은주","이석훈_최은주"
"이석훈",773042,"하","정대훈","이석훈_정대훈"
"이석훈",773042,"하","조민주","이석훈_조민주"
"이석훈",773042,"하","채현주","이석훈_채현주"
"이석훈",773042,"하","유지혁","이석훈_유지혁"
"이석훈",773042,"하","최수진","이석훈_최수진"
"이석훈",773042,"하","김정수","이석훈_김정수"
"이석훈",773042,"하","이용규","이석훈_이용규"
"이석훈",8666208,"상","김남길","이석훈_김남길"
"이석훈",8666208,"상","손예진","이석훈_손예진"
"이석훈",8666208,"상","유해진","이석훈_유해진"
"이석훈",8666208,"상","김대윤","이석훈_김대윤"
"이석훈",8666208,"상","이경영","이석훈_이경영"
"이석훈",8666208,"상","오달수","이석훈_오달수"
"이석훈",8666208,"상","김태우","이석훈_김태우"
"이석훈",8666208,"상","박철민","이석훈_박철민"
"이석훈",8666208,"상","신정근","이석훈_신정근"
"이석훈",8666208,"상","김원해","이석훈_김원해"
"이석훈",7759761,"상","황정민","이석훈_황정민"
"이석훈",7759761,"상","정우","이석훈_정우"
"이석훈",7759761,"상","조성하","이석훈_조성하"
"이석훈",7759761,"상","김인권","이석훈_김인권"
"이석훈",7759761,"상","라미란","이석훈_라미란"
"이석훈",7759761,"상","김원해","이석훈_김원해"
"이석훈",7759761,"상","이해영","이석훈_이해영"
"이석훈",7759761,"상","전배수","이석훈_전배수"
"이석훈",7759761,"상","정유미","이석훈_정유미"
"이석훈",7759761,"상","유선","이석훈_유선"
"황동혁",3849129,"상","이병헌","황동혁_이병헌"
"황동혁",3849129,"상","김윤석","황동혁_김윤석"
"황동혁",3849129,"상","박해일","황동혁_박해일"
"황동혁",3849129,"상","고수","황동혁_고수"
"황동혁",3849129,"상","박희순","황동혁_박희순"
"황동혁",3849129,"상","조우진","황동혁_조우진"
"황동혁",3849129,"상","박주운","황동혁_박주운"
"황동혁",3849129,"상","박지원","황동혁_박지원"
"황동혁",3849129,"상","백동현","황동혁_백동현"
"황동혁",3849129,"상","서병철","황동혁_서병철"
"황동혁",4662829,"상","정유미","황동혁_정유미"
"황동혁",4662829,"상","공유","황동혁_공유"
"황동혁",4662829,"상","허재호","황동혁_허재호"
"황동혁",4662829,"상","송은정","황동혁_송은정"
"황동혁",4662829,"상","임현성","황동혁_임현성"
"황동혁",4662829,"상","최진호","황동혁_최진호"
"황동혁",4662829,"상","박진우","황동혁_박진우"
"황동혁",4662829,"상","이금용","황동혁_이금용"
"황동혁",4662829,"상","배정민","황동혁_배정민"
"황동혁",4662829,"상","김봉화","황동혁_김봉화"
"황동혁",901055,"하","김영철","황동혁_김영철"
"황동혁",901055,"하","다니엘 헤니","황동혁_다니엘 헤니"
"황동혁",901055,"하","안석환","황동혁_안석환"
"황동혁",901055,"하","최정원","황동혁_최정원"
"황동혁",901055,"하","김인권","황동혁_김인권"
"황동혁",901055,"하","송수연","황동혁_송수연"
"황동혁",901055,"하","김희준","황동혁_김희준"
"황동혁",901055,"하","이태금","황동혁_이태금"
"황동혁",901055,"하","이건문","황동혁_이건문"
"황동혁",901055,"하","최창환","황동혁_최창환"
"황동혁",8658800,"상","심은경","황동혁_심은경"
"황동혁",8658800,"상","나문희","황동혁_나문희"
"황동혁",8658800,"상","박인환","황동혁_박인환"
"황동혁",8658800,"상","성동일","황동혁_성동일"
"황동혁",8658800,"상","이진욱","황동혁_이진욱"
"황동혁",8658800,"상","김현숙","황동혁_김현숙"
"황동혁",8658800,"상","황정민","황동혁_황정민"
"황동혁",8658800,"상","김슬기","황동혁_김슬기"
"황동혁",8658800,"상","박형우","황동혁_박형우"
"황동혁",8658800,"상","신재훈","황동혁_신재훈"
"김병서",5508017,"상","설경구","김병서_설경구"
"김병서",5508017,"상","서지원","김병서_서지원"
"김병서",5508017,"상","정우성","김병서_정우성"
"김병서",5508017,"상","한효주","김병서_한효주"
"김병서",5508017,"상","진경","김병서_진경"
"김병서",5508017,"상","이준호","김병서_이준호"
"김병서",5508017,"상","임달화","김병서_임달화"
"김병서",5508017,"상","손민석","김병서_손민석"
"김병서",5508017,"상","김대진","김병서_김대진"
"김병서",5508017,"상","이태형","김병서_이태형"
"김병서",6290502,"상","이병헌","김병서_이병헌"
"김병서",6290502,"상","하정우","김병서_하정우"
"김병서",6290502,"상","마동석","김병서_마동석"
"김병서",6290502,"상","전혜진","김병서_전혜진"
"김병서",6290502,"상","배수지","김병서_배수지"
"김병서",6290502,"상","손성찬","김병서_손성찬"
"김병서",6290502,"상","서명찬","김병서_서명찬"
"김병서",6290502,"상","양지수","김병서_양지수"
"김병서",6290502,"상","박준영","김병서_박준영"
"김병서",6290502,"상","양대혁","김병서_양대혁"
"김석윤",800083,"하","예지원","김석윤_예지원"
"김석윤",800083,"하","최찬숙","김석윤_최찬숙"
"김석윤",800083,"하","지현우","김석윤_지현우"
"김석윤",800083,"하","김지영","김석윤_김지영"
"김석윤",800083,"하","김혜옥","김석윤_김혜옥"
"김석윤",800083,"하","김호준","김석윤_김호준"
"김석윤",800083,"하","안몽식","김석윤_안몽식"
"김석윤",800083,"하","나현준","김석윤_나현준"
"김석윤",800083,"하","백수진","김석윤_백수진"
"김석윤",800083,"하","전우형","김석윤_전우형"
"김석윤",4786259,"상","김명민","김석윤_김명민"
"김석윤",4786259,"상","김호연","김석윤_김호연"
"김석윤",4786259,"상","한지민","김석윤_한지민"
"김석윤",4786259,"상","오달수","김석윤_오달수"
"김석윤",4786259,"상","김영훈","김석윤_김영훈"
"김석윤",4786259,"상","백성기","김석윤_백성기"
"김석윤",4786259,"상","지승현","김석윤_지승현"
"김석윤",4786259,"상","류현상","김석윤_류현상"
"김석윤",4786259,"상","김경화","김석윤_김경화"
"김석윤",4786259,"상","김탁호","김석윤_김탁호"
"김석윤",3872015,"상","김명민","김석윤_김명민"
"김석윤",3872015,"상","오달수","김석윤_오달수"
"김석윤",3872015,"상","이연희","김석윤_이연희"
"김석윤",3872015,"상","강다현","김석윤_강다현"
"김석윤",3872015,"상","전건익","김석윤_전건익"
"김석윤",3872015,"상","정명철","김석윤_정명철"
"김석윤",3872015,"상","박지선","김석윤_박지선"
"김석윤",3872015,"상","배영민","김석윤_배영민"
"김석윤",3872015,"상","정혜은","김석윤_정혜은"
"김석윤",3872015,"상","조관우","김석윤_조관우"
"김석윤",2444136,"중","김명민","김석윤_김명민"
"김석윤",2444136,"중","오달수","김석윤_오달수"
"김석윤",2444136,"중","김지원","김석윤_김지원"
"김석윤",2444136,"중","김범","김석윤_김범"
"김석윤",2444136,"중","이민기","김석윤_이민기"
"김석윤",2444136,"중","지웅배","김석윤_지웅배"
"김석윤",2444136,"중","이대현","김석윤_이대현"
"김석윤",2444136,"중","이소희","김석윤_이소희"
"김석윤",2444136,"중","이재웅","김석윤_이재웅"
"김석윤",2444136,"중","백승진","김석윤_백승진"
"김용화",8035181,"상","하정우","김용화_하정우"
"김용화",8035181,"상","성동일","김용화_성동일"
"김용화",8035181,"상","김지석","김용화_김지석"
"김용화",8035181,"상","김동욱","김용화_김동욱"
"김용화",8035181,"상","최재환","김용화_최재환"
"김용화",8035181,"상","이재응","김용화_이재응"
"김용화",8035181,"상","이은성","김용화_이은성"
"김용화",8035181,"상","이한위","김용화_이한위"
"김용화",8035181,"상","이혜숙","김용화_이혜숙"
"김용화",8035181,"상","김지영","김용화_김지영"
"김용화",357436,"하","하정우","김용화_하정우"
"김용화",357436,"하","성동일","김용화_성동일"
"김용화",357436,"하","김지석","김용화_김지석"
"김용화",357436,"하","김동욱","김용화_김동욱"
"김용화",6081480,"상","김아중","김용화_김아중"
"김용화",6081480,"상","주진모","김용화_주진모"
"김용화",6081480,"상","김현숙","김용화_김현숙"
"김용화",6081480,"상","신미영","김용화_신미영"
"김용화",6081480,"상","김원","김용화_김원"
"김용화",6081480,"상","조아영","김용화_조아영"
"김용화",6081480,"상","신정원","김용화_신정원"
"김용화",6081480,"상","차원호","김용화_차원호"
"김용화",6081480,"상","원동연","김용화_원동연"
"김용화",6081480,"상","이보라","김용화_이보라"
"김용화",1328888,"하","서교","김용화_서교"
"김용화",1328888,"하","성동일","김용화_성동일"
"김용화",1328888,"하","이훈민","김용화_이훈민"
"김용화",1328888,"하","임동욱","김용화_임동욱"
"김용화",1328888,"하","임승묵","김용화_임승묵"
"김용화",1328888,"하","임왕섭","김용화_임왕섭"
"김용화",1328888,"하","천재성","김용화_천재성"
"김용화",1328888,"하","최인호","김용화_최인호"
"김용화",1328888,"하","박정훈","김용화_박정훈"
"김용화",1328888,"하","배지현","김용화_배지현"
"김용화",12276350,"상","하정우","김용화_하정우"
"김용화",12276350,"상","주지훈","김용화_주지훈"
"김용화",12276350,"상","김향기","김용화_김향기"
"김용화",12276350,"상","마동석","김용화_마동석"
"김용화",12276350,"상","김동욱","김용화_김동욱"
"김용화",12276350,"상","이정재","김용화_이정재"
"김용화",12276350,"상","김기태","김용화_김기태"
"김용화",12276350,"상","오희준","김용화_오희준"
"김용화",12276350,"상","도경수","김용화_도경수"
"김용화",12276350,"상","이준혁","김용화_이준혁"
"김용화",14411775,"상","하정우","김용화_하정우"
"김용화",14411775,"상","차태현","김용화_차태현"
"김용화",14411775,"상","주지훈","김용화_주지훈"
"김용화",14411775,"상","김향기","김용화_김향기"
"김용화",14411775,"상","마동석","김용화_마동석"
"김용화",14411775,"상","김동욱","김용화_김동욱"
"김용화",14411775,"상","도경수","김용화_도경수"
"김용화",14411775,"상","오달수","김용화_오달수"
"김용화",14411775,"상","임원희","김용화_임원희"
"김용화",14411775,"상","장광","김용화_장광"
"김지운",1112734,"하","이병헌","김지운_이병헌"
"김지운",1112734,"하","김영철","김지운_김영철"
"김지운",1112734,"하","신민아","김지운_신민아"
"김지운",1112734,"하","김뢰하","김지운_김뢰하"
"김지운",1112734,"하","이기영","김지운_이기영"
"김지운",1112734,"하","오달수","김지운_오달수"
"김지운",1112734,"하","진구","김지운_진구"
"김지운",1112734,"하","정유미","김지운_정유미"
"김지운",1112734,"하","허명행","김지운_허명행"
"김지운",1112734,"하","손정민","김지운_손정민"
"김지운",7500457,"상","송강호","김지운_송강호"
"김지운",7500457,"상","공유","김지운_공유"
"김지운",7500457,"상","한지민","김지운_한지민"
"김지운",7500457,"상","츠루미 신고","김지운_츠루미 신고"
"김지운",7500457,"상","엄태구","김지운_엄태구"
"김지운",7500457,"상","신성록","김지운_신성록"
"김지운",7500457,"상","서영주","김지운_서영주"
"김지운",7500457,"상","박민우","김지운_박민우"
"김지운",7500457,"상","이진한","김지운_이진한"
"김지운",7500457,"상","이진한","김지운_이진한"
"김지운",1817063,"하","구용완","김지운_구용완"
"김지운",1817063,"하","이병헌","김지운_이병헌"
"김지운",1817063,"하","최민식","김지운_최민식"
"김지운",1817063,"하","조승민","김지운_조승민"
"김지운",1817063,"하","신정훈","김지운_신정훈"
"김지운",1817063,"하","이준혁","김지운_이준혁"
"김지운",1817063,"하","김인서","김지운_김인서"
"김지운",1817063,"하","남보라","김지운_남보라"
"김지운",1817063,"하","최문숙","김지운_최문숙"
"김지운",1817063,"하","박미선","김지운_박미선"
"김지운",899029,"하","강동원","김지운_강동원"
"김지운",899029,"하","한효주","김지운_한효주"
"김지운",899029,"하","김지아","김지운_김지아"
"김지운",899029,"하","정우성","김지운_정우성"
"김지운",899029,"하","김무열","김지운_김무열"
"김지운",899029,"하","최민호","김지운_최민호"
"김지운",899029,"하","한예리","김지운_한예리"
"김지운",899029,"하","신은수","김지운_신은수"
"김지운",899029,"하","허준호","김지운_허준호"
"김지운",899029,"하","문예원","김지운_문예원"
"김지운",97916,"하","류승범","김지운_류승범"
"김지운",97916,"하","김강우","김지운_김강우"
"김지운",97916,"하","송새벽","김지운_송새벽"
"김지운",97916,"하","송영창","김지운_송영창"
"김지운",97916,"하","김규리","김지운_김규리"
"김지운",97916,"하","고준희","김지운_고준희"
"김지운",97916,"하","진지희","김지운_진지희"
"김지운",97916,"하","류승수","김지운_류승수"
"김지운",97916,"하","윤세아","김지운_윤세아"
"김지운",97916,"하","조윤희","김지운_조윤희"
"김지운",6685845,"상","송강호","김지운_송강호"
"김지운",6685845,"상","이병헌","김지운_이병헌"
"김지운",6685845,"상","정우성","김지운_정우성"
"김지운",6685845,"상","오달수","김지운_오달수"
"김지운",6685845,"상","엄지원","김지운_엄지원"
"김지운",6685845,"상","김광일","김지운_김광일"
"김지운",6685845,"상","손병호","김지운_손병호"
"김지운",6685845,"상","이청아","김지운_이청아"
"김지운",6685845,"상","김선영","김지운_김선영"
"김지운",6685845,"상","성정훈","김지운_성정훈"
"김지훈",2242510,"중","하지원","김지훈_하지원"
"김지훈",2242510,"중","박철민","김지훈_박철민"
"김지훈",2242510,"중","김성태","김지훈_김성태"
"김지훈",2242510,"중","차예련","김지훈_차예련"
"김지훈",2242510,"중","이한위","김지훈_이한위"
"김지훈",2242510,"중","오지호","김지훈_오지호"
"김지훈",2242510,"중","송새벽","김지훈_송새벽"
"김지훈",2242510,"중","안성기","김지훈_안성기"
"김지훈",2242510,"중","박원희","김지훈_박원희"
"김지훈",2242510,"중","김형석","김지훈_김형석"
"김지훈",425725,"하","김윤태","김지훈_김윤태"
"김지훈",425725,"하","차인표","김지훈_차인표"
"김지훈",425725,"하","조재현","김지훈_조재현"
"김지훈",425725,"하","김현정","김지훈_김현정"
"김지훈",425725,"하","송선미","김지훈_송선미"
"김지훈",425725,"하","박원서","김지훈_박원서"
"김지훈",425725,"하","방선진","김지훈_방선진"
"김지훈",425725,"하","문양식","김지훈_문양식"
"김지훈",425725,"하","김선애","김지훈_김선애"
"김지훈",425725,"하","유은아","김지훈_유은아"
"김지훈",5181014,"상","설경구","김지훈_설경구"
"김지훈",5181014,"상","손예진","김지훈_손예진"
"김지훈",5181014,"상","김상경","김지훈_김상경"
"김지훈",5181014,"상","김인권","김지훈_김인권"
"김지훈",5181014,"상","도지한","김지훈_도지한"
"김지훈",5181014,"상","안성기","김지훈_안성기"
"김지훈",5181014,"상","이한위","김지훈_이한위"
"김지훈",5181014,"상","김성오","김지훈_김성오"
"김지훈",5181014,"상","송재호","김지훈_송재호"
"김지훈",5181014,"상","차인표","김지훈_차인표"
"김지훈",6855314,"상","김상경","김지훈_김상경"
"김지훈",6855314,"상","이창민","김지훈_이창민"
"김지훈",6855314,"상","안성기","김지훈_안성기"
"김지훈",6855314,"상","이요원","김지훈_이요원"
"김지훈",6855314,"상","이준기","김지훈_이준기"
"김지훈",6855314,"상","박철민","김지훈_박철민"
"김지훈",6855314,"상","송진호","김지훈_송진호"
"김지훈",6855314,"상","김명훈","김지훈_김명훈"
"김지훈",6855314,"상","신진철","김지훈_신진철"
"김지훈",6855314,"상","황대원","김지훈_황대원"
"나홍진",6879989,"상","곽도원","나홍진_곽도원"
"나홍진",6879989,"상","황정민","나홍진_황정민"
"나홍진",6879989,"상","쿠니무라 준","나홍진_쿠니무라 준"
"나홍진",6879989,"상","천우희","나홍진_천우희"
"나홍진",6879989,"상","김환희","나홍진_김환희"
"나홍진",6879989,"상","허진","나홍진_허진"
"나홍진",6879989,"상","장소연","나홍진_장소연"
"나홍진",6879989,"상","김도윤","나홍진_김도윤"
"나홍진",6879989,"상","손강국","나홍진_손강국"
"나홍진",6879989,"상","전배수","나홍진_전배수"
"나홍진",5046096,"상","김윤석","나홍진_김윤석"
"나홍진",5046096,"상","하정우","나홍진_하정우"
"나홍진",5046096,"상","서영희","나홍진_서영희"
"나홍진",5046096,"상","박효주","나홍진_박효주"
"나홍진",5046096,"상","김유정","나홍진_김유정"
"나홍진",5046096,"상","최정우","나홍진_최정우"
"나홍진",5046096,"상","정인기","나홍진_정인기"
"나홍진",5046096,"상","최지윤","나홍진_최지윤"
"나홍진",5046096,"상","김은성","나홍진_김은성"
"나홍진",5046096,"상","최홍석","나홍진_최홍석"
"나홍진",2260512,"중","김윤석","나홍진_김윤석"
"나홍진",2260512,"중","하정우","나홍진_하정우"
"나홍진",2260512,"중","조성하","나홍진_조성하"
"나홍진",2260512,"중","이철민","나홍진_이철민"
"나홍진",2260512,"중","박윤호","나홍진_박윤호"
"나홍진",2260512,"중","김기석","나홍진_김기석"
"나홍진",2260512,"중","박재홍","나홍진_박재홍"
"나홍진",2260512,"중","안서현","나홍진_안서현"
"나홍진",2260512,"중","박창수","나홍진_박창수"
"나홍진",2260512,"중","노남석","나홍진_노남석"
"류승완",6592151,"상","황정민","류승완_황정민"
"류승완",6592151,"상","김규백","류승완_김규백"
"류승완",6592151,"상","명인호","류승완_명인호"
"류승완",6592151,"상","소지섭","류승완_소지섭"
"류승완",6592151,"상","송중기","류승완_송중기"
"류승완",6592151,"상","이정현","류승완_이정현"
"류승완",6592151,"상","김수안","류승완_김수안"
"류승완",6592151,"상","지웅배","류승완_지웅배"
"류승완",6592151,"상","손용범","류승완_손용범"
"류승완",6592151,"상","박선","류승완_박선"
"류승완",6593,"하","류승룡","류승완_류승룡"
"류승완",6593,"하","정은혜","류승완_정은혜"
"류승완",6593,"하","오태경","류승완_오태경"
"류승완",6593,"하","서주희","류승완_서주희"
"류승완",6593,"하","강관호","류승완_강관호"
"류승완",6593,"하","박영준","류승완_박영준"
"류승완",6593,"하","안길강","류승완_안길강"
"류승완",6593,"하","김수현","류승완_김수현"
"류승완",6593,"하","이도겸","류승완_이도겸"
"류승완",628359,"하","임원희","류승완_임원희"
"류승완",628359,"하","공효진","류승완_공효진"
"류승완",628359,"하","박시연","류승완_박시연"
"류승완",628359,"하","황보라","류승완_황보라"
"류승완",628359,"하","구본웅","류승완_구본웅"
"류승완",628359,"하","김수현","류승완_김수현"
"류승완",628359,"하","김현우","류승완_김현우"
"류승완",628359,"하","이수현","류승완_이수현"
"류승완",628359,"하","류승범","류승완_류승범"
"류승완",628359,"하","강구현","류승완_강구현"
"류승완",7166453,"상","하정우","류승완_하정우"
"류승완",7166453,"상","한석규","류승완_한석규"
"류승완",7166453,"상","류승범","류승완_류승범"
"류승완",7166453,"상","전지현","류승완_전지현"
"류승완",7166453,"상","이경영","류승완_이경영"
"류승완",7166453,"상","최무성","류승완_최무성"
"류승완",7166453,"상","곽도원","류승완_곽도원"
"류승완",7166453,"상","김서형","류승완_김서형"
"류승완",7166453,"상","백승익","류승완_백승익"
"류승완",7166453,"상","배정남","류승완_배정남"
"류승완",13414200,"상","황정민","류승완_황정민"
"류승완",13414200,"상","유아인","류승완_유아인"
"류승완",13414200,"상","유해진","류승완_유해진"
"류승완",13414200,"상","오달수","류승완_오달수"
"류승완",13414200,"상","장윤주","류승완_장윤주"
"류승완",13414200,"상","김시후","류승완_김시후"
"류승완",13414200,"상","오대환","류승완_오대환"
"류승완",13414200,"상","정웅인","류승완_정웅인"
"류승완",13414200,"상","정만식","류승완_정만식"
"류승완",13414200,"상","송영창","류승완_송영창"
"류승완",2722996,"중","황정민","류승완_황정민"
"류승완",2722996,"중","김승훈","류승완_김승훈"
"류승완",2722996,"중","류승범","류승완_류승범"
"류승완",2722996,"중","유해진","류승완_유해진"
"류승완",2722996,"중","천호진","류승완_천호진"
"류승완",2722996,"중","마동석","류승완_마동석"
"류승완",2722996,"중","김원범","류승완_김원범"
"류승완",2722996,"중","최정현","류승완_최정현"
"류승완",2722996,"중","황병국","류승완_황병국"
"류승완",2722996,"중","조준현","류승완_조준현"
"류승완",810406,"하","류승범","류승완_류승범"
"류승완",810406,"하","윤소이","류승완_윤소이"
"류승완",810406,"하","안성기","류승완_안성기"
"류승완",810406,"하","김수현","류승완_김수현"
"류승완",810406,"하","김지영","류승완_김지영"
"류승완",810406,"하","허명행","류승완_허명행"
"류승완",810406,"하","김효선","류승완_김효선"
"류승완",810406,"하","심재원","류승완_심재원"
"류승완",810406,"하","도영훈","류승완_도영훈"
"류승완",810406,"하","이무룡","류승완_이무룡"
"류승완",1462972,"하","최민식","류승완_최민식"
"류승완",1462972,"하","류승범","류승완_류승범"
"류승완",1462972,"하","임원희","류승완_임원희"
"류승완",1462972,"하","변희봉","류승완_변희봉"
"류승완",1462972,"하","나문희","류승완_나문희"
"류승완",1462972,"하","기주봉","류승완_기주봉"
"류승완",1462972,"하","오달수","류승완_오달수"
"류승완",1462972,"하","심재원","류승완_심재원"
"류승완",1462972,"하","권용덕","류승완_권용덕"
"류승완",1462972,"하","서혜린(정희숙)","류승완_서혜린(정희숙)"
"류승완",1021631,"하","김효선","류승완_김효선"
"류승완",1021631,"하","정두홍","류승완_정두홍"
"류승완",1021631,"하","류승완","류승완_류승완"
"류승완",1021631,"하","이범수","류승완_이범수"
"류승완",1021631,"하","김꽃비","류승완_김꽃비"
"류승완",1021631,"하","김동영","류승완_김동영"
"류승완",1021631,"하","김수현","류승완_김수현"
"류승완",1021631,"하","박지환","류승완_박지환"
"류승완",1021631,"하","정희정","류승완_정희정"
"류승완",1021631,"하","조규철","류승완_조규철"
"박정우",97925,"하","이성재","박정우_이성재"
"박정우",97925,"하","박솔미","박정우_박솔미"
"박정우",97925,"하","김수로","박정우_김수로"
"박정우",97925,"하","문정희","박정우_문정희"
"박정우",97925,"하","김동영","박정우_김동영"
"박정우",97925,"하","김미경","박정우_김미경"
"박정우",97925,"하","정종훈","박정우_정종훈"
"박정우",97925,"하","최정우","박정우_최정우"
"박정우",97925,"하","이정인","박정우_이정인"
"박정우",97925,"하","이칸희","박정우_이칸희"
"박정우",328837,"하","감우성","박정우_감우성"
"박정우",328837,"하","김수로","박정우_김수로"
"박정우",328837,"하","이진영","박정우_이진영"
"박정우",328837,"하","이준원","박정우_이준원"
"박정우",328837,"하","최정우","박정우_최정우"
"박정우",328837,"하","김혁","박정우_김혁"
"박정우",328837,"하","최명진","박정우_최명진"
"박정우",328837,"하","조덕현","박정우_조덕현"
"박정우",328837,"하","김영옥","박정우_김영옥"
"박정우",328837,"하","강성진","박정우_강성진"
"박정우",4515833,"상","김명민","박정우_김명민"
"박정우",4515833,"상","강지원","박정우_강지원"
"박정우",4515833,"상","문정희","박정우_문정희"
"박정우",4515833,"상","김동완","박정우_김동완"
"박정우",4515833,"상","이하늬","박정우_이하늬"
"박정우",4515833,"상","강신일","박정우_강신일"
"박정우",4515833,"상","최일화","박정우_최일화"
"박정우",4515833,"상","이행춘","박정우_이행춘"
"박정우",4515833,"상","장형원","박정우_장형원"
"박정우",4515833,"상","정경임","박정우_정경임"
"박정우",4584800,"상","김남길","박정우_김남길"
"박정우",4584800,"상","안대겸","박정우_안대겸"
"박정우",4584800,"상","김영애","박정우_김영애"
"박정우",4584800,"상","문정희","박정우_문정희"
"박정우",4584800,"상","송영재","박정우_송영재"
"박정우",4584800,"상","정진영","박정우_정진영"
"박정우",4584800,"상","이경영","박정우_이경영"
"박정우",4584800,"상","강신일","박정우_강신일"
"박정우",4584800,"상","김대명","박정우_김대명"
"박정우",4584800,"상","유승목","박정우_유승목"
"박찬욱",2205621,"중","송강호","박찬욱_송강호"
"박찬욱",2205621,"중","구용완","박찬욱_구용완"
"박찬욱",2205621,"중","김옥빈","박찬욱_김옥빈"
"박찬욱",2205621,"중","신하균","박찬욱_신하균"
"박찬욱",2205621,"중","김해숙","박찬욱_김해숙"
"박찬욱",2205621,"중","송영창","박찬욱_송영창"
"박찬욱",2205621,"중","오달수","박찬욱_오달수"
"박찬욱",2205621,"중","박인환","박찬욱_박인환"
"박찬욱",2205621,"중","라미란","박찬욱_라미란"
"박찬욱",2205621,"중","손종학","박찬욱_손종학"
"박찬욱",676533,"하","임수정","박찬욱_임수정"
"박찬욱",676533,"하","정지훈","박찬욱_정지훈"
"박찬욱",676533,"하","오달수","박찬욱_오달수"
"박찬욱",676533,"하","김주복","박찬욱_김주복"
"박찬욱",676533,"하","김도연","박찬욱_김도연"
"박찬욱",676533,"하","유호정","박찬욱_유호정"
"박찬욱",676533,"하","천성훈","박찬욱_천성훈"
"박찬욱",676533,"하","박병은","박찬욱_박병은"
"박찬욱",676533,"하","김병옥","박찬욱_김병옥"
"박찬욱",676533,"하","최희진","박찬욱_최희진"
"박찬욱",180377,"하","강혜정","박찬욱_강혜정"
"박찬욱",180377,"하","하세가와 쿄코","박찬욱_하세가와 쿄코"
"박찬욱",180377,"하","이병헌","박찬욱_이병헌"
"박찬욱",180377,"하","임원희","박찬욱_임원희"
"박찬욱",180377,"하","와타베 아츠로","박찬욱_와타베 아츠로"
"박찬욱",180377,"하","양천화","박찬욱_양천화"
"박찬욱",4288530,"상","김민희","박찬욱_김민희"
"박찬욱",4288530,"상","김태리","박찬욱_김태리"
"박찬욱",4288530,"상","하정우","박찬욱_하정우"
"박찬욱",4288530,"상","조진웅","박찬욱_조진웅"
"박찬욱",4288530,"상","김해숙","박찬욱_김해숙"
"박찬욱",4288530,"상","문소리","박찬욱_문소리"
"박찬욱",4288530,"상","최병모","박찬욱_최병모"
"박찬욱",4288530,"상","김인우","박찬욱_김인우"
"박찬욱",4288530,"상","이용녀","박찬욱_이용녀"
"박찬욱",4288530,"상","조은형","박찬욱_조은형"
"박찬욱",3119682,"중","이영애","박찬욱_이영애"
"박찬욱",3119682,"중","최민식","박찬욱_최민식"
"박찬욱",3119682,"중","권예영","박찬욱_권예영"
"박찬욱",3119682,"중","김시후","박찬욱_김시후"
"박찬욱",3119682,"중","남일우","박찬욱_남일우"
"박찬욱",3119682,"중","김병옥","박찬욱_김병옥"
"박찬욱",3119682,"중","오달수","박찬욱_오달수"
"박찬욱",3119682,"중","이승신","박찬욱_이승신"
"박찬욱",3119682,"중","김부선","박찬욱_김부선"
"박찬욱",3119682,"중","라미란","박찬욱_라미란"
"박훈정",1762742,"하","최민식","박훈정_최민식"
"박훈정",1762742,"하","정만식","박훈정_정만식"
"박훈정",1762742,"하","김상호","박훈정_김상호"
"박훈정",1762742,"하","성유빈","박훈정_성유빈"
"박훈정",1762742,"하","오스기 렌","박훈정_오스기 렌"
"박훈정",1762742,"하","정석원","박훈정_정석원"
"박훈정",1762742,"하","김홍파","박훈정_김홍파"
"박훈정",1762742,"하","라미란","박훈정_라미란"
"박훈정",1762742,"하","이나라","박훈정_이나라"
"박훈정",1762742,"하","현승민","박훈정_현승민"
"박훈정",3189091,"중","김다미","박훈정_김다미"
"박훈정",3189091,"중","조민수","박훈정_조민수"
"박훈정",3189091,"중","박희순","박훈정_박희순"
"박훈정",3189091,"중","최우식","박훈정_최우식"
"박훈정",3189091,"중","백승철","박훈정_백승철"
"박훈정",3189091,"중","김하나","박훈정_김하나"
"박훈정",3189091,"중","이강곤","박훈정_이강곤"
"박훈정",3189091,"중","이상용","박훈정_이상용"
"박훈정",3189091,"중","백규현","박훈정_백규현"
"박훈정",3189091,"중","김종면","박훈정_김종면"
"박훈정",1373316,"하","강소백","박훈정_강소백"
"박훈정",1373316,"하","장동건","박훈정_장동건"
"박훈정",1373316,"하","김명민","박훈정_김명민"
"박훈정",1373316,"하","박희순","박훈정_박희순"
"박훈정",1373316,"하","이종석","박훈정_이종석"
"박훈정",1373316,"하","임보라","박훈정_임보라"
"박훈정",1373316,"하","박재웅","박훈정_박재웅"
"박훈정",1373316,"하","박준서","박훈정_박준서"
"박훈정",1373316,"하","박준호","박훈정_박준호"
"박훈정",1373316,"하","신수정","박훈정_신수정"
"박훈정",4682492,"상","이정재","박훈정_이정재"
"박훈정",4682492,"상","최민식","박훈정_최민식"
"박훈정",4682492,"상","황정민","박훈정_황정민"
"박훈정",4682492,"상","박성웅","박훈정_박성웅"
"박훈정",4682492,"상","송지효","박훈정_송지효"
"박훈정",4682492,"상","정영기","박훈정_정영기"
"박훈정",4682492,"상","이경영","박훈정_이경영"
"박훈정",4682492,"상","정군","박훈정_정군"
"박훈정",4682492,"상","정민욱","박훈정_정민욱"
"박훈정",4682492,"상","정종화","박훈정_정종화"
"박훈정",43947,"하","박희순","박훈정_박희순"
"박훈정",43947,"하","진구","박훈정_진구"
"박훈정",43947,"하","고창석","박훈정_고창석"
"박훈정",43947,"하","장희진","박훈정_장희진"
"박훈정",43947,"하","김길동","박훈정_김길동"
"박훈정",43947,"하","권현석","박훈정_권현석"
"박훈정",43947,"하","전국환","박훈정_전국환"
"박훈정",43947,"하","최일화","박훈정_최일화"
"박훈정",43947,"하","최교식","박훈정_최교식"
"봉준호",10917195,"상","송강호","봉준호_송강호"
"봉준호",10917195,"상","변희봉","봉준호_변희봉"
"봉준호",10917195,"상","박해일","봉준호_박해일"
"봉준호",10917195,"상","배두나","봉준호_배두나"
"봉준호",10917195,"상","고아성","봉준호_고아성"
"봉준호",10917195,"상","오달수","봉준호_오달수"
"봉준호",10917195,"상","박노식","봉준호_박노식"
"봉준호",10917195,"상","라미란","봉준호_라미란"
"봉준호",10917195,"상","고수희","봉준호_고수희"
"봉준호",10917195,"상","윤제문","봉준호_윤제문"
"봉준호",10085275,"상","송강호","봉준호_송강호"
"봉준호",10085275,"상","이선균","봉준호_이선균"
"봉준호",10085275,"상","조여정","봉준호_조여정"
"봉준호",10085275,"상","최우식","봉준호_최우식"
"봉준호",10085275,"상","박소담","봉준호_박소담"
"봉준호",10085275,"상","이정은","봉준호_이정은"
"봉준호",10085275,"상","장혜진","봉준호_장혜진"
"봉준호",10085275,"상","박명훈","봉준호_박명훈"
"봉준호",10085275,"상","현승민","봉준호_현승민"
"봉준호",10085275,"상","정현준","봉준호_정현준"
"봉준호",2979254,"중","김혜자","봉준호_김혜자"
"봉준호",2979254,"중","원빈","봉준호_원빈"
"봉준호",2979254,"중","진구","봉준호_진구"
"봉준호",2979254,"중","윤제문","봉준호_윤제문"
"봉준호",2979254,"중","최재원","봉준호_최재원"
"봉준호",2979254,"중","전미선","봉준호_전미선"
"봉준호",2979254,"중","송새벽","봉준호_송새벽"
"봉준호",2979254,"중","천우희","봉준호_천우희"
"봉준호",2979254,"중","정영기","봉준호_정영기"
"봉준호",2979254,"중","이미도","봉준호_이미도"
"봉준호",13,"하","송강호","봉준호_송강호"
"봉준호",13,"하","김상경","봉준호_김상경"
"봉준호",13,"하","김뢰하","봉준호_김뢰하"
"봉준호",13,"하","정인선","봉준호_정인선"
"봉준호",13,"하","한충환","봉준호_한충환"
"봉준호",13,"하","김효성","봉준호_김효성"
"봉준호",13,"하","이강산","봉준호_이강산"
"봉준호",13,"하","김민철","봉준호_김민철"
"봉준호",13,"하","최현기","봉준호_최현기"
"봉준호",13,"하","심성보","봉준호_심성보"
"봉준호",9350323,"상","크리스 에반스","봉준호_크리스 에반스"
"봉준호",9350323,"상","송강호","봉준호_송강호"
"봉준호",9350323,"상","에드 해리스","봉준호_에드 해리스"
"봉준호",9350323,"상","존 허트","봉준호_존 허트"
"봉준호",9350323,"상","틸다 스윈튼","봉준호_틸다 스윈튼"
"봉준호",9350323,"상","제이미 벨","봉준호_제이미 벨"
"봉준호",9350323,"상","옥타비아 스펜서","봉준호_옥타비아 스펜서"
"봉준호",9350323,"상","이완 브렘너","봉준호_이완 브렘너"
"봉준호",9350323,"상","고아성","봉준호_고아성"
"봉준호",9350323,"상","알리슨 필","봉준호_알리슨 필"
"원신연",448161,"하","방중현","원신연_방중현"
"원신연",448161,"하","채민서","원신연_채민서"
"원신연",448161,"하","유선","원신연_유선"
"원신연",448161,"하","류현민","원신연_류현민"
"원신연",448161,"하","서현선","원신연_서현선"
"원신연",448161,"하","이윤희","원신연_이윤희"
"원신연",448161,"하","진용욱","원신연_진용욱"
"원신연",143061,"하","한석규","원신연_한석규"
"원신연",143061,"하","이문식","원신연_이문식"
"원신연",143061,"하","오달수","원신연_오달수"
"원신연",143061,"하","차예련","원신연_차예련"
"원신연",143061,"하","김시후","원신연_김시후"
"원신연",143061,"하","이병준","원신연_이병준"
"원신연",143061,"하","정경호","원신연_정경호"
"원신연",143061,"하","신현탁","원신연_신현탁"
"원신연",143061,"하","천은정","원신연_천은정"
"원신연",143061,"하","진용욱","원신연_진용욱"
"원신연",4787538,"상","유해진","원신연_유해진"
"원신연",4787538,"상","류준열","원신연_류준열"
"원신연",4787538,"상","조우진","원신연_조우진"
"원신연",4787538,"상","키타무라 카즈키","원신연_키타무라 카즈키"
"원신연",4787538,"상","이케우치 히로유키","원신연_이케우치 히로유키"
"원신연",4787538,"상","박지환","원신연_박지환"
"원신연",4787538,"상","최유화","원신연_최유화"
"원신연",4787538,"상","성유빈","원신연_성유빈"
"원신연",4787538,"상","이재인","원신연_이재인"
"원신연",4787538,"상","다이고 코타로","원신연_다이고 코타로"
"원신연",2658589,"중","설경구","원신연_설경구"
"원신연",2658589,"중","김남길","원신연_김남길"
"원신연",2658589,"중","설현","원신연_설현"
"원신연",2658589,"중","오달수","원신연_오달수"
"원신연",2658589,"중","이현명","원신연_이현명"
"원신연",2658589,"중","장정윤","원신연_장정윤"
"원신연",2658589,"중","전동성","원신연_전동성"
"원신연",2658589,"중","전동성","원신연_전동성"
"원신연",2658589,"중","전동성","원신연_전동성"
"원신연",2658589,"중","전승표","원신연_전승표"
"원신연",2958,"하","설경구","원신연_설경구"
"원신연",2958,"하","김남길","원신연_김남길"
"원신연",2958,"하","설현","원신연_설현"
"원신연",2958,"하","오달수","원신연_오달수"
"원신연",2048339,"하","김윤진","원신연_김윤진"
"원신연",2048339,"하","김미숙","원신연_김미숙"
"원신연",2048339,"하","박희순","원신연_박희순"
"원신연",2048339,"하","최명수","원신연_최명수"
"원신연",2048339,"하","장항선","원신연_장항선"
"원신연",2048339,"하","양진우","원신연_양진우"
"원신연",2048339,"하","정동환","원신연_정동환"
"원신연",2048339,"하","이도겸","원신연_이도겸"
"원신연",2048339,"하","조덕현","원신연_조덕현"
"원신연",2048339,"하","서동수","원신연_서동수"
"원신연",4131338,"상","공유","원신연_공유"
"원신연",4131338,"상","박희순","원신연_박희순"
"원신연",4131338,"상","조성하","원신연_조성하"
"원신연",4131338,"상","유다인","원신연_유다인"
"원신연",4131338,"상","김성균","원신연_김성균"
"원신연",4131338,"상","조재윤","원신연_조재윤"
"원신연",4131338,"상","김민재","원신연_김민재"
"원신연",4131338,"상","김의성","원신연_김의성"
"원신연",4131338,"상","송재림","원신연_송재림"
"원신연",4131338,"상","최종률","원신연_최종률"
"이재규",3849552,"상","현빈","이재규_현빈"
"이재규",3849552,"상","정재영","이재규_정재영"
"이재규",3849552,"상","조정석","이재규_조정석"
"이재규",3849552,"상","한지민","이재규_한지민"
"이재규",3849552,"상","조재현","이재규_조재현"
"이재규",3849552,"상","박성웅","이재규_박성웅"
"이재규",3849552,"상","김성령","이재규_김성령"
"이재규",3849552,"상","정은채","이재규_정은채"
"이재규",3849552,"상","강민지","이재규_강민지"
"이재규",3849552,"상","박지혜","이재규_박지혜"
"이재규",5294154,"상","유해진","이재규_유해진"
"이재규",5294154,"상","조진웅","이재규_조진웅"
"이재규",5294154,"상","이서진","이재규_이서진"
"이재규",5294154,"상","염정아","이재규_염정아"
"이재규",5294154,"상","김지수","이재규_김지수"
"이재규",5294154,"상","송하윤","이재규_송하윤"
"이재규",5294154,"상","윤경호","이재규_윤경호"
"이재규",5294154,"상","지우","이재규_지우"
"이재규",5294154,"상","정민규","이재규_정민규"
"이재규",5294154,"상","정지훈","이재규_정지훈"
"이재한",1885827,"하","정우성","이재한_정우성"
"이재한",1885827,"하","손예진","이재한_손예진"
"이재한",1885827,"하","데이비드 맥기니스","이재한_데이비드 맥기니스"
"이재한",1885827,"하","김부선","이재한_김부선"
"이재한",1885827,"하","정광재","이재한_정광재"
"이재한",1885827,"하","최기호","이재한_최기호"
"이재한",1885827,"하","박경진","이재한_박경진"
"이재한",1885827,"하","장재용","이재한_장재용"
"이재한",1885827,"하","전은희","이재한_전은희"
"이재한",1885827,"하","이영필","이재한_이영필"
"이재한",23229,"하","나카야마 미호","이재한_나카야마 미호"
"이재한",23229,"하","니시지마 히데토시","이재한_니시지마 히데토시"
"이재한",23229,"하","이시다 유리코","이재한_이시다 유리코"
"이재한",23229,"하","안성일","이재한_안성일"
"이재한",7050475,"상","김정철","이재한_김정철"
"이재한",7050475,"상","이정재","이재한_이정재"
"이재한",7050475,"상","이범수","이재한_이범수"
"이재한",7050475,"상","리암 니슨","이재한_리암 니슨"
"이재한",7050475,"상","진세연","이재한_진세연"
"이재한",7050475,"상","정준호","이재한_정준호"
"이재한",7050475,"상","박철민","이재한_박철민"
"이재한",7050475,"상","김병옥","이재한_김병옥"
"이재한",7050475,"상","김선아","이재한_김선아"
"이재한",7050475,"상","김영애","이재한_김영애"
"이재한",27070,"하","이정재","이재한_이정재"
"이재한",27070,"하","김정철","이재한_김정철"
"이재한",27070,"하","이범수","이재한_이범수"
"이재한",27070,"하","리암 니슨","이재한_리암 니슨"
"이재한",27070,"하","진세연","이재한_진세연"
"이재한",27070,"하","정준호","이재한_정준호"
"이재한",27070,"하","박철민","이재한_박철민"
"이재한",27070,"하","김병옥","이재한_김병옥"
"이재한",27070,"하","김선아","이재한_김선아"
"이재한",27070,"하","김영애","이재한_김영애"
"이재한",3330326,"상","차승원","이재한_차승원"
"이재한",3330326,"상","권상우","이재한_권상우"
"이재한",3330326,"상","최승현","이재한_최승현"
"이재한",3330326,"상","김승우","이재한_김승우"
"이재한",3330326,"상","김혜성","이재한_김혜성"
"이재한",3330326,"상","신현탁","이재한_신현탁"
"이재한",3330326,"상","문재원","이재한_문재원"
"이재한",3330326,"상","김득겸","이재한_김득겸"
"이재한",3330326,"상","신경선","이재한_신경선"
"이재한",3330326,"상","추종범","이재한_추종범"
"조범구",338737,"하","박건형","조범구_박건형"
"조범구",338737,"하","송요셉","조범구_송요셉"
"조범구",338737,"하","이천희","조범구_이천희"
"조범구",338737,"하","김수현","조범구_김수현"
"조범구",338737,"하","MC 몽","조범구_MC 몽"
"조범구",338737,"하","김종태","조범구_김종태"
"조범구",338737,"하","오달수","조범구_오달수"
"조범구",338737,"하","황규택","조범구_황규택"
"조범구",338737,"하","박찬희","조범구_박찬희"
"조범구",338737,"하","김세환","조범구_김세환"
"조범구",3566852,"상","정우성","조범구_정우성"
"조범구",3566852,"상","안성기","조범구_안성기"
"조범구",3566852,"상","이범수","조범구_이범수"
"조범구",3566852,"상","김인권","조범구_김인권"
"조범구",3566852,"상","이시영","조범구_이시영"
"조범구",3566852,"상","안길강","조범구_안길강"
"조범구",3566852,"상","최진혁","조범구_최진혁"
"조범구",3566852,"상","홍성덕","조범구_홍성덕"
"조범구",3566852,"상","정윤선","조범구_정윤선"
"조범구",3566852,"상","강다혜","조범구_강다혜"
"조범구",3125069,"중","이새별","조범구_이새별"
"조범구",3125069,"중","고창석","조범구_고창석"
"조범구",3125069,"중","강예원","조범구_강예원"
"조범구",3125069,"중","이민기","조범구_이민기"
"조범구",3125069,"중","김인권","조범구_김인권"
"조범구",3125069,"중","김원영","조범구_김원영"
"조범구",3125069,"중","홍승록","조범구_홍승록"
"조범구",3125069,"중","박은영","조범구_박은영"
"조범구",3125069,"중","조용진","조범구_조용진"
"조범구",3125069,"중","김은옥","조범구_김은옥"
"조의석",5508017,"상","설경구","조의석_설경구"
"조의석",5508017,"상","서지원","조의석_서지원"
"조의석",5508017,"상","정우성","조의석_정우성"
"조의석",5508017,"상","한효주","조의석_한효주"
"조의석",5508017,"상","진경","조의석_진경"
"조의석",5508017,"상","이준호","조의석_이준호"
"조의석",5508017,"상","임달화","조의석_임달화"
"조의석",5508017,"상","손민석","조의석_손민석"
"조의석",5508017,"상","김대진","조의석_김대진"
"조의석",5508017,"상","이태형","조의석_이태형"
"조의석",7150586,"상","이병헌","조의석_이병헌"
"조의석",7150586,"상","강동원","조의석_강동원"
"조의석",7150586,"상","김우빈","조의석_김우빈"
"조의석",7150586,"상","엄지원","조의석_엄지원"
"조의석",7150586,"상","박해수","조의석_박해수"
"조의석",7150586,"상","오달수","조의석_오달수"
"조의석",7150586,"상","진경","조의석_진경"
"조의석",7150586,"상","김정우","조의석_김정우"
"조의석",7150586,"상","장한별","조의석_장한별"
"조의석",7150586,"상","이승용","조의석_이승용"
"조의석",161142,"하","김상경","조의석_김상경"
"조의석",161142,"하","박용우","조의석_박용우"
"조의석",161142,"하","한보배","조의석_한보배"
"조의석",161142,"하","장재영","조의석_장재영"
"조의석",161142,"하","강남미","조의석_강남미"
"조의석",161142,"하","송민주","조의석_송민주"
"조의석",161142,"하","김효주","조의석_김효주"
"조의석",161142,"하","정일우","조의석_정일우"
"조의석",161142,"하","박정환","조의석_박정환"
"조의석",161142,"하","박준영","조의석_박준영"
"최동훈",12983330,"상","김윤석","최동훈_김윤석"
"최동훈",12983330,"상","김혜수","최동훈_김혜수"
"최동훈",12983330,"상","이정재","최동훈_이정재"
"최동훈",12983330,"상","전지현","최동훈_전지현"
"최동훈",12983330,"상","임달화","최동훈_임달화"
"최동훈",12983330,"상","김해숙","최동훈_김해숙"
"최동훈",12983330,"상","오달수","최동훈_오달수"
"최동훈",12983330,"상","김수현","최동훈_김수현"
"최동훈",12983330,"상","이심결","최동훈_이심결"
"최동훈",12983330,"상","증국상","최동훈_증국상"
"최동훈",942236,"하","김윤석","최동훈_김윤석"
"최동훈",942236,"하","박신양","최동훈_박신양"
"최동훈",942236,"하","주진모","최동훈_주진모"
"최동훈",942236,"하","염정아","최동훈_염정아"
"최동훈",942236,"하","이기철","최동훈_이기철"
"최동훈",942236,"하","백윤식","최동훈_백윤식"
"최동훈",942236,"하","이문식","최동훈_이문식"
"최동훈",942236,"하","천호진","최동훈_천호진"
"최동훈",942236,"하","박원상","최동훈_박원상"
"최동훈",942236,"하","김상호","최동훈_김상호"
"최동훈",12706483,"상","전지현","최동훈_전지현"
"최동훈",12706483,"상","이정재","최동훈_이정재"
"최동훈",12706483,"상","하정우","최동훈_하정우"
"최동훈",12706483,"상","오달수","최동훈_오달수"
"최동훈",12706483,"상","조진웅","최동훈_조진웅"
"최동훈",12706483,"상","이경영","최동훈_이경영"
"최동훈",12706483,"상","최덕문","최동훈_최덕문"
"최동훈",12706483,"상","김의성","최동훈_김의성"
"최동훈",12706483,"상","박병은","최동훈_박병은"
"최동훈",12706483,"상","김홍파","최동훈_김홍파"
"최동훈",6065369,"상","강동원","최동훈_강동원"
"최동훈",6065369,"상","임수정","최동훈_임수정"
"최동훈",6065369,"상","김윤석","최동훈_김윤석"
"최동훈",6065369,"상","유해진","최동훈_유해진"
"최동훈",6065369,"상","염정아","최동훈_염정아"
"최동훈",6065369,"상","김시권","최동훈_김시권"
"최동훈",6065369,"상","주진모","최동훈_주진모"
"최동훈",6065369,"상","김효진","최동훈_김효진"
"최동훈",6065369,"상","강동균","최동훈_강동균"
"최동훈",6065369,"상","정혜란","최동훈_정혜란"
"최동훈",5685521,"상","조승우","최동훈_조승우"
"최동훈",5685521,"상","김혜수","최동훈_김혜수"
"최동훈",5685521,"상","백윤식","최동훈_백윤식"
"최동훈",5685521,"상","유해진","최동훈_유해진"
"최동훈",5685521,"상","김응수","최동훈_김응수"
"최동훈",5685521,"상","김상호","최동훈_김상호"
"최동훈",5685521,"상","김윤석","최동훈_김윤석"
"최동훈",5685521,"상","주진모","최동훈_주진모"
"최동훈",5685521,"상","이수경","최동훈_이수경"
"최동훈",5685521,"상","김정난","최동훈_김정난"
"한재림",9135802,"상","송강호","한재림_송강호"
"한재림",9135802,"상","이정재","한재림_이정재"
"한재림",9135802,"상","백윤식","한재림_백윤식"
"한재림",9135802,"상","조정석","한재림_조정석"
"한재림",9135802,"상","이종석","한재림_이종석"
"한재림",9135802,"상","김혜수","한재림_김혜수"
"한재림",9135802,"상","신기원","한재림_신기원"
"한재림",9135802,"상","윤종구","한재림_윤종구"
"한재림",9135802,"상","윤희원","한재림_윤희원"
"한재림",9135802,"상","이도엽","한재림_이도엽"
"한재림",5317959,"상","조인성","한재림_조인성"
"한재림",5317959,"상","정우성","한재림_정우성"
"한재림",5317959,"상","배성우","한재림_배성우"
"한재림",5317959,"상","김아중","한재림_김아중"
"한재림",5317959,"상","류준열","한재림_류준열"
"한재림",5317959,"상","김의성","한재림_김의성"
"한재림",5317959,"상","김민재","한재림_김민재"
"한재림",5317959,"상","정성모","한재림_정성모"
"한재림",5317959,"상","정은채","한재림_정은채"
"한재림",5317959,"상","김소진","한재림_김소진"
"한재림",1524898,"하","강혜정","한재림_강혜정"
"한재림",1524898,"하","박해일","한재림_박해일"
"한재림",1524898,"하","이대연","한재림_이대연"
"한재림",1524898,"하","박그리나","한재림_박그리나"
"한재림",1524898,"하","이현정","한재림_이현정"
"한재림",1524898,"하","박준명","한재림_박준명"
"한재림",1524898,"하","박혜영","한재림_박혜영"
"한재림",1524898,"하","김기형","한재림_김기형"
"한재림",1524898,"하","장준영","한재림_장준영"
"한재림",1524898,"하","이은숙","한재림_이은숙"
"한재림",960658,"하","송강호","한재림_송강호"
"한재림",960658,"하","박지영","한재림_박지영"
"한재림",960658,"하","오달수","한재림_오달수"
"한재림",960658,"하","김혜진","한재림_김혜진"
"한재림",960658,"하","최재연","한재림_최재연"
"한재림",960658,"하","박은미","한재림_박은미"
"한재림",960658,"하","김소은","한재림_김소은"
"한재림",960658,"하","조학현","한재림_조학현"
"한재림",960658,"하","박현아","한재림_박현아"
"한재림",960658,"하","배수만","한재림_배수만"
"강대규",3018154,"중","김윤진","강대규_김윤진"
"강대규",3018154,"중","김호연","강대규_김호연"
"강대규",3018154,"중","나문희","강대규_나문희"
"강대규",3018154,"중","강예원","강대규_강예원"
"강대규",3018154,"중","이다희","강대규_이다희"
"강대규",3018154,"중","장영남","강대규_장영남"
"강대규",3018154,"중","박준면","강대규_박준면"
"강대규",3018154,"중","정수영","강대규_정수영"
"강대규",3018154,"중","손미희","강대규_손미희"
"강대규",3018154,"중","정혜원","강대규_정혜원"
"강윤성",1094404,"하","김래원","강윤성_김래원"
"강윤성",1094404,"하","원진아","강윤성_원진아"
"강윤성",1094404,"하","진선규","강윤성_진선규"
"강윤성",1094404,"하","최귀화","강윤성_최귀화"
"강윤성",1094404,"하","최무성","강윤성_최무성"
"강윤성",1094404,"하","주진모","강윤성_주진모"
"강윤성",1094404,"하","장지건","강윤성_장지건"
"강윤성",1094404,"하","정원중","강윤성_정원중"
"강윤성",1094404,"하","이성우","강윤성_이성우"
"강윤성",1094404,"하","김홍표","강윤성_김홍표"
"강윤성",6880546,"상","마동석","강윤성_마동석"
"강윤성",6880546,"상","윤계상","강윤성_윤계상"
"강윤성",6880546,"상","조재윤","강윤성_조재윤"
"강윤성",6880546,"상","최귀화","강윤성_최귀화"
"강윤성",6880546,"상","박상규","강윤성_박상규"
"강윤성",6880546,"상","유지연","강윤성_유지연"
"강윤성",6880546,"상","최성재","강윤성_최성재"
"강윤성",6880546,"상","이경원","강윤성_이경원"
"강윤성",6880546,"상","이태규","강윤성_이태규"
"강윤성",6880546,"상","진선규","강윤성_진선규"
"곽경택",2860786,"중","김윤석","곽경택_김윤석"
"곽경택",2860786,"중","유해진","곽경택_유해진"
"곽경택",2860786,"중","송영창","곽경택_송영창"
"곽경택",2860786,"중","장영남","곽경택_장영남"
"곽경택",2860786,"중","정호빈","곽경택_정호빈"
"곽경택",2860786,"중","이준혁","곽경택_이준혁"
"곽경택",2860786,"중","이종일","곽경택_이종일"
"곽경택",2860786,"중","장성훈","곽경택_장성훈"
"곽경택",2860786,"중","정규용","곽경택_정규용"
"곽경택",2860786,"중","정기용","곽경택_정기용"
"곽경택",2058616,"하","한석규","곽경택_한석규"
"곽경택",2058616,"하","차승원","곽경택_차승원"
"곽경택",2058616,"하","송영창","곽경택_송영창"
"곽경택",2058616,"하","김윤태","곽경택_김윤태"
"곽경택",2058616,"하","이병준","곽경택_이병준"
"곽경택",2058616,"하","김혜정","곽경택_김혜정"
"곽경택",2058616,"하","박영찬","곽경택_박영찬"
"곽경택",2058616,"하","홍의정","곽경택_홍의정"
"곽경택",2058616,"하","최지혜","곽경택_최지혜"
"곽경택",2058616,"하","임성규","곽경택_임성규"
"곽경택",45454,"하","김준구","곽경택_김준구"
"곽경택",45454,"하","오달수","곽경택_오달수"
"곽경택",45454,"하","정예진","곽경택_정예진"
"곽경택",45454,"하","조혜련","곽경택_조혜련"
"곽경택",45454,"하","한우용","곽경택_한우용"
"곽경택",45454,"하","김재호","곽경택_김재호"
"곽경택",45454,"하","이지원","곽경택_이지원"
"곽경택",45454,"하","남지웅","곽경택_남지웅"
"곽경택",45454,"하","백상훈","곽경택_백상훈"
"곽경택",45454,"하","양중경","곽경택_양중경"
"곽경택",2023174,"하","주진모","곽경택_주진모"
"곽경택",2023174,"하","박시연","곽경택_박시연"
"곽경택",2023174,"하","김민준","곽경택_김민준"
"곽경택",2023174,"하","김혜정","곽경택_김혜정"
"곽경택",2023174,"하","최지은","곽경택_최지은"
"곽경택",2023174,"하","임성규","곽경택_임성규"
"곽경택",2023174,"하","주현","곽경택_주현"
"곽경택",2023174,"하","박진우","곽경택_박진우"
"곽경택",2023174,"하","최성우","곽경택_최성우"
"곽경택",2023174,"하","박시완","곽경택_박시완"
"곽경택",1140876,"하","김명민","곽경택_김명민"
"곽경택",1140876,"하","최민호","곽경택_최민호"
"곽경택",1140876,"하","김성철","곽경택_김성철"
"곽경택",1140876,"하","김인권","곽경택_김인권"
"곽경택",1140876,"하","곽시양","곽경택_곽시양"
"곽경택",1140876,"하","메간 폭스","곽경택_메간 폭스"
"곽경택",1140876,"하","조지 이즈","곽경택_조지 이즈"
"곽경택",1140876,"하","장지건","곽경택_장지건"
"곽경택",1140876,"하","이재욱","곽경택_이재욱"
"곽경택",1140876,"하","이호정","곽경택_이호정"
"곽경택",2971475,"중","유오성","곽경택_유오성"
"곽경택",2971475,"중","주진모","곽경택_주진모"
"곽경택",2971475,"중","김우빈","곽경택_김우빈"
"곽경택",2971475,"중","김미진","곽경택_김미진"
"곽경택",2971475,"중","최종석","곽경택_최종석"
"곽경택",2971475,"중","한기준","곽경택_한기준"
"곽경택",2971475,"중","문혜지","곽경택_문혜지"
"곽경택",2971475,"중","황순영","곽경택_황순영"
"곽경택",2971475,"중","신승찬","곽경택_신승찬"
"곽경택",2971475,"중","양혜경","곽경택_양혜경"
"곽경택",3471150,"상","김혜정","곽경택_김혜정"
"곽경택",3471150,"상","김원진","곽경택_김원진"
"곽경택",3471150,"상","이정재","곽경택_이정재"
"곽경택",3471150,"상","이미연","곽경택_이미연"
"곽경택",3471150,"상","추현경","곽경택_추현경"
"곽경택",3471150,"상","장동건","곽경택_장동건"
"곽경택",3471150,"상","허욱","곽경택_허욱"
"곽경택",3471150,"상","신성일","곽경택_신성일"
"곽경택",3471150,"상","김형찬","곽경택_김형찬"
"곽경택",3471150,"상","홍의정","곽경택_홍의정"
"곽경택",700272,"하","정려원","곽경택_정려원"
"곽경택",700272,"하","권상우","곽경택_권상우"
"곽경택",700272,"하","김민욱","곽경택_김민욱"
"곽경택",700272,"하","한민혁","곽경택_한민혁"
"곽경택",700272,"하","서해림","곽경택_서해림"
"곽경택",700272,"하","임여문","곽경택_임여문"
"곽경택",700272,"하","정진수","곽경택_정진수"
"곽경택",700272,"하","이언수","곽경택_이언수"
"곽경택",700272,"하","김중탁","곽경택_김중탁"
"곽경택",700272,"하","이미도","곽경택_이미도"
"곽경택",323628,"하","김래원","곽경택_김래원"
"곽경택",323628,"하","김해숙","곽경택_김해숙"
"곽경택",323628,"하","성동일","곽경택_성동일"
"곽경택",323628,"하","전혜진","곽경택_전혜진"
"곽경택",323628,"하","장영남","곽경택_장영남"
"곽경택",323628,"하","박은혜","곽경택_박은혜"
"곽경택",323628,"하","장성훈","곽경택_장성훈"
"곽경택",323628,"하","전인한","곽경택_전인한"
"곽경택",323628,"하","정현수","곽경택_정현수"
"곽경택",323628,"하","오세진","곽경택_오세진"
"김광식",5441020,"상","이태진","김광식_이태진"
"김광식",5441020,"상","조인성","김광식_조인성"
"김광식",5441020,"상","신현숙","김광식_신현숙"
"김광식",5441020,"상","남주혁","김광식_남주혁"
"김광식",5441020,"상","박성웅","김광식_박성웅"
"김광식",5441020,"상","차영주","김광식_차영주"
"김광식",5441020,"상","김경희","김광식_김경희"
"김광식",5441020,"상","배성우","김광식_배성우"
"김광식",5441020,"상","엄태구","김광식_엄태구"
"김광식",5441020,"상","설현","김광식_설현"
"김광식",1221427,"하","김강우","김광식_김강우"
"김광식",1221427,"하","고창석","김광식_고창석"
"김광식",1221427,"하","박성웅","김광식_박성웅"
"김광식",1221427,"하","이진호","김광식_이진호"
"김광식",1221427,"하","이현민","김광식_이현민"
"김광식",1221427,"하","박정우","김광식_박정우"
"김광식",1221427,"하","박진수","김광식_박진수"
"김광식",1221427,"하","서병덕","김광식_서병덕"
"김광식",1221427,"하","임준혁","김광식_임준혁"
"김광식",1221427,"하","장한얼","김광식_장한얼"
"김도영",3678156,"상","이시영","김도영_이시영"
"김도영",3678156,"상","정유미","김도영_정유미"
"김도영",3678156,"상","공유","김도영_공유"
"김도영",3678156,"상","김미경","김도영_김미경"
"김도영",3678156,"상","공민정","김도영_공민정"
"김도영",3678156,"상","박성연","김도영_박성연"
"김도영",3678156,"상","이봉련","김도영_이봉련"
"김도영",3678156,"상","김성철","김도영_김성철"
"김도영",3678156,"상","이얼","김도영_이얼"
"김도영",3678156,"상","전국향","김도영_전국향"
"김동원",1201944,"하","정지훈","김동원_정지훈"
"김동원",1201944,"하","유준상","김동원_유준상"
"김동원",1201944,"하","신세경","김동원_신세경"
"김동원",1201944,"하","김성수","김동원_김성수"
"김동원",1201944,"하","이하나","김동원_이하나"
"김동원",1201944,"하","이종석","김동원_이종석"
"김동원",1201944,"하","정경호","김동원_정경호"
"김동원",1201944,"하","조성하","김동원_조성하"
"김동원",1201944,"하","오달수","김동원_오달수"
"김동원",1201944,"하","정석원","김동원_정석원"
"김동원",6593,"하","류승룡","김동원_류승룡"
"김동원",6593,"하","정은혜","김동원_정은혜"
"김동원",6593,"하","오태경","김동원_오태경"
"김동원",6593,"하","서주희","김동원_서주희"
"김동원",6593,"하","강관호","김동원_강관호"
"김동원",6593,"하","박영준","김동원_박영준"
"김동원",6593,"하","안길강","김동원_안길강"
"김동원",6593,"하","김수현","김동원_김수현"
"김동원",6593,"하","이도겸","김동원_이도겸"
"김동원",1532632,"하","정준호","김동원_정준호"
"김동원",1532632,"하","최경원","김동원_최경원"
"김동원",1532632,"하","정웅인","김동원_정웅인"
"김동원",1532632,"하","정운택","김동원_정운택"
"김동원",1532632,"하","김상중","김동원_김상중"
"김동원",1532632,"하","노승범","김동원_노승범"
"김동원",1532632,"하","김홍식","김동원_김홍식"
"김동원",1532632,"하","홍광석","김동원_홍광석"
"김동원",1532632,"하","김형운","김동원_김형운"
"김동원",1532632,"하","박용기","김동원_박용기"
"김동원",5074314,"상","정준호","김동원_정준호"
"김동원",5074314,"상","정웅인","김동원_정웅인"
"김동원",5074314,"상","김상중","김동원_김상중"
"김동원",5074314,"상","김응수","김동원_김응수"
"김동원",5074314,"상","임성민","김동원_임성민"
"김동원",5074314,"상","박용식","김동원_박용식"
"김동원",5074314,"상","최윤영","김동원_최윤영"
"김동원",5074314,"상","박은비","김동원_박은비"
"김동원",5074314,"상","나현주","김동원_나현주"
"김동원",5074314,"상","김동성","김동원_김동성"
"김병우",1671548,"하","하정우","김병우_하정우"
"김병우",1671548,"하","이선균","김병우_이선균"
"김병우",1671548,"하","제니퍼 엘","김병우_제니퍼 엘"
"김병우",1671548,"하","이상원","김병우_이상원"
"김병우",1671548,"하","민무제","김병우_민무제"
"김병우",1671548,"하","강신철","김병우_강신철"
"김병우",1671548,"하","손성찬","김병우_손성찬"
"김병우",1671548,"하","안성봉","김병우_안성봉"
"김병우",1671548,"하","양지수","김병우_양지수"
"김병우",1671548,"하","신현빈","김병우_신현빈"
"김병우",5584139,"상","하정우","김병우_하정우"
"김병우",5584139,"상","이경영","김병우_이경영"
"김병우",5584139,"상","전혜진","김병우_전혜진"
"김병우",5584139,"상","이다윗","김병우_이다윗"
"김병우",5584139,"상","이재관","김병우_이재관"
"김병우",5584139,"상","이춘연","김병우_이춘연"
"김병우",5584139,"상","장성환","김병우_장성환"
"김병우",5584139,"상","전려경","김병우_전려경"
"김병우",5584139,"상","박수화","김병우_박수화"
"김병우",5584139,"상","김홍파","김병우_김홍파"
"김성수",3117859,"중","장혁","김성수_장혁"
"김성수",3117859,"중","수애","김성수_수애"
"김성수",3117859,"중","박민하","김성수_박민하"
"김성수",3117859,"중","유해진","김성수_유해진"
"김성수",3117859,"중","이희준","김성수_이희준"
"김성수",3117859,"중","김기현","김성수_김기현"
"김성수",3117859,"중","이상엽","김성수_이상엽"
"김성수",3117859,"중","박효주","김성수_박효주"
"김성수",3117859,"중","박정민","김성수_박정민"
"김성수",3117859,"중","최병모","김성수_최병모"
"김성수",3199,"하","니시지마 히데토시","김성수_니시지마 히데토시"
"김성수",3199,"하","김효진","김성수_김효진"
"김성수",3199,"하","주영민","김성수_주영민"
"김성수",3199,"하","이경영","김성수_이경영"
"김성수",3199,"하","이경태","김성수_이경태"
"김성수",3199,"하","이동민","김성수_이동민"
"김성수",3199,"하","하승남","김성수_하승남"
"김성수",3199,"하","박동하","김성수_박동하"
"김성수",3199,"하","박병렬","김성수_박병렬"
"김성수",2594420,"중","정우성","김성수_정우성"
"김성수",2594420,"중","김현빈","김성수_김현빈"
"김성수",2594420,"중","황정민","김성수_황정민"
"김성수",2594420,"중","주지훈","김성수_주지훈"
"김성수",2594420,"중","곽도원","김성수_곽도원"
"김성수",2594420,"중","정만식","김성수_정만식"
"김성수",2594420,"중","김원해","김성수_김원해"
"김성수",2594420,"중","김종수","김성수_김종수"
"김성수",2594420,"중","김해곤","김성수_김해곤"
"김성수",2594420,"중","윤지혜","김성수_윤지혜"
"김성수",837011,"하","최령","김성수_최령"
"김성수",837011,"하","권상우","김성수_권상우"
"김성수",837011,"하","김원진","김성수_김원진"
"김성수",837011,"하","유지태","김성수_유지태"
"김성수",837011,"하","엄지원","김성수_엄지원"
"김성수",837011,"하","김윤석","김성수_김윤석"
"김성수",837011,"하","박은진","김성수_박은진"
"김성수",837011,"하","홍의정","김성수_홍의정"
"김성수",837011,"하","이중문","김성수_이중문"
"김성수",837011,"하","이건문","김성수_이건문"
"김영탁",1169562,"하","차태현","김영탁_차태현"
"김영탁",1169562,"하","남상미","김영탁_남상미"
"김영탁",1169562,"하","오달수","김영탁_오달수"
"김영탁",1169562,"하","고창석","김영탁_고창석"
"김영탁",1169562,"하","진경","김영탁_진경"
"김영탁",1169562,"하","유영","김영탁_유영"
"김영탁",1169562,"하","김강현","김영탁_김강현"
"김영탁",1169562,"하","최성원","김영탁_최성원"
"김영탁",1169562,"하","이준혁","김영탁_이준혁"
"김영탁",1169562,"하","이용감","김영탁_이용감"
"김영탁",3019780,"중","차태현","김영탁_차태현"
"김영탁",3019780,"중","강예원","김영탁_강예원"
"김영탁",3019780,"중","이문수","김영탁_이문수"
"김영탁",3019780,"중","고창석","김영탁_고창석"
"김영탁",3019780,"중","장영남","김영탁_장영남"
"김영탁",3019780,"중","천보근","김영탁_천보근"
"김영탁",3019780,"중","신성일","김영탁_신성일"
"김영탁",3019780,"중","이창수","김영탁_이창수"
"김영탁",3019780,"중","라미란","김영탁_라미란"
"김영탁",3019780,"중","이한위","김영탁_이한위"
"김유진",3728429,"상","정재영","김유진_정재영"
"김유진",3728429,"상","한은정","김유진_한은정"
"김유진",3728429,"상","안성기","김유진_안성기"
"김유진",3728429,"상","허준호","김유진_허준호"
"김유진",3728429,"상","김명수","김유진_김명수"
"김유진",3728429,"상","신정근","김유진_신정근"
"김유진",3728429,"상","조원희","김유진_조원희"
"김유진",3728429,"상","이광희","김유진_이광희"
"김유진",3728429,"상","박윤희","김유진_박윤희"
"김유진",3728429,"상","조주현","김유진_조주현"
"김주호",637461,"하","조진웅","김주호_조진웅"
"김주호",637461,"하","손현주","김주호_손현주"
"김주호",637461,"하","박희순","김주호_박희순"
"김주호",637461,"하","고창석","김주호_고창석"
"김주호",637461,"하","최원영","김주호_최원영"
"김주호",637461,"하","김슬기","김주호_김슬기"
"김주호",637461,"하","윤박","김주호_윤박"
"김주호",637461,"하","김민석","김주호_김민석"
"김주호",637461,"하","장남열","김주호_장남열"
"김주호",637461,"하","김희찬","김주호_김희찬"
"김주호",4909937,"상","차태현","김주호_차태현"
"김주호",4909937,"상","오지호","김주호_오지호"
"김주호",4909937,"상","민효린","김주호_민효린"
"김주호",4909937,"상","성동일","김주호_성동일"
"김주호",4909937,"상","신정근","김주호_신정근"
"김주호",4909937,"상","고창석","김주호_고창석"
"김주호",4909937,"상","송종호","김주호_송종호"
"김주호",4909937,"상","이채영","김주호_이채영"
"김주호",4909937,"상","김길동","김주호_김길동"
"김주호",4909937,"상","천보근","김주호_천보근"
"김주환",1611163,"하","박서준","김주환_박서준"
"김주환",1611163,"하","안성기","김주환_안성기"
"김주환",1611163,"하","우도환","김주환_우도환"
"김주환",1611163,"하","이승준","김주환_이승준"
"김주환",1611163,"하","최우식","김주환_최우식"
"김주환",1611163,"하","박진주","김주환_박진주"
"김주환",1611163,"하","박지현","김주환_박지현"
"김주환",1611163,"하","정지훈","김주환_정지훈"
"김주환",1611163,"하","이승희","김주환_이승희"
"김주환",1611163,"하","심희섭","김주환_심희섭"
"김주환",5653444,"상","박서준","김주환_박서준"
"김주환",5653444,"상","강하늘","김주환_강하늘"
"김주환",5653444,"상","성동일","김주환_성동일"
"김주환",5653444,"상","박승호","김주환_박승호"
"김주환",5653444,"상","한도진","김주환_한도진"
"김주환",5653444,"상","박하선","김주환_박하선"
"김주환",5653444,"상","정다은","김주환_정다은"
"김주환",5653444,"상","김규백","김주환_김규백"
"김주환",5653444,"상","이하준","김주환_이하준"
"김주환",5653444,"상","이현일","김주환_이현일"
"김태균",142170,"하","장혁","김태균_장혁"
"김태균",142170,"하","조보아","김태균_조보아"
"김태균",142170,"하","선우선","김태균_선우선"
"김태균",142170,"하","이도아","김태균_이도아"
"김태균",142170,"하","박정희","김태균_박정희"
"김태균",142170,"하","박진영","김태균_박진영"
"김태균",142170,"하","박현준","김태균_박현준"
"김태균",142170,"하","장재원","김태균_장재원"
"김태균",142170,"하","유지연","김태균_유지연"
"김태균",142170,"하","윤승현","김태균_윤승현"
"김태균",1297296,"하","강동원","김태균_강동원"
"김태균",1297296,"하","이청아","김태균_이청아"
"김태균",1297296,"하","조한선","김태균_조한선"
"김태균",1297296,"하","이명수","김태균_이명수"
"김태균",1297296,"하","정혜영","김태균_정혜영"
"김태균",1297296,"하","김현진","김태균_김현진"
"김태균",1297296,"하","박용두","김태균_박용두"
"김태균",1297296,"하","조인형","김태균_조인형"
"김태균",1297296,"하","박진희","김태균_박진희"
"김태균",1297296,"하","정다혜","김태균_정다혜"
"김태균",331945,"하","박희순","김태균_박희순"
"김태균",331945,"하","고창석","김태균_고창석"
"김태균",331945,"하","김현석","김태균_김현석"
"김태균",331945,"하","이진서","김태균_이진서"
"김태균",331945,"하","조진웅","김태균_조진웅"
"김태균",563023,"하","현빈","김태균_현빈"
"김태균",563023,"하","이연희","김태균_이연희"
"김태균",563023,"하","이한솔","김태균_이한솔"
"김태균",563023,"하","조용준","김태균_조용준"
"김태균",563023,"하","김병세","김태균_김병세"
"김태균",563023,"하","최찬숙","김태균_최찬숙"
"김태균",563023,"하","정욱","김태균_정욱"
"김태균",563023,"하","강동우","김태균_강동우"
"김태균",563023,"하","김이현","김태균_김이현"
"김태균",563023,"하","김민현","김태균_김민현"
"김태균",22870,"하","윤석화","김태균_윤석화"
"김태균",22870,"하","임지규","김태균_임지규"
"김태균",22870,"하","이경영","김태균_이경영"
"김태균",22870,"하","김하진","김태균_김하진"
"김태균",22870,"하","심이영","김태균_심이영"
"김태균",22870,"하","조정원","김태균_조정원"
"김태균",22870,"하","김두루","김태균_김두루"
"김태균",22870,"하","김란흔","김태균_김란흔"
"김태균",22870,"하","허정임","김태균_허정임"
"김태균",22870,"하","이상백","김태균_이상백"
"김태균",3789553,"상","김윤석","김태균_김윤석"
"김태균",3789553,"상","주지훈","김태균_주지훈"
"김태균",3789553,"상","문정희","김태균_문정희"
"김태균",3789553,"상","진선규","김태균_진선규"
"김태균",3789553,"상","이재현","김태균_이재현"
"김태균",3789553,"상","이윤재","김태균_이윤재"
"김태균",3789553,"상","김종수","김태균_김종수"
"김태균",3789553,"상","김지성","김태균_김지성"
"김태균",3789553,"상","이현주","김태균_이현주"
"김태균",3789553,"상","임병우","김태균_임병우"
"김태균",898000,"하","차인표","김태균_차인표"
"김태균",898000,"하","신명철","김태균_신명철"
"김태균",898000,"하","주다영","김태균_주다영"
"김태균",898000,"하","서영화","김태균_서영화"
"김태균",898000,"하","김민채","김태균_김민채"
"김태균",898000,"하","김경란","김태균_김경란"
"김태균",898000,"하","박정순","김태균_박정순"
"김태균",898000,"하","임홍식","김태균_임홍식"
"김태균",898000,"하","홍성수","김태균_홍성수"
"김태균",898000,"하","김나영","김태균_김나영"
"김학순",6044956,"상","김무열","김학순_김무열"
"김학순",6044956,"상","김율호","김학순_김율호"
"김학순",6044956,"상","진구","김학순_진구"
"김학순",6044956,"상","이현우","김학순_이현우"
"김학순",6044956,"상","이완","김학순_이완"
"김학순",6044956,"상","이청아","김학순_이청아"
"김학순",6044956,"상","이한종","김학순_이한종"
"김학순",6044956,"상","박찬희","김학순_박찬희"
"김학순",6044956,"상","박혜준","김학순_박혜준"
"김학순",6044956,"상","최순조","김학순_최순조"
"김한민",2079989,"하","박해일","김한민_박해일"
"김한민",2079989,"하","박솔미","김한민_박솔미"
"김한민",2079989,"하","송혁조","김한민_송혁조"
"김한민",2079989,"하","최지용","김한민_최지용"
"김한민",2079989,"하","정병욱","김한민_정병욱"
"김한민",2079989,"하","황태민","김한민_황태민"
"김한민",2079989,"하","김광수","김한민_김광수"
"김한민",2079989,"하","채석운","김한민_채석운"
"김한민",2079989,"하","유혜정","김한민_유혜정"
"김한민",2079989,"하","권명환","김한민_권명환"
"김한민",17615039,"상","최민식","김한민_최민식"
"김한민",17615039,"상","류승룡","김한민_류승룡"
"김한민",17615039,"상","조진웅","김한민_조진웅"
"김한민",17615039,"상","김명곤","김한민_김명곤"
"김한민",17615039,"상","진구","김한민_진구"
"김한민",17615039,"상","이정현","김한민_이정현"
"김한민",17615039,"상","권율","김한민_권율"
"김한민",17615039,"상","노민우","김한민_노민우"
"김한민",17615039,"상","이승준","김한민_이승준"
"김한민",17615039,"상","오타니 료헤이","김한민_오타니 료헤이"
"김한민",7470633,"상","박해일","김한민_박해일"
"김한민",7470633,"상","류승룡","김한민_류승룡"
"김한민",7470633,"상","김무열","김한민_김무열"
"김한민",7470633,"상","문채원","김한민_문채원"
"김한민",7470633,"상","이한위","김한민_이한위"
"김한민",7470633,"상","김구택","김한민_김구택"
"김한민",7470633,"상","이경영","김한민_이경영"
"김한민",7470633,"상","박기웅","김한민_박기웅"
"김한민",7470633,"상","이승준","김한민_이승준"
"김한민",7470633,"상","이재구","김한민_이재구"
"김한민",11547,"하","박해일","김한민_박해일"
"김한민",11547,"하","류승룡","김한민_류승룡"
"김한민",11547,"하","김무열","김한민_김무열"
"김한민",11547,"하","문채원","김한민_문채원"
"김한민",11547,"하","오타니 료헤이","김한민_오타니 료헤이"
"김한민",622486,"하","엄태웅","김한민_엄태웅"
"김한민",622486,"하","박용우","김한민_박용우"
"김한민",622486,"하","박솔미","김한민_박솔미"
"김한민",622486,"하","한혜영","김한민_한혜영"
"김한민",622486,"하","조문희","김한민_조문희"
"김한민",622486,"하","박인정","김한민_박인정"
"김한민",622486,"하","김유석","김한민_김유석"
"김한민",622486,"하","이세나","김한민_이세나"
"김한민",622486,"하","김한민","김한민_김한민"
"김한민",622486,"하","노수정","김한민_노수정"
"김현석",2024818,"하","김주혁","김현석_김주혁"
"김현석",2024818,"하","봉태규","김현석_봉태규"
"김현석",2024818,"하","이요원","김현석_이요원"
"김현석",2024818,"하","김아중","김현석_김아중"
"김현석",2024818,"하","정경호","김현석_정경호"
"김현석",2024818,"하","최은정","김현석_최은정"
"김현석",2024818,"하","민도기","김현석_민도기"
"김현석",2024818,"하","김성훈","김현석_김성훈"
"김현석",2024818,"하","김효주","김현석_김효주"
"김현석",2024818,"하","김형민","김현석_김형민"
"김현석",292462,"하","임창정","김현석_임창정"
"김현석",292462,"하","엄지원","김현석_엄지원"
"김현석",292462,"하","박철민","김현석_박철민"
"김현석",292462,"하","이대연","김현석_이대연"
"김현석",292462,"하","백일섭","김현석_백일섭"
"김현석",292462,"하","김희원","김현석_김희원"
"김현석",292462,"하","탁트인","김현석_탁트인"
"김현석",292462,"하","정종훈","김현석_정종훈"
"김현석",292462,"하","서호영","김현석_서호영"
"김현석",292462,"하","서정표","김현석_서정표"
"김현석",2684798,"중","엄태웅","김현석_엄태웅"
"김현석",2684798,"중","이민정","김현석_이민정"
"김현석",2684798,"중","최다니엘","김현석_최다니엘"
"김현석",2684798,"중","박신혜","김현석_박신혜"
"김현석",2684798,"중","박철민","김현석_박철민"
"김현석",2684798,"중","전아민","김현석_전아민"
"김현석",2684798,"중","송새벽","김현석_송새벽"
"김현석",2684798,"중","류현경","김현석_류현경"
"김현석",2684798,"중","김유경","김현석_김유경"
"김현석",2684798,"중","박은성","김현석_박은성"
"김현석",1715370,"하","김윤석","김현석_김윤석"
"김현석",1715370,"하","정우","김현석_정우"
"김현석",1715370,"하","한효주","김현석_한효주"
"김현석",1715370,"하","김희애","김현석_김희애"
"김현석",1715370,"하","진구","김현석_진구"
"김현석",1715370,"하","장현성","김현석_장현성"
"김현석",1715370,"하","강하늘","김현석_강하늘"
"김현석",1715370,"하","조복래","김현석_조복래"
"김현석",1715370,"하","김인권","김현석_김인권"
"김현석",1715370,"하","장미진","김현석_장미진"
"김현석",3283470,"상","나문희","김현석_나문희"
"김현석",3283470,"상","이제훈","김현석_이제훈"
"김현석",3283470,"상","박철민","김현석_박철민"
"김현석",3283470,"상","염혜란","김현석_염혜란"
"김현석",3283470,"상","성유빈","김현석_성유빈"
"김현석",3283470,"상","김소진","김현석_김소진"
"김현석",3283470,"상","이상희","김현석_이상희"
"김현석",3283470,"상","정연주","김현석_정연주"
"김현석",3283470,"상","이지훈","김현석_이지훈"
"김현석",3283470,"상","손숙","김현석_손숙"
"김현석",870785,"하","정재영","김현석_정재영"
"김현석",870785,"하","김옥빈","김현석_김옥빈"
"김현석",870785,"하","최다니엘","김현석_최다니엘"
"김현석",870785,"하","이대연","김현석_이대연"
"김현석",870785,"하","박철민","김현석_박철민"
"김현석",870785,"하","신다은","김현석_신다은"
"김현석",870785,"하","오광록","김현석_오광록"
"김현석",870785,"하","김중탁","김현석_김중탁"
"김현석",870785,"하","이시연","김현석_이시연"
"김현석",870785,"하","김정우","김현석_김정우"
"민규동",1110274,"하","이채민","민규동_이채민"
"민규동",1110274,"하","주지훈","민규동_주지훈"
"민규동",1110274,"하","김강우","민규동_김강우"
"민규동",1110274,"하","천호진","민규동_천호진"
"민규동",1110274,"하","임지연","민규동_임지연"
"민규동",1110274,"하","이유영","민규동_이유영"
"민규동",1110274,"하","김현수","민규동_김현수"
"민규동",1110274,"하","문희경","민규동_문희경"
"민규동",1110274,"하","박시영","민규동_박시영"
"민규동",1110274,"하","박아영","민규동_박아영"
"민규동",2290709,"중","황정민","민규동_황정민"
"민규동",2290709,"중","엄정화","민규동_엄정화"
"민규동",2290709,"중","김유정","민규동_김유정"
"민규동",2290709,"중","김윤석","민규동_김윤석"
"민규동",2290709,"중","진태현","민규동_진태현"
"민규동",2290709,"중","임창정","민규동_임창정"
"민규동",2290709,"중","정경호","민규동_정경호"
"민규동",2290709,"중","최원석","민규동_최원석"
"민규동",2290709,"중","김수로","민규동_김수로"
"민규동",2290709,"중","정혜영","민규동_정혜영"
"민규동",4598985,"상","임수정","민규동_임수정"
"민규동",4598985,"상","이선균","민규동_이선균"
"민규동",4598985,"상","류승룡","민규동_류승룡"
"민규동",4598985,"상","이달형","민규동_이달형"
"민규동",4598985,"상","이진희","민규동_이진희"
"민규동",4598985,"상","김도균","민규동_김도균"
"민규동",4598985,"상","김선일","민규동_김선일"
"민규동",4598985,"상","최차원","민규동_최차원"
"민규동",4598985,"상","신경철","민규동_신경철"
"민규동",4598985,"상","옥광희","민규동_옥광희"
"민규동",331760,"하","김현수","민규동_김현수"
"민규동",331760,"하","노강민","민규동_노강민"
"민규동",331760,"하","진태현","민규동_진태현"
"민규동",331760,"하","최윤영","민규동_최윤영"
"민규동",331760,"하","남보라","민규동_남보라"
"민규동",331760,"하","정은채","민규동_정은채"
"민규동",331760,"하","배수빈","민규동_배수빈"
"민규동",331760,"하","나영희","민규동_나영희"
"민규동",331760,"하","임성민","민규동_임성민"
"민규동",331760,"하","김지영","민규동_김지영"
"민규동",495535,"하","박성웅","민규동_박성웅"
"민규동",495535,"하","우혜진","민규동_우혜진"
"민규동",495535,"하","이세영","민규동_이세영"
"민규동",495535,"하","성준","민규동_성준"
"민규동",495535,"하","이수혁","민규동_이수혁"
"민규동",495535,"하","백진희","민규동_백진희"
"민규동",495535,"하","김슬기","민규동_김슬기"
"민규동",495535,"하","정인선","민규동_정인선"
"민규동",495535,"하","고경표","민규동_고경표"
"민규동",495535,"하","김지원","민규동_김지원"
"민규동",97804,"하","임슬옹","민규동_임슬옹"
"민규동",97804,"하","경수진","민규동_경수진"
"민규동",97804,"하","박정민","민규동_박정민"
"민규동",97804,"하","홍은희","민규동_홍은희"
"민규동",97804,"하","차지연","민규동_차지연"
"민규동",97804,"하","김수안","민규동_김수안"
"민규동",97804,"하","정용진","민규동_정용진"
"민규동",97804,"하","이재인","민규동_이재인"
"민규동",97804,"하","민무제","민규동_민무제"
"민규동",97804,"하","이대연","민규동_이대연"
"민규동",1181322,"하","주지훈","민규동_주지훈"
"민규동",1181322,"하","김재욱","민규동_김재욱"
"민규동",1181322,"하","유아인","민규동_유아인"
"민규동",1181322,"하","최지호","민규동_최지호"
"민규동",1181322,"하","탁트인","민규동_탁트인"
"민규동",1181322,"하","김라희","민규동_김라희"
"민규동",1181322,"하","조수빈","민규동_조수빈"
"민규동",1181322,"하","박찬형","민규동_박찬형"
"민규동",1181322,"하","이상하","민규동_이상하"
"민규동",1181322,"하","유정훈","민규동_유정훈"
"민규동",317013,"하","김갑수","민규동_김갑수"
"민규동",317013,"하","서영희","민규동_서영희"
"민규동",317013,"하","배종옥","민규동_배종옥"
"민규동",317013,"하","조성훈","민규동_조성훈"
"민규동",317013,"하","김유나","민규동_김유나"
"민규동",317013,"하","박혜선","민규동_박혜선"
"민규동",317013,"하","박혁권","민규동_박혁권"
"민규동",317013,"하","정규상","민규동_정규상"
"민규동",317013,"하","김보민","민규동_김보민"
"민규동",317013,"하","최린","민규동_최린"
"민규동",337424,"하","김희애","민규동_김희애"
"민규동",337424,"하","김해숙","민규동_김해숙"
"민규동",337424,"하","예수정","민규동_예수정"
"민규동",337424,"하","문숙","민규동_문숙"
"민규동",337424,"하","이용녀","민규동_이용녀"
"민규동",337424,"하","김준한","민규동_김준한"
"민규동",337424,"하","이유영","민규동_이유영"
"민규동",337424,"하","안세하","민규동_안세하"
"민규동",337424,"하","손강국","민규동_손강국"
"민규동",337424,"하","윤효진","민규동_윤효진"
"박광현",6436508,"상","신하균","박광현_신하균"
"박광현",6436508,"상","정재영","박광현_정재영"
"박광현",6436508,"상","강혜정","박광현_강혜정"
"박광현",6436508,"상","류덕환","박광현_류덕환"
"박광현",6436508,"상","임하룡","박광현_임하룡"
"박광현",6436508,"상","강남석","박광현_강남석"
"박광현",6436508,"상","조혜진","박광현_조혜진"
"박광현",6436508,"상","손재영","박광현_손재영"
"박광현",6436508,"상","신영철","박광현_신영철"
"박광현",6436508,"상","류창국","박광현_류창국"
"박광현",2515590,"중","지창욱","박광현_지창욱"
"박광현",2515590,"중","심은경","박광현_심은경"
"박광현",2515590,"중","안재홍","박광현_안재홍"
"박광현",2515590,"중","오정세","박광현_오정세"
"박광현",2515590,"중","김상호","박광현_김상호"
"박광현",2515590,"중","김민교","박광현_김민교"
"박광현",2515590,"중","김기천","박광현_김기천"
"박광현",2515590,"중","이하늬","박광현_이하늬"
"박광현",2515590,"중","박재민","박광현_박재민"
"박광현",2515590,"중","박정환","박광현_박정환"
"박누리",3389125,"상","류준열","박누리_류준열"
"박누리",3389125,"상","유지태","박누리_유지태"
"박누리",3389125,"상","조우진","박누리_조우진"
"박누리",3389125,"상","원진아","박누리_원진아"
"박누리",3389125,"상","박명신","박누리_박명신"
"박누리",3389125,"상","이화룡","박누리_이화룡"
"박누리",3389125,"상","오희준","박누리_오희준"
"박누리",3389125,"상","정기섭","박누리_정기섭"
"박누리",3389125,"상","차래형","박누리_차래형"
"박누리",3389125,"상","김강현","박누리_김강현"
"손용호",4573902,"상","마동석","손용호_마동석"
"손용호",4573902,"상","김상중","손용호_김상중"
"손용호",4573902,"상","김아중","손용호_김아중"
"손용호",4573902,"상","장기용","손용호_장기용"
"손용호",4573902,"상","강예원","손용호_강예원"
"손용호",4573902,"상","민태율","손용호_민태율"
"손용호",4573902,"상","박형수","손용호_박형수"
"손용호",4573902,"상","김혜윤","손용호_김혜윤"
"손용호",4573902,"상","손성찬","손용호_손성찬"
"손용호",4573902,"상","박상욱","손용호_박상욱"
"손용호",855980,"하","김상경","손용호_김상경"
"손용호",855980,"하","김성균","손용호_김성균"
"손용호",855980,"하","박성웅","손용호_박성웅"
"손용호",855980,"하","윤승아","손용호_윤승아"
"손용호",855980,"하","조재윤","손용호_조재윤"
"손용호",855980,"하","김의성","손용호_김의성"
"손용호",855980,"하","기주봉","손용호_기주봉"
"손용호",855980,"하","홍성덕","손용호_홍성덕"
"손용호",855980,"하","오대환","손용호_오대환"
"손용호",855980,"하","이정훈","손용호_이정훈"
"신태라",4039891,"상","김하늘","신태라_김하늘"
"신태라",4039891,"상","강지환","신태라_강지환"
"신태라",4039891,"상","유승목","신태라_유승목"
"신태라",4039891,"상","강규영","신태라_강규영"
"신태라",4039891,"상","김민국","신태라_김민국"
"신태라",4039891,"상","강신일","신태라_강신일"
"신태라",4039891,"상","장남열","신태라_장남열"
"신태라",4039891,"상","심은혜","신태라_심은혜"
"신태라",4039891,"상","나귀화","신태라_나귀화"
"신태라",4039891,"상","서정주","신태라_서정주"
"신태라",1322196,"하","김혜정","신태라_김혜정"
"신태라",1322196,"하","황정민","신태라_황정민"
"신태라",1322196,"하","유선","신태라_유선"
"신태라",1322196,"하","송찬호","신태라_송찬호"
"신태라",1322196,"하","최정자","신태라_최정자"
"신태라",1322196,"하","강신일","신태라_강신일"
"신태라",1322196,"하","최찬민","신태라_최찬민"
"신태라",1322196,"하","김상택","신태라_김상택"
"신태라",1322196,"하","이승은","신태라_이승은"
"신태라",1322196,"하","양홍준","신태라_양홍준"
"신태라",547,"하","김도윤","신태라_김도윤"
"신태라",547,"하","황춘하","신태라_황춘하"
"신태라",547,"하","최현성","신태라_최현성"
"신태라",547,"하","나수윤","신태라_나수윤"
"신태라",547,"하","신태라","신태라_신태라"
"신태라",547,"하","김범규","신태라_김범규"
"신태라",547,"하","노호선","신태라_노호선"
"신태라",547,"하","장현남","신태라_장현남"
"신태라",547,"하","김재훈","신태라_김재훈"
"신태라",547,"하","김재훈","신태라_김재훈"
"신태라",1346754,"하","강지환","신태라_강지환"
"신태라",1346754,"하","성유리","신태라_성유리"
"신태라",1346754,"하","이수혁","신태라_이수혁"
"신태라",1346754,"하","김영광","신태라_김영광"
"신태라",1346754,"하","신민철","신태라_신민철"
"신태라",1346754,"하","손현우","신태라_손현우"
"신태라",1346754,"하","윤봉길","신태라_윤봉길"
"신태라",1346754,"하","이태형","신태라_이태형"
"신태라",1346754,"하","이한샘","신태라_이한샘"
"신태라",1346754,"하","신정근","신태라_신정근"
"심형래",7855474,"상","브룩스 아만다","심형래_브룩스 아만다"
"심형래",7855474,"상","베어 제이슨","심형래_베어 제이슨"
"심형래",2541603,"중","심형래","심형래_심형래"
"심형래",2541603,"중","마이클 리스폴리","심형래_마이클 리스폴리"
"심형래",2541603,"중","하비 케이틀","심형래_하비 케이틀"
"심형래",2541603,"중","제이슨 미웨스","심형래_제이슨 미웨스"
"심형래",2541603,"중","조셀린 도나휴","심형래_조셀린 도나휴"
"심형래",2541603,"중","안소희","심형래_안소희"
"심형래",2541603,"중","우혜림","심형래_우혜림"
"양우석",4452850,"상","정우성","양우석_정우성"
"양우석",4452850,"상","곽도원","양우석_곽도원"
"양우석",4452850,"상","김갑수","양우석_김갑수"
"양우석",4452850,"상","김의성","양우석_김의성"
"양우석",4452850,"상","이경영","양우석_이경영"
"양우석",4452850,"상","조우진","양우석_조우진"
"양우석",4452850,"상","정원중","양우석_정원중"
"양우석",4452850,"상","김명곤","양우석_김명곤"
"양우석",4452850,"상","박은혜","양우석_박은혜"
"양우석",4452850,"상","김지호","양우석_김지호"
"양우석",11374859,"상","송강호","양우석_송강호"
"양우석",11374859,"상","김영애","양우석_김영애"
"양우석",11374859,"상","오달수","양우석_오달수"
"양우석",11374859,"상","곽도원","양우석_곽도원"
"양우석",11374859,"상","임시완","양우석_임시완"
"양우석",11374859,"상","송영창","양우석_송영창"
"양우석",11374859,"상","정원중","양우석_정원중"
"양우석",11374859,"상","조민기","양우석_조민기"
"양우석",11374859,"상","이항나","양우석_이항나"
"양우석",11374859,"상","이성민","양우석_이성민"
"우민호",1310895,"하","김명민","우민호_김명민"
"우민호",1310895,"하","염정아","우민호_염정아"
"우민호",1310895,"하","유해진","우민호_유해진"
"우민호",1310895,"하","변희봉","우민호_변희봉"
"우민호",1310895,"하","정겨운","우민호_정겨운"
"우민호",1310895,"하","정만식","우민호_정만식"
"우민호",1310895,"하","이승호","우민호_이승호"
"우민호",1310895,"하","오나라","우민호_오나라"
"우민호",1310895,"하","천보근","우민호_천보근"
"우민호",1310895,"하","박진우","우민호_박진우"
"우민호",7072507,"상","이병헌","우민호_이병헌"
"우민호",7072507,"상","조승우","우민호_조승우"
"우민호",7072507,"상","백윤식","우민호_백윤식"
"우민호",7072507,"상","이경영","우민호_이경영"
"우민호",7072507,"상","김홍파","우민호_김홍파"
"우민호",7072507,"상","배성우","우민호_배성우"
"우민호",7072507,"상","조재윤","우민호_조재윤"
"우민호",7072507,"상","김대명","우민호_김대명"
"우민호",7072507,"상","조우진","우민호_조우진"
"우민호",7072507,"상","이엘","우민호_이엘"
"우민호",2084868,"하","신지수","우민호_신지수"
"우민호",2084868,"하","이병헌","우민호_이병헌"
"우민호",2084868,"하","조승우","우민호_조승우"
"우민호",2084868,"하","백윤식","우민호_백윤식"
"우민호",2084868,"하","이경영","우민호_이경영"
"우민호",2084868,"하","김홍파","우민호_김홍파"
"우민호",2084868,"하","배성우","우민호_배성우"
"우민호",2084868,"하","조재윤","우민호_조재윤"
"우민호",2084868,"하","김대명","우민호_김대명"
"우민호",2084868,"하","조우진","우민호_조우진"
"우민호",1864076,"하","송강호","우민호_송강호"
"우민호",1864076,"하","조정석","우민호_조정석"
"우민호",1864076,"하","배두나","우민호_배두나"
"우민호",1864076,"하","김소진","우민호_김소진"
"우민호",1864076,"하","김대명","우민호_김대명"
"우민호",1864076,"하","이희준","우민호_이희준"
"우민호",1864076,"하","조우진","우민호_조우진"
"우민호",1864076,"하","이성민","우민호_이성민"
"우민호",1864076,"하","김홍파","우민호_김홍파"
"우민호",1864076,"하","김근영","우민호_김근영"
"우민호",1012310,"하","김명민","우민호_김명민"
"우민호",1012310,"하","엄기준","우민호_엄기준"
"우민호",1012310,"하","박주미","우민호_박주미"
"우민호",1012310,"하","이병준","우민호_이병준"
"우민호",1012310,"하","김소현","우민호_김소현"
"우민호",1012310,"하","이경근","우민호_이경근"
"우민호",1012310,"하","박지애","우민호_박지애"
"우민호",1012310,"하","김병욱","우민호_김병욱"
"우민호",1012310,"하","김태호","우민호_김태호"
"우민호",1012310,"하","최민서","우민호_최민서"
"유하",2192276,"중","이민호","유하_이민호"
"유하",2192276,"중","김래원","유하_김래원"
"유하",2192276,"중","정진영","유하_정진영"
"유하",2192276,"중","설현","유하_설현"
"유하",2192276,"중","유승목","유하_유승목"
"유하",2192276,"중","한재영","유하_한재영"
"유하",2192276,"중","이연두","유하_이연두"
"유하",2192276,"중","정호빈","유하_정호빈"
"유하",2192276,"중","최진호","유하_최진호"
"유하",2192276,"중","엄효섭","유하_엄효섭"
"유하",604969,"하","권상우","유하_권상우"
"유하",604969,"하","이정진","유하_이정진"
"유하",604969,"하","한가인","유하_한가인"
"유하",604969,"하","김인권","유하_김인권"
"유하",604969,"하","박효준","유하_박효준"
"유하",604969,"하","이종혁","유하_이종혁"
"유하",604969,"하","백봉기","유하_백봉기"
"유하",604969,"하","안내상","유하_안내상"
"유하",604969,"하","조진웅","유하_조진웅"
"유하",604969,"하","김동영","유하_김동영"
"유하",1829887,"하","조인성","유하_조인성"
"유하",1829887,"하","천호진","유하_천호진"
"유하",1829887,"하","김원진","유하_김원진"
"유하",1829887,"하","남궁민","유하_남궁민"
"유하",1829887,"하","이보영","유하_이보영"
"유하",1829887,"하","진구","유하_진구"
"유하",1829887,"하","윤제문","유하_윤제문"
"유하",1829887,"하","선우은숙","유하_선우은숙"
"유하",1829887,"하","이종혁","유하_이종혁"
"유하",1829887,"하","김효선","유하_김효선"
"유하",3749034,"상","조인성","유하_조인성"
"유하",3749034,"상","주진모","유하_주진모"
"유하",3749034,"상","송지효","유하_송지효"
"유하",3749034,"상","심지호","유하_심지호"
"유하",3749034,"상","임주환","유하_임주환"
"유하",3749034,"상","여욱환","유하_여욱환"
"유하",3749034,"상","송중기","유하_송중기"
"유하",3749034,"상","노민우","유하_노민우"
"유하",3749034,"상","조강현","유하_조강현"
"유하",3749034,"상","김기방","유하_김기방"
"유하",1612554,"하","송강호","유하_송강호"
"유하",1612554,"하","배영한","유하_배영한"
"유하",1612554,"하","이여진","유하_이여진"
"유하",1612554,"하","이나영","유하_이나영"
"유하",1612554,"하","박민규","유하_박민규"
"유하",1612554,"하","이태리","유하_이태리"
"유하",1612554,"하","임현성","유하_임현성"
"유하",1612554,"하","정진","유하_정진"
"유하",1612554,"하","조은별","유하_조은별"
"유하",1612554,"하","주영민","유하_주영민"
"이계벽",6975571,"상","김운","이계벽_김운"
"이계벽",6975571,"상","유해진","이계벽_유해진"
"이계벽",6975571,"상","이준","이계벽_이준"
"이계벽",6975571,"상","조윤희","이계벽_조윤희"
"이계벽",6975571,"상","임지연","이계벽_임지연"
"이계벽",6975571,"상","전혜빈","이계벽_전혜빈"
"이계벽",6975571,"상","이동휘","이계벽_이동휘"
"이계벽",6975571,"상","박선용","이계벽_박선용"
"이계벽",6975571,"상","박은미","이계벽_박은미"
"이계벽",6975571,"상","정소리","이계벽_정소리"
"이계벽",1339833,"하","류승범","이계벽_류승범"
"이계벽",1339833,"하","신민아","이계벽_신민아"
"이계벽",1339833,"하","김강우","이계벽_김강우"
"이계벽",1339833,"하","허명행","이계벽_허명행"
"이계벽",1339833,"하","손정민","이계벽_손정민"
"이계벽",1339833,"하","송민석","이계벽_송민석"
"이계벽",1339833,"하","김원중","이계벽_김원중"
"이계벽",1339833,"하","조주현","이계벽_조주현"
"이계벽",1339833,"하","안성진","이계벽_안성진"
"이계벽",1339833,"하","서승억","이계벽_서승억"
"이계벽",1181960,"하","차승원","이계벽_차승원"
"이계벽",1181960,"하","엄채영","이계벽_엄채영"
"이계벽",1181960,"하","박해준","이계벽_박해준"
"이계벽",1181960,"하","김혜옥","이계벽_김혜옥"
"이계벽",1181960,"하","안길강","이계벽_안길강"
"이계벽",1181960,"하","전혜빈","이계벽_전혜빈"
"이계벽",1181960,"하","류한비","이계벽_류한비"
"이계벽",1181960,"하","조한철","이계벽_조한철"
"이계벽",1181960,"하","성지루","이계벽_성지루"
"이계벽",1181960,"하","김법래","이계벽_김법래"
"이병헌",16265618,"상","류승룡","이병헌_류승룡"
"이병헌",16265618,"상","이하늬","이병헌_이하늬"
"이병헌",16265618,"상","진선규","이병헌_진선규"
"이병헌",16265618,"상","이동휘","이병헌_이동휘"
"이병헌",16265618,"상","공명","이병헌_공명"
"이병헌",16265618,"상","양현민","이병헌_양현민"
"이병헌",16265618,"상","장진희","이병헌_장진희"
"이병헌",16265618,"상","한준우","이병헌_한준우"
"이병헌",16265618,"상","김명준","이병헌_김명준"
"이병헌",16265618,"상","나철","이병헌_나철"
"이병헌",1194229,"하","이성민","이병헌_이성민"
"이병헌",1194229,"하","신하균","이병헌_신하균"
"이병헌",1194229,"하","송지효","이병헌_송지효"
"이병헌",1194229,"하","이엘","이병헌_이엘"
"이병헌",1194229,"하","장영남","이병헌_장영남"
"이병헌",1194229,"하","고준","이병헌_고준"
"이병헌",1194229,"하","서성원","이병헌_서성원"
"이병헌",1194229,"하","이주한","이병헌_이주한"
"이병헌",1194229,"하","이지원","이병헌_이지원"
"이병헌",1194229,"하","이혜수","이병헌_이혜수"
"이병헌",3044859,"중","김우빈","이병헌_김우빈"
"이병헌",3044859,"중","이준호","이병헌_이준호"
"이병헌",3044859,"중","강하늘","이병헌_강하늘"
"이병헌",3044859,"중","정덕희","이병헌_정덕희"
"이병헌",3044859,"중","주창욱","이병헌_주창욱"
"이병헌",3044859,"중","권지훈","이병헌_권지훈"
"이병헌",3044859,"중","오하늬","이병헌_오하늬"
"이병헌",3044859,"중","오현경","이병헌_오현경"
"이병헌",3044859,"중","이성두","이병헌_이성두"
"이병헌",3044859,"중","정소민","이병헌_정소민"
"이상근",9426011,"상","조정석","이상근_조정석"
"이상근",9426011,"상","임윤아","이상근_임윤아"
"이상근",9426011,"상","고두심","이상근_고두심"
"이상근",9426011,"상","박인환","이상근_박인환"
"이상근",9426011,"상","김지영","이상근_김지영"
"이상근",9426011,"상","강기영","이상근_강기영"
"이상근",9426011,"상","오희준","이상근_오희준"
"이상근",9426011,"상","배유람","이상근_배유람"
"이상근",9426011,"상","유수빈","이상근_유수빈"
"이상근",9426011,"상","조성희","이상근_조성희"
"이승준",3436012,"상","설경구","이승준_설경구"
"이승준",3436012,"상","문소리","이승준_문소리"
"이승준",3436012,"상","다니엘 헤니","이승준_다니엘 헤니"
"이승준",3436012,"상","고창석","이승준_고창석"
"이승준",3436012,"상","한예리","이승준_한예리"
"이승준",3436012,"상","라미란","이승준_라미란"
"이승준",3436012,"상","서승인","이승준_서승인"
"이승준",3436012,"상","이대수","이승준_이대수"
"이승준",3436012,"상","이성제","이승준_이성제"
"이승준",3436012,"상","최승현","이승준_최승현"
"이언희",34300,"하","임수정","이언희_임수정"
"이언희",34300,"하","김래원","이언희_김래원"
"이언희",34300,"하","이미숙","이언희_이미숙"
"이언희",34300,"하","김지영","이언희_김지영"
"이언희",34300,"하","김현수","이언희_김현수"
"이언희",34300,"하","박혜연","이언희_박혜연"
"이언희",34300,"하","장미","이언희_장미"
"이언희",34300,"하","이성경","이언희_이성경"
"이언희",34300,"하","박소연","이언희_박소연"
"이언희",34300,"하","김순애","이언희_김순애"
"이언희",1153201,"하","서하늬","이언희_서하늬"
"이언희",1153201,"하","엄지원","이언희_엄지원"
"이언희",1153201,"하","공효진","이언희_공효진"
"이언희",1153201,"하","강태수","이언희_강태수"
"이언희",1153201,"하","김광호","이언희_김광호"
"이언희",1153201,"하","김석태","이언희_김석태"
"이언희",1153201,"하","김용철","이언희_김용철"
"이언희",1153201,"하","김해일","이언희_김해일"
"이언희",1153201,"하","서인덕","이언희_서인덕"
"이언희",1153201,"하","안재만","이언희_안재만"
"이언희",295394,"하","이미연","이언희_이미연"
"이언희",295394,"하","이태란","이언희_이태란"
"이언희",295394,"하","김준성","이언희_김준성"
"이언희",295394,"하","이영란","이언희_이영란"
"이언희",295394,"하","조주현","이언희_조주현"
"이언희",295394,"하","함유선","이언희_함유선"
"이언희",295394,"하","진민경","이언희_진민경"
"이언희",295394,"하","유인수","이언희_유인수"
"이언희",295394,"하","최보윤","이언희_최보윤"
"이언희",295394,"하","마르코","이언희_마르코"
"이언희",3152895,"중","권상우","이언희_권상우"
"이언희",3152895,"중","성동일","이언희_성동일"
"이언희",3152895,"중","이광수","이언희_이광수"
"이언희",3152895,"중","이일화","이언희_이일화"
"이언희",3152895,"중","남명렬","이언희_남명렬"
"이언희",3152895,"중","손담비","이언희_손담비"
"이언희",3152895,"중","최성원","이언희_최성원"
"이언희",3152895,"중","김동욱","이언희_김동욱"
"이언희",3152895,"중","박성일","이언희_박성일"
"이언희",3152895,"중","오희준","이언희_오희준"
"이연우",3024666,"중","김윤석","이연우_김윤석"
"이연우",3024666,"중","정경호","이연우_정경호"
"이연우",3024666,"중","견미리","이연우_견미리"
"이연우",3024666,"중","선우선","이연우_선우선"
"이연우",3024666,"중","서동수","이연우_서동수"
"이연우",3024666,"중","이효권","이연우_이효권"
"이연우",3024666,"중","최수현","이연우_최수현"
"이연우",3024666,"중","양현석","이연우_양현석"
"이연우",3024666,"중","김종근","이연우_김종근"
"이연우",3024666,"중","김준희","이연우_김준희"
"이연우",1676040,"하","박보영","이연우_박보영"
"이연우",1676040,"하","이종석","이연우_이종석"
"이연우",1676040,"하","이세영","이연우_이세영"
"이연우",1676040,"하","김영광","이연우_김영광"
"이연우",1676040,"하","신현탁","이연우_신현탁"
"이연우",1676040,"하","우혜영","이연우_우혜영"
"이연우",1676040,"하","장세준","이연우_장세준"
"이연우",1676040,"하","박지영","이연우_박지영"
"이연우",1676040,"하","손지훈","이연우_손지훈"
"이연우",1676040,"하","송정민","이연우_송정민"
"이용주",4111237,"상","엄태웅","이용주_엄태웅"
"이용주",4111237,"상","한가인","이용주_한가인"
"이용주",4111237,"상","이제훈","이용주_이제훈"
"이용주",4111237,"상","배수지","이용주_배수지"
"이용주",4111237,"상","고준희","이용주_고준희"
"이용주",4111237,"상","조정석","이용주_조정석"
"이용주",4111237,"상","신민영","이용주_신민영"
"이용주",4111237,"상","신예진","이용주_신예진"
"이용주",4111237,"상","유연석","이용주_유연석"
"이용주",4111237,"상","조현철","이용주_조현철"
"이용주",248286,"하","남상미","이용주_남상미"
"이용주",248286,"하","류승룡","이용주_류승룡"
"이용주",248286,"하","김보연","이용주_김보연"
"이용주",248286,"하","심은경","이용주_심은경"
"이용주",248286,"하","신은정","이용주_신은정"
"이용주",248286,"하","박지선","이용주_박지선"
"이용주",248286,"하","오지은","이용주_오지은"
"이용주",248286,"하","문희경","이용주_문희경"
"이용주",248286,"하","박진우","이용주_박진우"
"이용주",248286,"하","장영남","이용주_장영남"
"이원태",381483,"하","조진웅","이원태_조진웅"
"이원태",381483,"하","송승헌","이원태_송승헌"
"이원태",381483,"하","정만식","이원태_정만식"
"이원태",381483,"하","정진영","이원태_정진영"
"이원태",381483,"하","신정근","이원태_신정근"
"이원태",381483,"하","유승목","이원태_유승목"
"이원태",381483,"하","정규수","이원태_정규수"
"이원태",381483,"하","이서원","이원태_이서원"
"이원태",381483,"하","곽동연","이원태_곽동연"
"이원태",381483,"하","박소담","이원태_박소담"
"이원태",3364712,"상","마동석","이원태_마동석"
"이원태",3364712,"상","김무열","이원태_김무열"
"이원태",3364712,"상","김성규","이원태_김성규"
"이원태",3364712,"상","문동혁","이원태_문동혁"
"이원태",3364712,"상","오희준","이원태_오희준"
"이원태",3364712,"상","민무제","이원태_민무제"
"이원태",3364712,"상","문순주","이원태_문순주"
"이원태",3364712,"상","김근영","이원태_김근영"
"이원태",3364712,"상","전배수","이원태_전배수"
"이원태",3364712,"상","유재명","이원태_유재명"
"이일형",9707581,"상","황정민","이일형_황정민"
"이일형",9707581,"상","강동원","이일형_강동원"
"이일형",9707581,"상","이성민","이일형_이성민"
"이일형",9707581,"상","박성웅","이일형_박성웅"
"이일형",9707581,"상","김응수","이일형_김응수"
"이일형",9707581,"상","신소율","이일형_신소율"
"이일형",9707581,"상","주진모","이일형_주진모"
"이일형",9707581,"상","김원해","이일형_김원해"
"이일형",9707581,"상","김홍파","이일형_김홍파"
"이일형",9707581,"상","김병옥","이일형_김병옥"
"이정범",6178452,"상","원빈","이정범_원빈"
"이정범",6178452,"상","김새론","이정범_김새론"
"이정범",6178452,"상","김희원","이정범_김희원"
"이정범",6178452,"상","김성오","이정범_김성오"
"이정범",6178452,"상","배영한","이정범_배영한"
"이정범",6178452,"상","김호연","이정범_김호연"
"이정범",6178452,"상","김성훈","이정범_김성훈"
"이정범",6178452,"상","김효민","이정범_김효민"
"이정범",6178452,"상","김효서","이정범_김효서"
"이정범",6178452,"상","신동민","이정범_신동민"
"이정범",262233,"하","이선균","이정범_이선균"
"이정범",262233,"하","전소니","이정범_전소니"
"이정범",262233,"하","박해준","이정범_박해준"
"이정범",262233,"하","송영창","이정범_송영창"
"이정범",262233,"하","박병은","이정범_박병은"
"이정범",262233,"하","김민재","이정범_김민재"
"이정범",262233,"하","남문철","이정범_남문철"
"이정범",262233,"하","정가람","이정범_정가람"
"이정범",262233,"하","이유영","이정범_이유영"
"이정범",262233,"하","권오상","이정범_권오상"
"이정범",466046,"하","설경구","이정범_설경구"
"이정범",466046,"하","김호연","이정범_김호연"
"이정범",466046,"하","조한선","이정범_조한선"
"이정범",466046,"하","최경원","이정범_최경원"
"이정범",466046,"하","김경란","이정범_김경란"
"이정범",466046,"하","김영옥","이정범_김영옥"
"이정범",466046,"하","나문희","이정범_나문희"
"이정범",466046,"하","주진모","이정범_주진모"
"이정범",466046,"하","김경희","이정범_김경희"
"이정범",466046,"하","조나현","이정범_조나현"
"이정범",603495,"하","장동건","이정범_장동건"
"이정범",603495,"하","김민희","이정범_김민희"
"이정범",603495,"하","민성욱","이정범_민성욱"
"이정범",603495,"하","박지연","이정범_박지연"
"이정범",603495,"하","백현익","이정범_백현익"
"이정범",603495,"하","최제헌","이정범_최제헌"
"이정범",603495,"하","김경희","이정범_김경희"
"이정범",603495,"하","이재인","이정범_이재인"
"이정범",603495,"하","김민재","이정범_김민재"
"이정범",603495,"하","김성오","이정범_김성오"
"이준익",1383867,"하","황정민","이준익_황정민"
"이준익",1383867,"하","김성훈","이준익_김성훈"
"이준익",1383867,"하","차승원","이준익_차승원"
"이준익",1383867,"하","한지혜","이준익_한지혜"
"이준익",1383867,"하","백성현","이준익_백성현"
"이준익",1383867,"하","신영훈","이준익_신영훈"
"이준익",1383867,"하","김영훈","이준익_김영훈"
"이준익",1383867,"하","함철훈","이준익_함철훈"
"이준익",1383867,"하","박광설","이준익_박광설"
"이준익",1383867,"하","박미령","이준익_박미령"
"이준익",1706495,"하","수애","이준익_수애"
"이준익",1706495,"하","정진영","이준익_정진영"
"이준익",1706495,"하","정경호","이준익_정경호"
"이준익",1706495,"하","주진모","이준익_주진모"
"이준익",1706495,"하","조미령","이준익_조미령"
"이준익",1706495,"하","홍영승","이준익_홍영승"
"이준익",1706495,"하","한성수","이준익_한성수"
"이준익",1706495,"하","릭키 준","이준익_릭키 준"
"이준익",1706495,"하","서성만","이준익_서성만"
"이준익",1706495,"하","장재욱","이준익_장재욱"
"이준익",1175381,"하","강하늘","이준익_강하늘"
"이준익",1175381,"하","박정민","이준익_박정민"
"이준익",1175381,"하","김인우","이준익_김인우"
"이준익",1175381,"하","최홍일","이준익_최홍일"
"이준익",1175381,"하","김정팔","이준익_김정팔"
"이준익",1175381,"하","최희서","이준익_최희서"
"이준익",1175381,"하","신윤주","이준익_신윤주"
"이준익",1175381,"하","문성근","이준익_문성근"
"이준익",1175381,"하","최종률","이준익_최종률"
"이준익",1175381,"하","전재형","이준익_전재형"
"이준익",1590685,"하","박중훈","이준익_박중훈"
"이준익",1590685,"하","안성기","이준익_안성기"
"이준익",1590685,"하","김현아","이준익_김현아"
"이준익",1590685,"하","강광원","이준익_강광원"
"이준익",1590685,"하","함수연","이준익_함수연"
"이준익",1590685,"하","손덕배","이준익_손덕배"
"이준익",1590685,"하","허민희","이준익_허민희"
"이준익",1590685,"하","조련","이준익_조련"
"이준익",1590685,"하","최정윤","이준익_최정윤"
"이준익",1590685,"하","황인준","이준익_황인준"
"이준익",2359707,"중","이제훈","이준익_이제훈"
"이준익",2359707,"중","최희서","이준익_최희서"
"이준익",2359707,"중","김인우","이준익_김인우"
"이준익",2359707,"중","권율","이준익_권율"
"이준익",2359707,"중","민진웅","이준익_민진웅"
"이준익",2359707,"중","이형석","이준익_이형석"
"이준익",2359707,"중","박진성","이준익_박진성"
"이준익",2359707,"중","배정환","이준익_배정환"
"이준익",2359707,"중","서동기","이준익_서동기"
"이준익",2359707,"중","정무진","이준익_정무진"
"이준익",490519,"하","박정민","이준익_박정민"
"이준익",490519,"하","김고은","이준익_김고은"
"이준익",490519,"하","장항선","이준익_장항선"
"이준익",490519,"하","고준","이준익_고준"
"이준익",490519,"하","신현빈","이준익_신현빈"
"이준익",490519,"하","정규수","이준익_정규수"
"이준익",490519,"하","김준한","이준익_김준한"
"이준익",490519,"하","배제기","이준익_배제기"
"이준익",490519,"하","최정헌","이준익_최정헌"
"이준익",490519,"하","한별","이준익_한별"
"이준익",6247651,"상","송강호","이준익_송강호"
"이준익",6247651,"상","유아인","이준익_유아인"
"이준익",6247651,"상","문근영","이준익_문근영"
"이준익",6247651,"상","전혜진","이준익_전혜진"
"이준익",6247651,"상","김해숙","이준익_김해숙"
"이준익",6247651,"상","박원상","이준익_박원상"
"이준익",6247651,"상","진지희","이준익_진지희"
"이준익",6247651,"상","박소담","이준익_박소담"
"이준익",6247651,"상","서예지","이준익_서예지"
"이준익",6247651,"상","이효제","이준익_이효제"
"이준익",2711086,"중","설경구","이준익_설경구"
"이준익",2711086,"중","엄지원","이준익_엄지원"
"이준익",2711086,"중","이레","이준익_이레"
"이준익",2711086,"중","김해숙","이준익_김해숙"
"이준익",2711086,"중","김상호","이준익_김상호"
"이준익",2711086,"중","라미란","이준익_라미란"
"이준익",2711086,"중","양진성","이준익_양진성"
"이준익",2711086,"중","이승택","이준익_이승택"
"이준익",2711086,"중","하진","이준익_하진"
"이준익",2711086,"중","조복래","이준익_조복래"
"이준익",10513699,"상","감우성","이준익_감우성"
"이준익",10513699,"상","이준기","이준익_이준기"
"이준익",10513699,"상","유해진","이준익_유해진"
"이준익",10513699,"상","정진영","이준익_정진영"
"이준익",10513699,"상","박영수","이준익_박영수"
"이준익",10513699,"상","강성연","이준익_강성연"
"이준익",10513699,"상","이건우","이준익_이건우"
"이준익",10513699,"상","이동수","이준익_이동수"
"이준익",10513699,"상","이동헌","이준익_이동헌"
"이준익",10513699,"상","유효정","이준익_유효정"
"이준익",1202719,"하","김상호","이준익_김상호"
"이준익",1202719,"하","김윤석","이준익_김윤석"
"이준익",1202719,"하","주진모","이준익_주진모"
"이준익",1202719,"하","장근석","이준익_장근석"
"이준익",1202719,"하","정진영","이준익_정진영"
"이준익",1202719,"하","김호정","이준익_김호정"
"이준익",1202719,"하","송재완","이준익_송재완"
"이준익",1202719,"하","조성구","이준익_조성구"
"이준익",1202719,"하","홍인기","이준익_홍인기"
"이준익",1202719,"하","노브레인","이준익_노브레인"
"이준익",1717566,"하","정진영","이준익_정진영"
"이준익",1717566,"하","이문식","이준익_이문식"
"이준익",1717566,"하","류승룡","이준익_류승룡"
"이준익",1717566,"하","윤제문","이준익_윤제문"
"이준익",1717566,"하","선우선","이준익_선우선"
"이준익",1717566,"하","이광수","이준익_이광수"
"이준익",1717566,"하","신정근","이준익_신정근"
"이준익",1717566,"하","류승수","이준익_류승수"
"이준익",1717566,"하","강하늘","이준익_강하늘"
"이준익",1717566,"하","정석용","이준익_정석용"
"이한",962134,"하","감우성","이한_감우성"
"이한",962134,"하","최강희","이한_최강희"
"이한",962134,"하","엄태웅","이한_엄태웅"
"이한",962134,"하","김민채","이한_김민채"
"이한",962134,"하","박정민","이한_박정민"
"이한",962134,"하","이은아","이한_이은아"
"이한",962134,"하","이연희","이한_이연희"
"이한",962134,"하","정일우","이한_정일우"
"이한",962134,"하","서신애","이한_서신애"
"이한",962134,"하","임정은","이한_임정은"
"이한",114,"하","보리","이한_보리"
"이한",114,"하","주희","이한_주희"
"이한",1069864,"하","김현빈","이한_김현빈"
"이한",1069864,"하","임시완","이한_임시완"
"이한",1069864,"하","고아성","이한_고아성"
"이한",1069864,"하","이희준","이한_이희준"
"이한",1069864,"하","이준혁","이한_이준혁"
"이한",1069864,"하","정준원","이한_정준원"
"이한",1069864,"하","이레","이한_이레"
"이한",1069864,"하","김영재","이한_김영재"
"이한",1069864,"하","임윤경","이한_임윤경"
"이한",1069864,"하","정대웅","이한_정대웅"
"이한",5311232,"상","김윤석","이한_김윤석"
"이한",5311232,"상","유아인","이한_유아인"
"이한",5311232,"상","김효숙","이한_김효숙"
"이한",5311232,"상","조병찬","이한_조병찬"
"이한",5311232,"상","조세현","이한_조세현"
"이한",5311232,"상","정한진","이한_정한진"
"이한",5311232,"상","강별","이한_강별"
"이한",5311232,"상","박효주","이한_박효주"
"이한",5311232,"상","박종현","이한_박종현"
"이한",5311232,"상","박진아","이한_박진아"
"이한",1619277,"하","김희애","이한_김희애"
"이한",1619277,"하","고아성","이한_고아성"
"이한",1619277,"하","김유정","이한_김유정"
"이한",1619277,"하","김향기","이한_김향기"
"이한",1619277,"하","유아인","이한_유아인"
"이한",1619277,"하","강다영","이한_강다영"
"이한",1619277,"하","강다정","이한_강다정"
"이한",1619277,"하","박지영","이한_박지영"
"이한",1619277,"하","박진수","이한_박진수"
"이한",1619277,"하","선현철","이한_선현철"
"이한",2534748,"중","정우성","이한_정우성"
"이한",2534748,"중","김향기","이한_김향기"
"이한",2534748,"중","이규형","이한_이규형"
"이한",2534748,"중","염혜란","이한_염혜란"
"이한",2534748,"중","장영남","이한_장영남"
"이한",2534748,"중","정원중","이한_정원중"
"이한",2534748,"중","김종수","이한_김종수"
"이한",2534748,"중","박근형","이한_박근형"
"이한",2534748,"중","송윤아","이한_송윤아"
"이한",2534748,"중","이준혁","이한_이준혁"
"이한",1567514,"하","권상우","이한_권상우"
"이한",1567514,"하","김하늘","이한_김하늘"
"이한",1567514,"하","이상우","이한_이상우"
"이한",1567514,"하","강기화","이한_강기화"
"이한",1567514,"하","김효경","이한_김효경"
"이한",1567514,"하","홍수연","이한_홍수연"
"이한",1567514,"하","김희숙","이한_김희숙"
"이한",1567514,"하","박정섭","이한_박정섭"
"이한",1567514,"하","최현경","이한_최현경"
"이한",1567514,"하","박진아","이한_박진아"
"이해영",356415,"하","박보영","이해영_박보영"
"이해영",356415,"하","엄지원","이해영_엄지원"
"이해영",356415,"하","박소담","이해영_박소담"
"이해영",356415,"하","공예지","이해영_공예지"
"이해영",356415,"하","주보비","이해영_주보비"
"이해영",356415,"하","박성연","이해영_박성연"
"이해영",356415,"하","심희섭","이해영_심희섭"
"이해영",356415,"하","고원희","이해영_고원희"
"이해영",356415,"하","박주희","이해영_박주희"
"이해영",356415,"하","이혜리","이해영_이혜리"
"이해영",5063844,"상","조진웅","이해영_조진웅"
"이해영",5063844,"상","류준열","이해영_류준열"
"이해영",5063844,"상","김주혁","이해영_김주혁"
"이해영",5063844,"상","김성령","이해영_김성령"
"이해영",5063844,"상","박해준","이해영_박해준"
"이해영",5063844,"상","차승원","이해영_차승원"
"이해영",5063844,"상","이주영","이해영_이주영"
"이해영",5063844,"상","김태준","이해영_김태준"
"이해영",5063844,"상","서현우","이해영_서현우"
"이해영",5063844,"상","이경제","이해영_이경제"
"이해영",137871,"하","조진웅","이해영_조진웅"
"이해영",137871,"하","류준열","이해영_류준열"
"이해영",137871,"하","김주혁","이해영_김주혁"
"이해영",137871,"하","김성령","이해영_김성령"
"이해영",137871,"하","박해준","이해영_박해준"
"이해영",137871,"하","차승원","이해영_차승원"
"이해영",575315,"하","류덕환","이해영_류덕환"
"이해영",575315,"하","백윤식","이해영_백윤식"
"이해영",575315,"하","김윤석","이해영_김윤석"
"이해영",575315,"하","김용훈","이해영_김용훈"
"이해영",575315,"하","최정우","이해영_최정우"
"이해영",575315,"하","송선찬","이해영_송선찬"
"이해영",575315,"하","신민정","이해영_신민정"
"이해영",575315,"하","정두환","이해영_정두환"
"이해영",575315,"하","김현근","이해영_김현근"
"이해영",575315,"하","황병직","이해영_황병직"
"이해영",196995,"하","신하균","이해영_신하균"
"이해영",196995,"하","박소현","이해영_박소현"
"이해영",196995,"하","김아중","이해영_김아중"
"이해영",196995,"하","엄지원","이해영_엄지원"
"이해영",196995,"하","심혜진","이해영_심혜진"
"이해영",196995,"하","성동일","이해영_성동일"
"이해영",196995,"하","류승범","이해영_류승범"
"이해영",196995,"하","백진희","이해영_백진희"
"이해영",196995,"하","오달수","이해영_오달수"
"이해영",196995,"하","설미미","이해영_설미미"
"이해준",724987,"하","정재영","이해준_정재영"
"이해준",724987,"하","구교환","이해준_구교환"
"이해준",724987,"하","정려원","이해준_정려원"
"이해준",724987,"하","강문정","이해준_강문정"
"이해준",724987,"하","박보영","이해준_박보영"
"이해준",724987,"하","이성배","이해준_이성배"
"이해준",724987,"하","임수진","이해준_임수진"
"이해준",724987,"하","최소영","이해준_최소영"
"이해준",724987,"하","이규형","이해준_이규형"
"이해준",724987,"하","양미경","이해준_양미경"
"이해준",386072,"하","설경구","이해준_설경구"
"이해준",386072,"하","박해일","이해준_박해일"
"이해준",386072,"하","윤제문","이해준_윤제문"
"이해준",386072,"하","이병준","이해준_이병준"
"이해준",386072,"하","류혜영","이해준_류혜영"
"이해준",386072,"하","이규형","이해준_이규형"
"이해준",386072,"하","김영대","이해준_김영대"
"이해준",386072,"하","김원진","이해준_김원진"
"이해준",386072,"하","김철환","이해준_김철환"
"이해준",386072,"하","민경진","이해준_민경진"
"이해준",6290502,"상","이병헌","이해준_이병헌"
"이해준",6290502,"상","하정우","이해준_하정우"
"이해준",6290502,"상","마동석","이해준_마동석"
"이해준",6290502,"상","전혜진","이해준_전혜진"
"이해준",6290502,"상","배수지","이해준_배수지"
"이해준",6290502,"상","손성찬","이해준_손성찬"
"이해준",6290502,"상","서명찬","이해준_서명찬"
"이해준",6290502,"상","양지수","이해준_양지수"
"이해준",6290502,"상","박준영","이해준_박준영"
"이해준",6290502,"상","양대혁","이해준_양대혁"
"이해준",575315,"하","류덕환","이해준_류덕환"
"이해준",575315,"하","백윤식","이해준_백윤식"
"이해준",575315,"하","김윤석","이해준_김윤석"
"이해준",575315,"하","김용훈","이해준_김용훈"
"이해준",575315,"하","최정우","이해준_최정우"
"이해준",575315,"하","송선찬","이해준_송선찬"
"이해준",575315,"하","신민정","이해준_신민정"
"이해준",575315,"하","정두환","이해준_정두환"
"이해준",575315,"하","김현근","이해준_김현근"
"이해준",575315,"하","황병직","이해준_황병직"
"임순례",832894,"하","김윤석","임순례_김윤석"
"임순례",832894,"하","오연수","임순례_오연수"
"임순례",832894,"하","한예리","임순례_한예리"
"임순례",832894,"하","백승환","임순례_백승환"
"임순례",832894,"하","박사랑","임순례_박사랑"
"임순례",832894,"하","김성균","임순례_김성균"
"임순례",832894,"하","이청기","임순례_이청기"
"임순례",832894,"하","이현경","임순례_이현경"
"임순례",832894,"하","최성태","임순례_최성태"
"임순례",832894,"하","홍지은","임순례_홍지은"
"임순례",1506911,"하","김태리","임순례_김태리"
"임순례",1506911,"하","류준열","임순례_류준열"
"임순례",1506911,"하","문소리","임순례_문소리"
"임순례",1506911,"하","진기주","임순례_진기주"
"임순례",1506911,"하","홍성덕","임순례_홍성덕"
"임순례",1506911,"하","이광용","임순례_이광용"
"임순례",1506911,"하","이상준","임순례_이상준"
"임순례",1506911,"하","김재훈","임순례_김재훈"
"임순례",1506911,"하","이유진","임순례_이유진"
"임순례",1506911,"하","김정은","임순례_김정은"
"임순례",4018872,"상","문소리","임순례_문소리"
"임순례",4018872,"상","김정은","임순례_김정은"
"임순례",4018872,"상","엄태웅","임순례_엄태웅"
"임순례",4018872,"상","김지영","임순례_김지영"
"임순례",4018872,"상","조은지","임순례_조은지"
"임순례",4018872,"상","이미도","임순례_이미도"
"임순례",4018872,"상","조영진","임순례_조영진"
"임순례",4018872,"상","이봉규","임순례_이봉규"
"임순례",4018872,"상","정석용","임순례_정석용"
"임순례",4018872,"상","하정우","임순례_하정우"
"임순례",1755181,"하","박해일","임순례_박해일"
"임순례",1755181,"하","유연석","임순례_유연석"
"임순례",1755181,"하","이경영","임순례_이경영"
"임순례",1755181,"하","박원상","임순례_박원상"
"임순례",1755181,"하","류현경","임순례_류현경"
"임순례",1755181,"하","송하윤","임순례_송하윤"
"임순례",1755181,"하","김강현","임순례_김강현"
"임순례",1755181,"하","김수안","임순례_김수안"
"임순례",1755181,"하","김중기","임순례_김중기"
"임순례",1755181,"하","이봉규","임순례_이봉규"
"장재현",5442915,"상","김윤석","장재현_김윤석"
"장재현",5442915,"상","강동원","장재현_강동원"
"장재현",5442915,"상","박소담","장재현_박소담"
"장재현",5442915,"상","김병옥","장재현_김병옥"
"장재현",5442915,"상","김의성","장재현_김의성"
"장재현",5442915,"상","이호재","장재현_이호재"
"장재현",5442915,"상","남일우","장재현_남일우"
"장재현",5442915,"상","김동현","장재현_김동현"
"장재현",5442915,"상","김미영","장재현_김미영"
"장재현",5442915,"상","김혜민","장재현_김혜민"
"장재현",2398519,"중","이정재","장재현_이정재"
"장재현",2398519,"중","박정민","장재현_박정민"
"장재현",2398519,"중","이재인","장재현_이재인"
"장재현",2398519,"중","유지태","장재현_유지태"
"장재현",2398519,"중","정진영","장재현_정진영"
"장재현",2398519,"중","진선규","장재현_진선규"
"장재현",2398519,"중","이다윗","장재현_이다윗"
"장재현",2398519,"중","배해선","장재현_배해선"
"장재현",2398519,"중","차래형","장재현_차래형"
"장재현",2398519,"중","황정민","장재현_황정민"
"장준환",7232387,"상","안대겸","장준환_안대겸"
"장준환",7232387,"상","김윤석","장준환_김윤석"
"장준환",7232387,"상","하정우","장준환_하정우"
"장준환",7232387,"상","유해진","장준환_유해진"
"장준환",7232387,"상","김태리","장준환_김태리"
"장준환",7232387,"상","박희순","장준환_박희순"
"장준환",7232387,"상","이희준","장준환_이희준"
"장준환",7232387,"상","설경구","장준환_설경구"
"장준환",7232387,"상","여진구","장준환_여진구"
"장준환",7232387,"상","윤재국","장준환_윤재국"
"장준환",2394487,"중","여진구","장준환_여진구"
"장준환",2394487,"중","김윤석","장준환_김윤석"
"장준환",2394487,"중","조진웅","장준환_조진웅"
"장준환",2394487,"중","장현성","장준환_장현성"
"장준환",2394487,"중","김성균","장준환_김성균"
"장준환",2394487,"중","박해준","장준환_박해준"
"장준환",2394487,"중","임지은","장준환_임지은"
"장준환",2394487,"중","남지현","장준환_남지현"
"장준환",2394487,"중","설우신","장준환_설우신"
"장준환",2394487,"중","이성","장준환_이성"
"장창원",4018341,"상","현빈","장창원_현빈"
"장창원",4018341,"상","유지태","장창원_유지태"
"장창원",4018341,"상","배성우","장창원_배성우"
"장창원",4018341,"상","박성웅","장창원_박성웅"
"장창원",4018341,"상","나나","장창원_나나"
"장창원",4018341,"상","안세하","장창원_안세하"
"장창원",4018341,"상","최덕문","장창원_최덕문"
"장창원",4018341,"상","전보람","장창원_전보람"
"장창원",4018341,"상","전헌태","장창원_전헌태"
"장창원",4018341,"상","이용희","장창원_이용희"
"장철수",6959083,"상","김수현","장철수_김수현"
"장철수",6959083,"상","박기웅","장철수_박기웅"
"장철수",6959083,"상","이현우","장철수_이현우"
"장철수",6959083,"상","손현주","장철수_손현주"
"장철수",6959083,"상","박혜숙","장철수_박혜숙"
"장철수",6959083,"상","김성균","장철수_김성균"
"장철수",6959083,"상","고창석","장철수_고창석"
"장철수",6959083,"상","장광","장철수_장광"
"장철수",6959083,"상","신정근","장철수_신정근"
"장철수",6959083,"상","홍경인","장철수_홍경인"
"장철수",4738,"하","김수현","장철수_김수현"
"장철수",4738,"하","박기웅","장철수_박기웅"
"장철수",4738,"하","이현우","장철수_이현우"
"장철수",4738,"하","손현주","장철수_손현주"
"장훈",2945151,"중","신하균","장훈_신하균"
"장훈",2945151,"중","고수","장훈_고수"
"장훈",2945151,"중","이제훈","장훈_이제훈"
"장훈",2945151,"중","류승수","장훈_류승수"
"장훈",2945151,"중","고창석","장훈_고창석"
"장훈",2945151,"중","이다윗","장훈_이다윗"
"장훈",2945151,"중","류승룡","장훈_류승룡"
"장훈",2945151,"중","김옥빈","장훈_김옥빈"
"장훈",2945151,"중","조진웅","장훈_조진웅"
"장훈",2945151,"중","정인기","장훈_정인기"
"장훈",5416829,"상","송강호","장훈_송강호"
"장훈",5416829,"상","강동원","장훈_강동원"
"장훈",5416829,"상","전국환","장훈_전국환"
"장훈",5416829,"상","박혁권","장훈_박혁권"
"장훈",5416829,"상","윤희석","장훈_윤희석"
"장훈",5416829,"상","최정우","장훈_최정우"
"장훈",5416829,"상","정인기","장훈_정인기"
"장훈",5416829,"상","설진욱","장훈_설진욱"
"장훈",5416829,"상","강명희","장훈_강명희"
"장훈",5416829,"상","홍서백","장훈_홍서백"
"장훈",12189654,"상","이수민","장훈_이수민"
"장훈",12189654,"상","송강호","장훈_송강호"
"장훈",12189654,"상","토마스 크레취만","장훈_토마스 크레취만"
"장훈",12189654,"상","유해진","장훈_유해진"
"장훈",12189654,"상","류준열","장훈_류준열"
"장훈",12189654,"상","박혁권","장훈_박혁권"
"장훈",12189654,"상","최귀화","장훈_최귀화"
"장훈",12189654,"상","이창섭","장훈_이창섭"
"장훈",12189654,"상","이호균","장훈_이호균"
"장훈",12189654,"상","서정우","장훈_서정우"
"정용기",2598859,"중","신현준","정용기_신현준"
"정용기",2598859,"중","김원희","정용기_김원희"
"정용기",2598859,"중","김수미","정용기_김수미"
"정용기",2598859,"중","탁재훈","정용기_탁재훈"
"정용기",2598859,"중","김도연","정용기_김도연"
"정용기",2598859,"중","김응수","정용기_김응수"
"정용기",2598859,"중","강병조","정용기_강병조"
"정용기",2598859,"중","김홍규","정용기_김홍규"
"정용기",2598859,"중","임형준","정용기_임형준"
"정용기",2598859,"중","박영식","정용기_박영식"
"정용기",1160021,"하","조성현","정용기_조성현"
"정용기",1160021,"하","정준호","정용기_정준호"
"정용기",1160021,"하","김민정","정용기_김민정"
"정용기",1160021,"하","유동근","정용기_유동근"
"정용기",1160021,"하","성동일","정용기_성동일"
"정용기",1160021,"하","박근형","정용기_박근형"
"정용기",1160021,"하","박상욱","정용기_박상욱"
"정용기",1160021,"하","윤두준","정용기_윤두준"
"정용기",1160021,"하","황광희","정용기_황광희"
"정용기",1160021,"하","유민","정용기_유민"
"정용기",4529876,"상","신현준","정용기_신현준"
"정용기",4529876,"상","김수미","정용기_김수미"
"정용기",4529876,"상","김원희","정용기_김원희"
"정용기",4529876,"상","최은주","정용기_최은주"
"정용기",4529876,"상","김효진","정용기_김효진"
"정용기",4529876,"상","박은혜","정용기_박은혜"
"정용기",4529876,"상","임형준","정용기_임형준"
"정용기",4529876,"상","한재혁","정용기_한재혁"
"정용기",4529876,"상","김인욱","정용기_김인욱"
"정용기",4529876,"상","이화란","정용기_이화란"
"정용기",1544486,"하","박용우","정용기_박용우"
"정용기",1544486,"하","이보영","정용기_이보영"
"정용기",1544486,"하","김수현","정용기_김수현"
"정용기",1544486,"하","성동일","정용기_성동일"
"정용기",1544486,"하","김응수","정용기_김응수"
"정용기",1544486,"하","이상찬","정용기_이상찬"
"정용기",1544486,"하","안길강","정용기_안길강"
"정용기",1544486,"하","조희봉","정용기_조희봉"
"정용기",1544486,"하","서민균","정용기_서민균"
"정용기",1544486,"하","심호성","정용기_심호성"
"정용기",214709,"하","임은경","정용기_임은경"
"정용기",214709,"하","김유미","정용기_김유미"
"정용기",214709,"하","심형탁","정용기_심형탁"
"정용기",214709,"하","옥지영","정용기_옥지영"
"정용기",214709,"하","천호진","정용기_천호진"
"정용기",214709,"하","조성아","정용기_조성아"
"정용기",214709,"하","안재범","정용기_안재범"
"정용기",214709,"하","배효진","정용기_배효진"
"정용기",214709,"하","임종호","정용기_임종호"
"정용기",214709,"하","정진환","정용기_정진환"
"정용기",360045,"하","공형진","정용기_공형진"
"정용기",360045,"하","김주혁","정용기_김주혁"
"정용기",360045,"하","이윤지","정용기_이윤지"
"정용기",360045,"하","이시영","정용기_이시영"
"정용기",360045,"하","오정세","정용기_오정세"
"정용기",360045,"하","강대영","정용기_강대영"
"정용기",360045,"하","조성걸","정용기_조성걸"
"정용기",360045,"하","최정화","정용기_최정화"
"정용기",360045,"하","김형근","정용기_김형근"
"정용기",360045,"하","조달환","정용기_조달환"
"정용기",612126,"하","서민균","정용기_서민균"
"정용기",612126,"하","이범수","정용기_이범수"
"정용기",612126,"하","이시영","정용기_이시영"
"정용기",612126,"하","김수로","정용기_김수로"
"정용기",612126,"하","성동일","정용기_성동일"
"정용기",612126,"하","허지원","정용기_허지원"
"정용기",612126,"하","김두환","정용기_김두환"
"정용기",612126,"하","강민영","정용기_강민영"
"정용기",612126,"하","신동선","정용기_신동선"
"정용기",612126,"하","김무영","정용기_김무영"
"정윤철",837500,"하","이정재","정윤철_이정재"
"정윤철",837500,"하","여진구","정윤철_여진구"
"정윤철",837500,"하","김무열","정윤철_김무열"
"정윤철",837500,"하","이솜","정윤철_이솜"
"정윤철",837500,"하","박원상","정윤철_박원상"
"정윤철",837500,"하","배수빈","정윤철_배수빈"
"정윤철",837500,"하","김명곤","정윤철_김명곤"
"정윤철",837500,"하","박해준","정윤철_박해준"
"정윤철",837500,"하","이한성","정윤철_이한성"
"정윤철",837500,"하","박정환","정윤철_박정환"
"정윤철",4196840,"상","조승우","정윤철_조승우"
"정윤철",4196840,"상","김미숙","정윤철_김미숙"
"정윤철",4196840,"상","이진영","정윤철_이진영"
"정윤철",4196840,"상","허자경","정윤철_허자경"
"정윤철",4196840,"상","석명홍","정윤철_석명홍"
"정윤철",4196840,"상","정철우","정윤철_정철우"
"정윤철",4196840,"상","이민숙","정윤철_이민숙"
"정윤철",4196840,"상","김장욱","정윤철_김장욱"
"정윤철",4196840,"상","전수지","정윤철_전수지"
"정윤철",4196840,"상","정미선","정윤철_정미선"
"정윤철",550284,"하","홍희자","정윤철_홍희자"
"정윤철",550284,"하","황정민","정윤철_황정민"
"정윤철",550284,"하","전지현","정윤철_전지현"
"정윤철",550284,"하","진지희","정윤철_진지희"
"정윤철",550284,"하","서영화","정윤철_서영화"
"정윤철",550284,"하","최우혁","정윤철_최우혁"
"정윤철",550284,"하","조상현","정윤철_조상현"
"정윤철",550284,"하","김기석","정윤철_김기석"
"정윤철",550284,"하","이상엽","정윤철_이상엽"
"정윤철",550284,"하","김한길","정윤철_김한길"
"정윤철",306470,"하","천호진","정윤철_천호진"
"정윤철",306470,"하","문희경","정윤철_문희경"
"정윤철",306470,"하","김혜수","정윤철_김혜수"
"정윤철",306470,"하","유아인","정윤철_유아인"
"정윤철",306470,"하","황보라","정윤철_황보라"
"정윤철",306470,"하","정유미","정윤철_정유미"
"정윤철",306470,"하","이기우","정윤철_이기우"
"정윤철",306470,"하","임혁필","정윤철_임혁필"
"정윤철",306470,"하","이대헌","정윤철_이대헌"
"정윤철",306470,"하","백경인","정윤철_백경인"
"정지영",3459864,"상","안성기","정지영_안성기"
"정지영",3459864,"상","박원상","정지영_박원상"
"정지영",3459864,"상","나영희","정지영_나영희"
"정지영",3459864,"상","김지호","정지영_김지호"
"정지영",3459864,"상","이승훈","정지영_이승훈"
"정지영",3459864,"상","이춘연","정지영_이춘연"
"정지영",3459864,"상","이홍표","정지영_이홍표"
"정지영",3459864,"상","임태연","정지영_임태연"
"정지영",3459864,"상","장길수","정지영_장길수"
"정지영",3459864,"상","장현남","정지영_장현남"
"정지영",2478964,"중","조진웅","정지영_조진웅"
"정지영",2478964,"중","이하늬","정지영_이하늬"
"정지영",2478964,"중","이경영","정지영_이경영"
"정지영",2478964,"중","강신일","정지영_강신일"
"정지영",2478964,"중","최덕문","정지영_최덕문"
"정지영",2478964,"중","조한철","정지영_조한철"
"정지영",2478964,"중","허성태","정지영_허성태"
"정지영",2478964,"중","강도연","정지영_강도연"
"정지영",2478964,"중","정인기","정지영_정인기"
"정지영",2478964,"중","윤진영","정지영_윤진영"
"조성희",6654842,"상","송중기","조성희_송중기"
"조성희",6654842,"상","박보영","조성희_박보영"
"조성희",6654842,"상","장영남","조성희_장영남"
"조성희",6654842,"상","유연석","조성희_유연석"
"조성희",6654842,"상","김향기","조성희_김향기"
"조성희",6654842,"상","장서이","조성희_장서이"
"조성희",6654842,"상","한민혁","조성희_한민혁"
"조성희",6654842,"상","이승주","조성희_이승주"
"조성희",6654842,"상","최광락","조성희_최광락"
"조성희",6654842,"상","오영석","조성희_오영석"
"조성희",414285,"하","송중기","조성희_송중기"
"조성희",414285,"하","박보영","조성희_박보영"
"조성희",414285,"하","장영남","조성희_장영남"
"조성희",414285,"하","유연석","조성희_유연석"
"조성희",414285,"하","김향기","조성희_김향기"
"조성희",1430885,"하","이제훈","조성희_이제훈"
"조성희",1430885,"하","김성균","조성희_김성균"
"조성희",1430885,"하","박근형","조성희_박근형"
"조성희",1430885,"하","정성화","조성희_정성화"
"조성희",1430885,"하","고아라","조성희_고아라"
"조성희",1430885,"하","노정의","조성희_노정의"
"조성희",1430885,"하","김하나","조성희_김하나"
"조성희",1430885,"하","유승목","조성희_유승목"
"조성희",1430885,"하","박정원","조성희_박정원"
"조성희",1430885,"하","박지훈","조성희_박지훈"
"조정래",3587182,"상","손숙","조정래_손숙"
"조정래",3587182,"상","강하나","조정래_강하나"
"조정래",3587182,"상","서미지","조정래_서미지"
"조정래",3587182,"상","최리","조정래_최리"
"조정래",3587182,"상","정인기","조정래_정인기"
"조정래",3587182,"상","오지혜","조정래_오지혜"
"조정래",3587182,"상","김시은","조정래_김시은"
"조정래",3587182,"상","이채현","조정래_이채현"
"조정래",3587182,"상","임성철","조정래_임성철"
"조정래",3587182,"상","임혜영","조정래_임혜영"
"조진규",3897969,"상","박신양","조진규_박신양"
"조진규",3897969,"상","김정태","조진규_김정태"
"조진규",3897969,"상","엄지원","조진규_엄지원"
"조진규",3897969,"상","정혜영","조진규_정혜영"
"조진규",3897969,"상","김성균","조진규_김성균"
"조진규",3897969,"상","최일화","조진규_최일화"
"조진규",3897969,"상","최지호","조진규_최지호"
"조진규",3897969,"상","김형범","조진규_김형범"
"조진규",3897969,"상","장원종","조진규_장원종"
"조진규",3897969,"상","이충재","조진규_이충재"
"조진규",119884,"하","김아중","조진규_김아중"
"조진규",119884,"하","최령","조진규_최령"
"조진규",119884,"하","이성진","조진규_이성진"
"조진규",119884,"하","이문식","조진규_이문식"
"조진규",119884,"하","유동근","조진규_유동근"
"조진규",119884,"하","박예리","조진규_박예리"
"조진규",119884,"하","박정률","조진규_박정률"
"조진규",119884,"하","배정아","조진규_배정아"
"조진규",119884,"하","강호동","조진규_강호동"
"조진규",119884,"하","김경용","조진규_김경용"
"조진규",1468191,"하","최령","조진규_최령"
"조진규",1468191,"하","이범수","조진규_이범수"
"조진규",1468191,"하","서기","조진규_서기"
"조진규",1468191,"하","심정호","조진규_심정호"
"조진규",1468191,"하","안광남","조진규_안광남"
"조진규",1468191,"하","김도영","조진규_김도영"
"조진규",1468191,"하","민성주","조진규_민성주"
"조진규",1468191,"하","임결향","조진규_임결향"
"조진규",1468191,"하","오지명","조진규_오지명"
"조진규",1468191,"하","오복연","조진규_오복연"
"최국희",3755233,"상","김혜수","최국희_김혜수"
"최국희",3755233,"상","유아인","최국희_유아인"
"최국희",3755233,"상","허준호","최국희_허준호"
"최국희",3755233,"상","조우진","최국희_조우진"
"최국희",3755233,"상","뱅상 카셀","최국희_뱅상 카셀"
"최국희",3755233,"상","이원희","최국희_이원희"
"최국희",3755233,"상","이은주","최국희_이은주"
"최국희",3755233,"상","손민석","최국희_손민석"
"최국희",3755233,"상","손영진","최국희_손영진"
"최국희",3755233,"상","이하윤","최국희_이하윤"
"최국희",758195,"하","유지태","최국희_유지태"
"최국희",758195,"하","이정현","최국희_이정현"
"최국희",758195,"하","이다윗","최국희_이다윗"
"최국희",758195,"하","정성화","최국희_정성화"
"최국희",758195,"하","김지은","최국희_김지은"
"최국희",758195,"하","김태훈","최국희_김태훈"
"최국희",758195,"하","신민수","최국희_신민수"
"최국희",758195,"하","윤수현","최국희_윤수현"
"최국희",758195,"하","이정주","최국희_이정주"
"최국희",758195,"하","이지수","최국희_이지수"
"최성현",3420172,"상","이병헌","최성현_이병헌"
"최성현",3420172,"상","윤여정","최성현_윤여정"
"최성현",3420172,"상","박정민","최성현_박정민"
"최성현",3420172,"상","한지민","최성현_한지민"
"최성현",3420172,"상","김성령","최성현_김성령"
"최성현",3420172,"상","이주영","최성현_이주영"
"최성현",3420172,"상","최리","최성현_최리"
"최성현",3420172,"상","이가경","최성현_이가경"
"최성현",3420172,"상","이상준","최성현_이상준"
"최성현",3420172,"상","박현주","최성현_박현주"
"허정",5604106,"상","손현주","허정_손현주"
"허정",5604106,"상","문정희","허정_문정희"
"허정",5604106,"상","전미선","허정_전미선"
"허정",5604106,"상","장채린","허정_장채린"
"허정",5604106,"상","김수안","허정_김수안"
"허정",5604106,"상","김원해","허정_김원해"
"허정",5604106,"상","노수산나","허정_노수산나"
"허정",5604106,"상","정준원","허정_정준원"
"허정",5604106,"상","김근영","허정_김근영"
"허정",5604106,"상","성유빈","허정_성유빈"
"허정",1306438,"하","염정아","허정_염정아"
"허정",1306438,"하","박혁권","허정_박혁권"
"허정",1306438,"하","허진","허정_허진"
"허정",1306438,"하","신린아","허정_신린아"
"허정",1306438,"하","방유설","허정_방유설"
"허정",1306438,"하","이준혁","허정_이준혁"
"허정",1306438,"하","이달","허정_이달"
"허정",1306438,"하","이주원","허정_이주원"
"허정",1306438,"하","장리우","허정_장리우"
"허정",1306438,"하","정지훈","허정_정지훈"
"허진호",5599665,"상","손예진","허진호_손예진"
"허진호",5599665,"상","박해일","허진호_박해일"
"허진호",5599665,"상","윤제문","허진호_윤제문"
"허진호",5599665,"상","라미란","허진호_라미란"
"허진호",5599665,"상","정상훈","허진호_정상훈"
"허진호",5599665,"상","박수영","허진호_박수영"
"허진호",5599665,"상","김소현","허진호_김소현"
"허진호",5599665,"상","박주미","허진호_박주미"
"허진호",5599665,"상","안내상","허진호_안내상"
"허진호",5599665,"상","김재욱","허진호_김재욱"
"허진호",438808,"하","김강우","허진호_김강우"
"허진호",438808,"하","황정민","허진호_황정민"
"허진호",438808,"하","김민선","허진호_김민선"
"허진호",438808,"하","김수로","허진호_김수로"
"허진호",438808,"하","김영근","허진호_김영근"
"허진호",438808,"하","김효진","허진호_김효진"
"허진호",438808,"하","배종옥","허진호_배종옥"
"허진호",438808,"하","송중기","허진호_송중기"
"허진호",438808,"하","신세경","허진호_신세경"
"허진호",438808,"하","엄정화","허진호_엄정화"
"허진호",678786,"하","배용준","허진호_배용준"
"허진호",678786,"하","손예진","허진호_손예진"
"허진호",678786,"하","김광일","허진호_김광일"
"허진호",678786,"하","류승수","허진호_류승수"
"허진호",678786,"하","이한위","허진호_이한위"
"허진호",678786,"하","전국환","허진호_전국환"
"허진호",678786,"하","유승목","허진호_유승목"
"허진호",678786,"하","곽수정","허진호_곽수정"
"허진호",678786,"하","주부진","허진호_주부진"
"허진호",965624,"하","최민식","허진호_최민식"
"허진호",965624,"하","한석규","허진호_한석규"
"허진호",965624,"하","신구","허진호_신구"
"허진호",965624,"하","김홍파","허진호_김홍파"
"허진호",965624,"하","허준호","허진호_허준호"
"허진호",965624,"하","김태우","허진호_김태우"
"허진호",965624,"하","김원해","허진호_김원해"
"허진호",965624,"하","임원희","허진호_임원희"
"허진호",965624,"하","오광록","허진호_오광록"
"허진호",965624,"하","박성훈","허진호_박성훈"
"허진호",1174495,"하","황정민","허진호_황정민"
"허진호",1174495,"하","임수정","허진호_임수정"
"허진호",1174495,"하","공효진","허진호_공효진"
"허진호",1174495,"하","신종민","허진호_신종민"
"허진호",1174495,"하","남주현","허진호_남주현"
"허진호",1174495,"하","박혜은","허진호_박혜은"
"허진호",1174495,"하","최명화","허진호_최명화"
"허진호",1174495,"하","최민선","허진호_최민선"
"허진호",1174495,"하","이홍재","허진호_이홍재"
"허진호",1174495,"하","장진희","허진호_장진희"
"허진호",287752,"하","정우성","허진호_정우성"
"허진호",287752,"하","고원원","허진호_고원원"
"허진호",287752,"하","이봉화","허진호_이봉화"
"허진호",287752,"하","이서영","허진호_이서영"
"허진호",287752,"하","김상호","허진호_김상호"
"황인호",526557,"하","이민기","황인호_이민기"
"황인호",526557,"하","김고은","황인호_김고은"
"황인호",526557,"하","안서현","황인호_안서현"
"황인호",526557,"하","윤진하","황인호_윤진하"
"황인호",526557,"하","박병은","황인호_박병은"
"황인호",526557,"하","김뢰하","황인호_김뢰하"
"황인호",526557,"하","김부선","황인호_김부선"
"황인호",526557,"하","이현빈","황인호_이현빈"
"황인호",526557,"하","이현우","황인호_이현우"
"황인호",526557,"하","손종규","황인호_손종규"
"황인호",3009356,"중","손예진","황인호_손예진"
"황인호",3009356,"중","이민기","황인호_이민기"
"황인호",3009356,"중","신동훈","황인호_신동훈"
"황인호",3009356,"중","김혜숙","황인호_김혜숙"
"황인호",3009356,"중","조아라","황인호_조아라"
"황인호",3009356,"중","박재우","황인호_박재우"
"황인호",3009356,"중","태리","황인호_태리"
"황인호",3009356,"중","최우진","황인호_최우진"
"황인호",3009356,"중","이현진","황인호_이현진"
"황인호",3009356,"중","이미도","황인호_이미도"
