"영화명","개봉일","매출액","매출액점유율","누적매출액","관객수","누적관객수","스크린수","상영횟수","대표국적","제작사","배급사","등급","장르","감독","배우"
"명량",2014-07-30,135753219310,8.3,135753219310,17615039,17615039,1587,188646,"한국","(주)빅스톤픽쳐스","(주)씨제이이엔엠","15세이상관람가","사극,액션","김한민","최민식"
"국제시장",2014-12-17,110930943730,6.8,110930943730,14261581,14261581,1044,212664,"한국","(주)제이케이필름,(주)씨제이이엔엠","(주)씨제이이엔엠","12세이상관람가","드라마","윤제균","황정민"
"베테랑",2015-08-05,105168155250,6.4,105168155250,13414009,13414009,1115,199231,"한국","(주)외유내강,(주)필름케이","(주)씨제이이엔엠","15세이상관람가","액션,드라마","류승완","황정민"
"암살",2015-07-22,98463132781,6,98463132781,12705700,12705700,1519,175185,"한국","(주)케이퍼필름","(주)쇼박스","15세이상관람가","액션,드라마","최동훈","전지현"
"해적: 바다로 간 산적",2014-08-06,66372140706,4,66372140706,8666208,8666208,910,133354,"한국","(주)하리마오픽쳐스","롯데쇼핑㈜롯데엔터테인먼트","12세이상관람가","어드벤처","이석훈","김남길"
"수상한 그녀",2014-01-22,62710880849,3.8,62710880849,8658800,8658800,1027,136985,"한국","(주)예인플러스엔터테인먼트,아이앤코스모스(주)시네와이즈필름","(주)씨제이이엔엠","15세이상관람가","드라마","황동혁","심은경"
"내부자들",2015-11-19,56465665657,3.4,56465665657,7055332,7055332,1129,152265,"한국","(유)내부자들 문화전문회사","(주)쇼박스","청소년관람불가","범죄,드라마","우민호","이병헌"
"사도",2015-09-16,48842902501,3,48842902501,6246849,6246849,1210,124246,"한국","(주)타이거픽쳐스","(주)쇼박스","12세이상관람가","사극","이준익","송강호"
"연평해전",2015-06-24,45563228330,2.8,45563228330,6043784,6043784,1013,114450,"한국","(주)로제타시네마","(주)넥스트엔터테인먼트월드(NEW)","12세이상관람가","드라마","김학순","김무열"
"변호인",2013-12-18,41918856800,2.6,82872254800,5687812,11374859,925,97270,"한국","위더스필름(주)","(주)넥스트엔터테인먼트월드(NEW)","15세이상관람가","드라마","양우석","송강호"
"검은 사제들",2015-11-05,42405282092,2.6,42405282092,5442128,5442128,1109,131155,"한국","영화사 집","(주)씨제이이엔엠","15세이상관람가","미스터리,드라마","장재현","김윤석"
"히말라야",2015-12-16,39469775448,2.4,39469775448,5129409,5129409,1095,81042,"한국","(주)제이케이필름","(주)씨제이이엔엠","12세이상관람가","드라마","이석훈","황정민"
"군도: 민란의 시대",2014-07-23,36989711499,2.3,36989711499,4775441,4775441,1394,67252,"한국","(주)영화사 월광,(주)쇼박스","(주)쇼박스","15세이상관람가","사극,액션","윤종빈","하정우"
"타짜-신의 손",2014-09-03,32373120927,2,32373120927,4015361,4015361,890,80584,"한국","(주)싸이더스","롯데쇼핑㈜롯데엔터테인먼트,(주)싸이더스","청소년관람불가","드라마","강형철","최승현"
"조선명탐정 : 사라진 놉의 딸",2015-02-11,30456879428,1.9,30456879428,3872015,3872015,825,80499,"한국","청년필름(주)","(주)쇼박스","12세이상관람가","사극,코미디,어드벤처","김석윤","김명민"
"역린",2014-04-30,29894266890,1.8,29894266890,3849552,3849552,1054,83299,"한국","굿초이스컷픽쳐스(주),(주)파파스필름","롯데쇼핑㈜롯데엔터테인먼트","15세이상관람가","사극","이재규","현빈"
"신의 한 수",2014-07-03,28812027456,1.8,28812027456,3566852,3566852,794,77110,"한국","(주)메이스엔터테인먼트,(주)아지트필름","(주)쇼박스","청소년관람불가","범죄,액션","조범구","정우성"
"끝까지 간다",2014-05-29,27007303900,1.6,27007303900,3450305,3450305,645,84876,"한국","(주)에이디사공육,(주)다세포클럽","(주)쇼박스","15세이상관람가","액션,스릴러,범죄","김성훈","이선균"
"스물",2015-03-25,23563421686,1.4,23563421686,3044811,3044811,926,100161,"한국","(주)영화나무,(주)아이에이치큐","(주)넥스트엔터테인먼트월드(NEW)","15세이상관람가","코미디,드라마","이병헌","김우빈"
"극비수사",2015-06-18,22389535897,1.4,22389535897,2860786,2860786,894,66211,"한국","(주)제이콘컴퍼니,(주)영화사 신세계","(주)쇼박스","15세이상관람가","드라마,범죄","곽경택","김윤석"
"표적",2014-04-30,22256769300,1.4,22256769300,2841828,2841828,716,72255,"한국","(주)바른손이앤에이,(주)용필름","(주)씨제이이엔엠","15세이상관람가","액션,드라마","창","류승룡"
"탐정 : 더 비기닝",2015-09-24,20463956973,1.2,20463956973,2625686,2625686,764,54995,"한국","(주)크리픽쳐스","(주)씨제이이엔엠","15세이상관람가","코미디,범죄","김정훈","권상우"
"기술자들",2014-12-24,19894297783,1.2,19894297783,2564340,2564340,641,43224,"한국","(주)트리니티엔터테인먼트","롯데쇼핑㈜롯데엔터테인먼트","15세이상관람가","범죄,액션","김홍선","김우빈"
"악의 연대기",2015-05-14,17361815332,1.1,17361815332,2192525,2192525,776,64351,"한국","(주)비에이엔터테인먼트","(주)씨제이이엔엠","15세이상관람가","스릴러","백운학","손현주"
"강남 1970",2015-01-21,17718699499,1.1,17718699499,2192276,2192276,841,53304,"한국","(주)모베라픽처스,(주)쇼박스","(주)쇼박스","청소년관람불가","액션,드라마","유하","이민호"
"나의 사랑 나의 신부",2014-10-08,16636404305,1,16636404305,2141155,2141155,629,69684,"한국","(주)필름모멘텀","씨네그루(주)다우기술","15세이상관람가","멜로/로맨스,코미디","임찬상","조정석"
"뷰티 인사이드",2015-08-20,16148479531,1,16148479531,2053435,2053435,648,52618,"한국","(주)용필름","(주)넥스트엔터테인먼트월드(NEW)","12세이상관람가","판타지,멜로/로맨스","백","한효주"
"남자가 사랑할 때",2014-01-22,14510222300,0.9,14510222300,1979311,1979311,531,41123,"한국","(주)사나이픽처스,필름트레인","(주)넥스트엔터테인먼트월드(NEW)","15세이상관람가","멜로/로맨스,드라마","한동욱","황정민"
"용의자",2013-12-24,14408028500,0.9,30037521000,1954586,4131338,618,42310,"한국","(주)그린피쉬,(주)쇼박스","(주)쇼박스","15세이상관람가","액션,스릴러","원신연","공유"
"오늘의 연애",2015-01-14,14924654487,0.9,14924654487,1891993,1891993,709,47237,"한국","(주)팝콘에프앤엠","(주)씨제이이엔엠","15세이상관람가","멜로/로맨스,코미디","박진표","이승기"
"제보자",2014-10-02,13515762802,0.8,13515762802,1755181,1755181,676,58358,"한국","(주)영화사수박","메가박스중앙(주)플러스엠","12세이상관람가","드라마","임순례","박해일"
"쎄시봉",2015-02-05,13571515911,0.8,13571515911,1715370,1715370,829,51744,"한국","유한회사 제이필름,(주)무브픽쳐스","(주)씨제이이엔엠","15세이상관람가","멜로/로맨스,코미디,드라마","김현석","김윤석"
"피끓는 청춘",2014-01-22,11688382888,0.7,11688382888,1676040,1676040,679,36082,"한국","(주)담소필름","롯데쇼핑㈜롯데엔터테인먼트","15세이상관람가","코미디,멜로/로맨스,드라마","이연우","박보영"
"두근두근 내 인생",2014-09-03,12291081634,0.7,12291081634,1624601,1624601,629,40158,"한국","영화사 집","(주)씨제이이엔엠","12세이상관람가","드라마","이재용","김승욱"
"우아한 거짓말",2014-03-13,11728905300,0.7,11728905300,1619277,1619277,573,57493,"한국","(주)유비유필름,(주)무비락","CGV아트하우스","12세이상관람가","드라마","이한","김희애"
"더 폰",2015-10-22,12309164568,0.8,12309164568,1593694,1593694,794,53599,"한국","(주)미스터로맨스","(주)넥스트엔터테인먼트월드(NEW)","15세이상관람가","스릴러,액션","김봉주","손현주"
"대호",2015-12-16,12104808332,0.7,12104808332,1584168,1584168,892,39599,"한국","(주)사나이픽처스","(주)넥스트엔터테인먼트월드(NEW)","12세이상관람가","사극","박훈정","최민식"
"해무(海霧)",2014-08-13,11707382519,0.7,11707382519,1475582,1475582,584,33491,"한국","(주)해무,(주)루이스 픽쳐스","(주)넥스트엔터테인먼트월드(NEW)","청소년관람불가","드라마","심성보","김윤석"
"차이나타운",2015-04-29,11990370378,0.7,11990370378,1472106,1472106,551,45137,"한국","폴룩스픽쳐스(주)","CGV아트하우스","청소년관람불가","범죄,드라마","한준희","김혜수"
"인간중독",2014-05-14,11284912400,0.7,11284912400,1441973,1441973,682,44057,"한국","(주)아이언팩키지","(주)넥스트엔터테인먼트월드(NEW)","청소년관람불가","멜로/로맨스,드라마","김대우","송승헌"
"찌라시: 위험한 소문",2014-02-20,9111748087,0.6,9111748087,1221427,1221427,560,37426,"한국","(주)영화사수박","(주)씨제이이엔엠","15세이상관람가","범죄,드라마","김광식","김강우"
"빅매치",2014-11-27,8952096578,0.5,8952096578,1177438,1177438,627,38529,"한국","(주)보경사","(주)넥스트엔터테인먼트월드(NEW)","15세이상관람가","액션","최호","이정재"
"슬로우 비디오",2014-10-02,8913092219,0.5,8913092219,1169562,1169562,618,40665,"한국","이십세기폭스 인터내셔널 프로덕션,(주)영화사AK기쁜우리젊은날","이십세기폭스코리아(주)","12세이상관람가","드라마,코미디","김영탁","차태현"
"장수상회",2015-04-09,8737364643,0.5,8737364643,1165780,1165780,688,52928,"한국","(주)빅픽쳐,(주)씨제이이엔엠","(주)씨제이이엔엠","12세이상관람가","멜로/로맨스,드라마","강제규","박해빛"
"성난 변호사",2015-10-08,8723650039,0.5,8723650039,1128288,1128288,607,36990,"한국","(주)씨제이이엔엠,(주)영화사 빛나는 제국,우수영화사","(주)씨제이이엔엠","15세이상관람가","범죄,액션","허종호","오상철"
"간신",2015-05-21,8946842910,0.5,8946842910,1110246,1110246,697,40580,"한국","(주)수필름","롯데쇼핑㈜롯데엔터테인먼트","청소년관람불가","사극","민규동","이채민"
"그놈이다",2015-10-28,8096427152,0.5,8096427152,1046015,1046015,681,38678,"한국","상상필름(주),(주)브라더픽처스","CGV아트하우스","15세이상관람가","스릴러","윤준형","주원"
"방황하는 칼날",2014-04-10,7828891800,0.5,7828891800,989906,989906,594,38850,"한국","(주)에코필름","(주)씨제이이엔엠","청소년관람불가","범죄,스릴러","이정호","이진성"
"미쓰 와이프",2015-08-13,7387086869,0.5,7387086869,988451,988451,437,28864,"한국","(주)영화사아이비젼,메가박스중앙(주)플러스엠","메가박스중앙(주)플러스엠","15세이상관람가","코미디","강효진","엄정화"
"우리는 형제입니다",2014-10-23,7263255399,0.4,7263255399,970373,970373,566,41638,"한국","필름있수다","(주)쇼박스","12세이상관람가","코미디,드라마","장진","김성균"
"허삼관",2015-01-14,7408943569,0.5,7408943569,955679,955679,621,27645,"한국","(주)두타연,(주)판타지오픽쳐스","(주)넥스트엔터테인먼트월드(NEW)","12세이상관람가","드라마","하정우","하정우"
"살인의뢰",2015-03-12,6986456737,0.4,6986456737,855980,855980,646,35244,"한국","(주)미인픽쳐스","씨네그루(주)다우기술","청소년관람불가","범죄,스릴러","손용호","김상경"
"손님",2015-07-09,6385937880,0.4,6385937880,828025,828025,634,23404,"한국","(주)유비유필름","(주)씨제이이엔엠","15세이상관람가","판타지,공포(호러)","김광태","류승룡"
"카트",2014-11-13,5928169433,0.4,5928169433,814424,814424,544,28591,"한국","(주)명필름","(주)리틀빅픽쳐스","12세이상관람가","드라마","부지영","염정아"
"상의원",2014-12-24,6204129964,0.4,6204129964,790370,790370,466,17124,"한국","(주)영화사비단길,상의원문화산업전문(유)","(주)쇼박스,(주)와우픽쳐스","15세이상관람가","사극,드라마","이원석","홍수민"
"관능의 법칙",2014-02-13,5858771500,0.4,5858771500,781516,781516,591,30630,"한국","(주)명필름","롯데쇼핑㈜롯데엔터테인먼트","청소년관람불가","드라마,코미디","권칠인","엄정화"
"열정같은소리하고있네",2015-11-25,4758959902,0.3,4758959902,654102,654102,566,30459,"한국","반짝반짝영화사(주)","(주)넥스트엔터테인먼트월드(NEW)","15세이상관람가","드라마","정기훈","정재영"
"플랜맨",2014-01-09,4528561558,0.3,4547866558,632299,635740,458,20459,"한국","(주)영화사일취월장","롯데쇼핑㈜롯데엔터테인먼트","15세이상관람가","드라마","성시흡","정재영"
"특종: 량첸살인기",2015-10-22,4754763118,0.3,4754763118,616481,616481,776,31783,"한국","(주)매그넘나인,(주)뱅가드스튜디오","롯데쇼핑㈜롯데엔터테인먼트","15세이상관람가","스릴러","노덕","조정석"
"서부전선",2015-09-24,4751661400,0.3,4751661400,609063,609063,509,18935,"한국","(주)하리마오픽쳐스","롯데쇼핑㈜롯데엔터테인먼트","12세이상관람가","전쟁,드라마","천성일","설경구"
"우는 남자",2014-06-04,4924852800,0.3,4924852800,603495,603495,508,22322,"한국","다이스필름(주)","(주)씨제이이엔엠","청소년관람불가","액션,드라마","이정범","장동건"
"패션왕",2014-11-06,4367545379,0.3,4367545379,594871,594871,523,25487,"한국","주식회사 와이랩,(주)노마드필름","(주)넥스트엔터테인먼트월드(NEW)","15세이상관람가","코미디,드라마","오기환","김다율"
"황제를 위하여",2014-06-11,4754501771,0.3,4754501771,592435,592435,423,26736,"한국","오퍼스픽쳐스(유)","유나이티드픽처스(주)","청소년관람불가","액션,범죄","박상준","장한새"
"몬스터",2014-03-13,4138207515,0.3,4138207515,526557,526557,527,25460,"한국","상상필름(주)","롯데쇼핑㈜롯데엔터테인먼트","청소년관람불가","스릴러","황인호","이민기"
"헬머니",2015-03-05,4120166972,0.3,4120166972,522929,522929,422,24846,"한국","(주)전망좋은 영화사,TCO(주)더콘텐츠온","(주)넥스트엔터테인먼트월드(NEW)","청소년관람불가","코미디","신한솔","김수미"
"또 하나의 약속",2014-02-06,3533799400,0.2,3541402400,497613,498670,192,14847,"한국","(주)또하나의가족 제작위원회,(주)에이트볼픽쳐스","영화사올(주)","12세이상관람가","드라마","김태윤","우혜영"
"소녀괴담",2014-07-02,3554806054,0.2,3554806054,481696,481696,455,19432,"한국","(주)고스트픽처스,(주)주피터필름","(주)리틀빅픽쳐스","15세이상관람가","미스터리,공포(호러)","오인천","강하늘"
"조선미녀삼총사",2014-01-29,3471341321,0.2,3471341321,480361,480361,388,14031,"한국","(주)웰메이드필름","(주)쇼박스","12세이상관람가","코미디,액션,사극","박제현","하지원"
"넛잡: 땅콩 도둑들",2014-01-29,3284391800,0.2,3284391800,479168,479168,382,10818,"한국","(주)레드로버,툰박스 엔터테인먼트","(주)싸이더스","전체관람가","애니메이션,어드벤처,코미디,가족","피터 레페니오티스","윌 아"
"위험한 상견례 2",2015-04-29,3575384754,0.2,3575384754,472693,472693,429,18409,"한국","(주)전망좋은 영화사,TCO(주)더콘텐츠온,(주)마음에드는영화사","롯데쇼핑㈜롯데엔터테인먼트,(주)마인스 엔터테인먼트","15세이상관람가","멜로/로맨스,코미디","김진영","진세연"
"마담 뺑덕",2014-10-02,3728980590,0.2,3728980590,471172,471172,536,21636,"한국","(주)영화사동물의왕국","(주)씨제이이엔엠","청소년관람불가","멜로/로맨스","임필성","정우성"
"순수의 시대",2015-03-05,3740948828,0.2,3740948828,469891,469891,546,23623,"한국","(주)화인웍스,(주)키메이커","(주)씨제이이엔엠","청소년관람불가","사극,드라마","안상훈","신하균"
"오피스",2015-09-03,3460460230,0.2,3460460230,441208,441208,425,18575,"한국","(주)영화사꽃","(주)리틀빅픽쳐스","15세이상관람가","스릴러,미스터리","홍원찬","고아성"
"협녀, 칼의 기억",2015-08-13,3360045489,0.2,3360045489,431310,431310,572,16099,"한국","(주)티피에스컴퍼니","롯데쇼핑㈜롯데엔터테인먼트","15세이상관람가","사극,액션","박흥식","이병헌"
"무뢰한",2015-05-27,3262207431,0.2,3262207431,414641,414641,482,23660,"한국","(주)사나이픽처스","CGV아트하우스","청소년관람불가","멜로/로맨스","오승욱","김남길"
"좋은 친구들",2014-07-10,3222290031,0.2,3222290031,407253,407253,371,17834,"한국","오퍼스픽쳐스(유),굿초이스컷픽쳐스(주)","(주)씨제이이엔엠","청소년관람불가","범죄,드라마","이도윤","한도진"
"뽀로로 극장판 컴퓨터 왕국 대모험",2015-12-10,2902090600,0.2,2902090600,391760,391760,544,10893,"한국","(주)오콘","(주)넥스트엔터테인먼트월드(NEW)","전체관람가","애니메이션","박영균","이선"
"내 심장을 쏴라",2015-01-28,2856859132,0.2,2856859132,387409,387409,452,20042,"한국","(주)주피터필름","(주)리틀빅픽쳐스,(주)이수C&E","15세이상관람가","드라마","문제용","이민기"
"나의 독재자",2014-10-30,2907311546,0.2,2907311546,386072,386072,654,24221,"한국","반짝반짝영화사(주)","롯데쇼핑㈜롯데엔터테인먼트","15세이상관람가","드라마","이해준","설경구"
"소수의견",2015-06-24,2892681205,0.2,2892681205,383582,383582,398,16273,"한국","(주)하리마오픽쳐스","(주)시네마서비스","15세이상관람가","드라마","김성제","윤계상"
"경성학교: 사라진 소녀들",2015-06-18,2749609100,0.2,2749609100,356415,356415,489,18520,"한국","청년필름(주),비밀의화원","롯데쇼핑㈜롯데엔터테인먼트","15세이상관람가","미스터리,드라마","이해영","박보영"
"치외법권",2015-08-27,2664941005,0.2,2664941005,346483,346483,446,15297,"한국","(주)유니프로,(주)스톰픽쳐스코리아","판씨네마(주)","15세이상관람가","액션","신동엽","임창정"
"하이힐",2014-06-03,2750311500,0.2,2750311500,341634,341634,385,16750,"한국","(주)장차앤코","롯데쇼핑㈜롯데엔터테인먼트","청소년관람불가","범죄,액션","장진","차승원"
"극적인 하룻밤",2015-12-03,2610567429,0.2,2610567429,320884,320884,434,18332,"한국","(주)연우무대,(주)인사이드픽쳐스","CGV아트하우스","청소년관람불가","멜로/로맨스,코미디","하기호","윤계상"
"도리화가",2015-11-25,2246950339,0.1,2246950339,317505,317505,563,19168,"한국","(주)영화사 담담,(주)어바웃잇","(주)씨제이이엔엠","12세이상관람가","사극,드라마","이종필","류승룡"
"레드카펫",2014-10-23,2405669580,0.1,2405669580,316953,316953,385,17696,"한국","씨네주(유),(주)누리픽쳐스","(주)프레인글로벌","15세이상관람가","멜로/로맨스,코미디","박범수","윤계상"
"다이노 타임",2015-04-30,2108596800,0.1,2108596800,284900,284900,430,6713,"한국","주식회사 토이온","(주)씨제이이엔엠","전체관람가","애니메이션,어드벤처,코미디","최윤석,존 카프카","멜라니"
"함정",2015-09-10,2090877200,0.1,2090877200,257990,257990,445,10899,"한국","(주)에이치에스이디","(주)인벤트스톤","청소년관람불가","스릴러,범죄","권형진","마동석"
"조선마술사",2015-12-30,1506449794,0.1,1506449794,224657,224657,596,4922,"한국","위더스필름(주)","롯데쇼핑㈜롯데엔터테인먼트","12세이상관람가","드라마","김대승","유승호"
"연애의 맛",2015-05-07,1725990153,0.1,1725990153,214539,214539,398,12474,"한국","(주)청우필름","(주)와우픽쳐스,(주)쇼박스","청소년관람불가","멜로/로맨스,코미디","김아론","오지호"
"덕수리 5형제",2014-12-04,1590807200,0.1,1590807200,210777,210777,346,10719,"한국","㈜기억속의매미","롯데쇼핑㈜롯데엔터테인먼트","15세이상관람가","코미디,스릴러","전형준","윤상현"
"아빠를 빌려드립니다",2014-11-20,1190329500,0.1,1190329500,172652,172652,326,8457,"한국","(주)이스트스카이필름,(주)어뮤즈엔터테인먼트","메가박스중앙(주)플러스엠,(주)레드로버","12세이상관람가","코미디,가족,드라마","김덕수","김상경"
"내부자들: 디 오리지널",2015-12-31,1236787715,0.1,1236787715,160148,160148,595,1540,"한국","(유)내부자들 문화전문회사","(주)쇼박스","청소년관람불가","범죄,드라마","우민호","신지수"
"최강전사 미니특공대 : 새로운 악당의 습격",2015-02-05,1171479200,0.1,1171479200,155348,155348,318,4610,"한국","(주)삼지애니메이션","에이원엔터테인먼트","전체관람가","애니메이션","이영준","엄상현"
"워킹걸",2015-01-07,1201963479,0.1,1201963479,151550,151550,308,7086,"한국","(주)홍필름,(주)수필름","메가박스중앙(주)플러스엠","청소년관람불가","코미디,멜로/로맨스","정범식","조여정"
"은밀한 유혹",2015-06-04,1137666247,0.1,1137666247,145547,145547,394,14968,"한국","(주)영화사비단길,(주)수필름","(주)씨제이이엔엠","15세이상관람가","멜로/로맨스,범죄","윤재구","임수정"
"가시",2014-04-10,1095301000,0.1,1095301000,142170,142170,356,11622,"한국","(주)캠프비,(주)뱅가드스튜디오","(주)인벤트스톤","청소년관람불가","멜로/로맨스,드라마","김태균","장혁"
"맨홀",2014-10-08,1084557130,0.1,1084557130,133663,133663,286,10324,"한국","(주)화인웍스","롯데쇼핑㈜롯데엔터테인먼트","청소년관람불가","공포(호러),스릴러","신재영","정경호"
"나의 절친 악당들",2015-06-25,1054470664,0.1,1054470664,133553,133553,384,9830,"한국","휠므빠말주식회사,이십세기폭스 인터내셔널 프로덕션","이십세기폭스코리아(주)","청소년관람불가","범죄,액션,드라마","임상수","류승범"
"퇴마: 무녀굴",2015-08-20,951843500,0.1,951843500,120802,120802,331,6463,"한국","(주)케이프로덕션,플로우식스(주),버티고필름","씨네그루(주)다우기술","15세이상관람가","공포(호러),스릴러","김휘","김성균"
"돌연변이",2015-10-22,748816684,0,748816684,100523,100523,399,6827,"한국","영화사 우상","필라멘트픽쳐스","12세이상관람가","드라마,코미디","권오광","이광수"
"집으로 가는 길",2013-12-11,675687000,0,13049026745,91480,1854711,149,3085,"한국","(주)씨제이이엔엠,(주)다세포클럽","(주)씨제이이엔엠","15세이상관람가","드라마","방은진","전도연"
"터널 3D",2014-08-20,620874000,0,620874000,80989,80989,264,5076,"한국","(주)필마픽쳐스 ,(주)씨제이에스지 마당엔터테인먼트","(주)박수엔터테인먼트","15세이상관람가","공포(호러),스릴러","박규택","정유미"
"쓰리 썸머 나잇",2015-07-15,616132846,0,616132846,77621,77621,297,5391,"한국","더램프(주),㈜감독의집","(주)리틀빅픽쳐스,(주)인벤트스톤","청소년관람불가","코미디","김상진","김동욱"
"정글히어로",2014-10-02,511579300,0,511579300,72047,72047,287,2825,"한국","원더월드 스튜디오,(주)디씨지플러스","(주)씨제이이엔엠","전체관람가","애니메이션","박태동,마우리시오 드 라 오르타","심규혁"
"미안해 사랑해 고마워",2015-10-28,359247800,0,359247800,51207,51207,344,6541,"한국","타임박스엔터테인먼트(주)","(주)쇼박스","15세이상관람가","드라마","전윤수","지진희"
"비밀",2015-10-15,369339300,0,369339300,50196,50196,305,5180,"한국","영화사 도로시(주),(주)에스에이치기획","CGV아트하우스","15세이상관람가","미스터리,드라마","박은경,이동하","성동일"
"설계",2014-09-18,347980800,0,347980800,45726,45726,257,5465,"한국","(주)율","(주)팝엔터테인먼트","청소년관람불가","스릴러","박창진","오상철"
"약장수",2015-04-23,314542400,0,314542400,44214,44214,282,4312,"한국","(주)26컴퍼니","(주)대명문화공장,(주)나이너스엔터테인먼트","15세이상관람가","드라마","조치언","김인권"
"백프로",2014-04-03,284106600,0,284106600,37909,37909,236,4915,"한국","(주)시네마제니스","(주)마인스 엔터테인먼트","15세이상관람가","코미디,드라마","김명균","윤시윤"
"에스엠타운 더 스테이지",2015-08-13,284650500,0,284650500,35857,35857,65,652,"한국","(주)에스엠 컬처앤콘텐츠","주식회사 디에스이이디","전체관람가","다큐멘터리","배성상",NA
"GROW: 인피니트의 리얼 청춘 라이프",2014-12-04,189774200,0,189774200,23926,23926,71,828,"한국","(주)울림엔터테인먼트","골든타이드픽처스(주)","전체관람가","드라마","김진수","김성규"
"고스트 메신저 극장판",2014-05-22,184194000,0,184194000,23802,23802,81,1211,"한국","(주)스튜디오 애니멀","에이원엔터테인먼트","12세이상관람가","애니메이션,SF,판타지","구봉회","양정화"
"극장판 뛰뛰빵빵 구조대 미션: 둥둥이를 구하라!",2014-08-07,144062800,0,144062800,21939,21939,91,954,"한국","(주)빅스크리에이티브,(주)디씨지플러스,차이나필름그룹","메가박스중앙(주)플러스엠","전체관람가","애니메이션","방형우","양정화"
"캐치미",2013-12-18,103029500,0,3396292000,13692,494126,51,713,"한국","(주)소넷엔터테인먼트,(주)스튜디오 산타클로스엔터테인먼트","롯데쇼핑㈜롯데엔터테인먼트","12세이상관람가","코미디,멜로/로맨스","이현종","김아중"
"어우동: 주인 없는 꽃",2015-01-29,68421000,0,68421000,13123,13123,19,384,"한국","(유)조이앤컨텐츠그룹,㈜리필름","(주)드림팩트엔터테인먼트","청소년관람불가","멜로/로맨스","이수성","백도빈"
"폴라로이드",2015-07-16,82417500,0,82417500,12457,12457,27,169,"한국","(주)아우라씨엔씨","와이드 릴리즈(주)","전체관람가","드라마,가족","주호성","양범"
"타투",2015-12-10,99255100,0,99255100,12102,12102,133,1223,"한국","(주)다세포클럽,(주)코리아스토리","와이드 릴리즈(주)","청소년관람불가","스릴러","이서","송일국"
"검은손",2015-04-16,89815665,0,89815665,11650,11650,178,2572,"한국","골든타이드픽처스(주)","(주)스톰픽쳐스코리아","청소년관람불가","공포(호러)","박재식","김성수"
"제 7기사단",2015-09-10,80160964,0,80160964,10710,10710,95,1155,"한국","(주)루카프로덕션","메가박스중앙(주)플러스엠","15세이상관람가","액션,어드벤처","키리야 카즈아키","클라이"
"슈퍼레이서 엔지",2015-09-10,73587800,0,73587800,10612,10612,126,694,"한국","(주)크레이지버드스튜디오","(주)에이원엔터테인먼트","전체관람가","애니메이션","허선","손무성"
"신화 라이브 3D 더 레전드 컨티뉴스",2014-12-11,114524000,0,114524000,9817,9817,29,336,"한국","KBS 미디어,(주)이오콘텐츠","골든타이드픽처스(주)","전체관람가","공연,다큐멘터리","손석","문정혁"
"두 아내",2014-03-17,8695000,0,8695000,9814,9814,21,79,"한국","(유)조이앤컨텐츠그룹","(유)조이앤컨텐츠그룹","청소년관람불가","멜로/로맨스","이숭환","박유미"
"한 번도 안 해본 여자",2014-01-16,71166500,0,72481500,9469,9732,66,752,"한국","(주)무비포지","(주)팝엔터테인먼트","청소년관람불가","멜로/로맨스,코미디","안철호","황우슬"
"메이크 유어 무브",2014-04-17,73741600,0,73741600,9368,9368,96,1467,"한국","(주)씨제이이엔엠,(주)에스엠엔터테인먼트","(주)씨제이이엔엠","12세이상관람가","멜로/로맨스,드라마","듀안 아들러","보아"
"의궤, 8일간의 축제 3D",2014-04-17,45334000,0,45334000,7956,7956,18,470,"한국","케이비에스미디어(주),KBS 미디어","케이비에스미디어(주),KBS 미디어","전체관람가","다큐멘터리","최필곤","여진구"
"배꼽과 무릎사이",2014-05-22,49564000,0,49564000,7448,7448,20,118,"한국","(주)케이알씨지","스크린조이","청소년관람불가","멜로/로맨스,드라마",NA,"허동원"
"꾸루꾸루와 친구들: 무지개 나무의 비밀",2015-11-19,51367500,0,51367500,7345,7345,103,578,"한국","(주)팡고엔터토이먼트","(주)팝엔터테인먼트","전체관람가","애니메이션","문제대","서유리"
"맛있는 택배",2015-04-02,31122000,0,31122000,6276,6276,50,130,"한국","(주)로드하우스","노바엔터테인먼트","청소년관람불가","멜로/로맨스","기대호","송기준"
"서태지밴드 콘서트투어 '콰이어트나이트'",2015-11-26,52669600,0,52669600,5908,5908,6,151,"한국","(주)서태지컴퍼니","(주)서태지컴퍼니","전체관람가","공연","서태지","서태지"
"스퀴시랜드",2014-06-04,38111300,0,38111300,5473,5473,55,443,"한국","팔레드시네마(주),루크필름(주)","(주)인벤트스톤","전체관람가","애니메이션","김태익","배정미"
"맛",2014-01-16,14002000,0,14002000,5057,5057,19,40,"한국","(주)스크린다","(주)스크린다","청소년관람불가","멜로/로맨스,드라마","경석호","정현우"
"밀애",2014-07-24,16206000,0,16206000,4770,4770,19,44,"한국","펀펀한영화사","(주)레몬트리픽쳐스","청소년관람불가","드라마,멜로/로맨스","김인규,김민준","유라성"
"세상끝의 사랑",2015-11-12,37203300,0,37203300,4746,4746,97,929,"한국","(주)담소필름","(주)스톰픽쳐스코리아","청소년관람불가","멜로/로맨스","김인식","한은정"
"야누스: 욕망의 두 얼굴",2014-08-14,20193000,0,20193000,4122,4122,20,85,"한국","(주)패스파인더씨앤씨","(주)미디어데이","청소년관람불가","미스터리,멜로/로맨스","손영호","오인혜"
"1789, 바스티유의 연인들",2014-09-18,69354500,0,69354500,4078,4078,35,436,"한국","(주)패뷸러스","유니버설픽쳐스인터내셔널 코리아(유)","전체관람가","뮤지컬,공연","정성복","루이 "
"청춘학당 : 풍기문란 보쌈 야사",2014-03-27,26637900,0,26637900,3772,3772,57,626,"한국","(주)영화사히트,(주)블루아이엔터테인먼트","(주)박수엔터테인먼트","청소년관람불가","멜로/로맨스,코미디","도창훈","이태리"
"옹녀뎐",2014-08-21,10197000,0,10197000,3765,3765,21,34,"한국","영화사 인연","(주)소나무픽쳐스","청소년관람불가","멜로/로맨스,코미디,사극","경석호","신유주"
"위층여자",2014-10-29,18962000,0,18962000,3739,3739,20,82,"한국","RGB","노바엔터테인먼트","청소년관람불가","멜로/로맨스,코미디","이찬욱","서유리"
"가자! 장미여관으로 2 - 갈증",2014-04-10,14471000,0,14471000,3534,3534,20,91,"한국","드림로드","(주)에이블엔터테인먼트","청소년관람불가","멜로/로맨스","김봉은","황정아"
"무명인",2014-05-29,25063600,0,25063600,3199,3199,51,568,"한국","(주)아폴론엔터테인먼트,롯데쇼핑㈜롯데엔터테인먼트,무명인 문화전문회사,해피넷","롯데쇼핑㈜롯데엔터테인먼트","15세이상관람가","미스터리,스릴러,액션","김성수","니시지"
"맛있는 비행",2015-10-22,16041000,0,16041000,3141,3141,21,87,"한국","(주)로드하우스","노바엔터테인먼트","청소년관람불가","멜로/로맨스","전병철","손덕기"
"여배우 공작단",2014-06-19,15839000,0,15839000,2729,2729,21,59,"한국","(주)케이알씨지","(주)케이알씨지","청소년관람불가","멜로/로맨스,드라마,코미디","전태윤","허동원"
"여배우는 너무해",2014-02-27,19836400,0,19836400,2673,2673,42,451,"한국","골든타이드픽처스(주)","(주)인벤트스톤","청소년관람불가","멜로/로맨스,코미디","유정환","차예련"
"사토미를 찾아라",2014-10-16,13164000,0,13164000,2595,2595,20,56,"한국","(주)어나더스타","브릿지웍스 엔터테인먼트(주)","청소년관람불가","코미디,멜로/로맨스","NEW PISTOL","사토미"
"정사",2014-10-30,6761000,0,6761000,2283,2283,20,35,"한국","펀펀한영화사","(주)소나무픽쳐스","청소년관람불가","멜로/로맨스,드라마","김정환","류성현"
"관계",2014-08-27,10652000,0,10652000,2146,2146,19,47,"한국","브릿지웍스 엔터테인먼트(주),주식회사 루믹스미디어","브릿지웍스 엔터테인먼트(주)","청소년관람불가","멜로/로맨스,드라마","김명서","토모다"
"레쓰링",2014-09-11,16073000,0,16073000,2116,2116,33,382,"한국","아일랜드픽처스(주)","(주)박수엔터테인먼트","청소년관람불가","코미디","김호준","최성국"
"먹이사슬",2014-09-17,10224000,0,10224000,2070,2070,20,46,"한국","주식회사 비엠미디어,스카이동","노바엔터테인먼트","청소년관람불가","멜로/로맨스","한동호","윤설희"
"결혼전야",2013-11-21,10180000,0,8444355719,1996,1214839,5,27,"한국","(주)수필름","씨너스엔터테인먼트(주)","15세이상관람가","멜로/로맨스,코미디","홍지영","김강우"
"그 참을 수 없는 맛",2014-07-09,8138000,0,8138000,1697,1697,21,43,"한국","(주)케이알씨지","(주)케이알씨지","청소년관람불가","드라마","이지형","조문주"
"녀녀녀",2014-04-10,8231000,0,8231000,1694,1694,20,34,"한국","골든타이드픽처스(주)","골든타이드픽처스(주)","청소년관람불가","멜로/로맨스,코미디","한승림","신주아"
"나는 야한 여자가 좋다",2014-07-10,8095000,0,8095000,1688,1688,21,42,"한국","드림로드","(주)케이알씨지","청소년관람불가","멜로/로맨스,드라마,성인물(에로)","신정균","김태한"
"비밀과외",2014-02-13,2485000,0,2485000,1590,1590,5,20,"한국","(주)케이알씨지","(주)케이알씨지","청소년관람불가","멜로/로맨스,드라마","미스터 엘","조동혁"
"친구 2",2013-11-14,9450000,0,21804687513,1575,2971475,4,9,"한국","(주)트리니티엔터테인먼트,(주)제이콘컴퍼니","롯데쇼핑㈜롯데엔터테인먼트","청소년관람불가","액션","곽경택","유오성"
"꽃보다 처녀귀신",2015-01-15,7909000,0,7909000,1567,1567,5,42,"한국","고구마콘텐츠허브(주)","고구마콘텐츠허브(주)","청소년관람불가","기타","최영민","안재민"
"열애",2014-07-23,7470000,0,7470000,1564,1564,20,40,"한국","(주)케이알씨지","(주)케이알씨지","청소년관람불가","멜로/로맨스,드라마","이숭환","정민"
"중독애",2014-07-16,7495000,0,7495000,1547,1547,20,41,"한국","(주)케이알씨지","(주)케이알씨지","청소년관람불가","멜로/로맨스,드라마,스릴러","한소준","김소라"
"가자! 장미여관으로 3 - 방황",2014-10-08,7183000,0,7183000,1529,1529,20,50,"한국","(주)케이알씨지","(주)케이알씨지","청소년관람불가","멜로/로맨스","김봉은","서연주"
"스케치",2014-03-27,10690500,0,10690500,1483,1483,22,149,"한국","(주)어나더스타","브릿지웍스 엔터테인먼트(주)","청소년관람불가","멜로/로맨스,드라마","이혁종","고은아"
"파일 : 4022일의 사육",2015-12-10,9090000,0,9090000,1414,1414,20,93,"한국","활동사진","골든타이드픽처스(주)","청소년관람불가","미스터리,스릴러","박용집","이종혁"
"나를 잊지 말아요",2016-01-07,10620000,0,10620000,1398,1398,4,6,"한국","(주)아티스트스튜디오","(주)씨제이이엔엠","15세이상관람가","멜로/로맨스","이윤정","정우성"
"나는 야한 여자가 좋다 2",2014-10-01,5507000,0,5507000,1248,1248,20,36,"한국","드림로드","(주)케이알씨지","청소년관람불가","멜로/로맨스","김봉은","배건식"
"위험한 유혹 - 추억이 떠나면 외로움만 남는다",2014-09-17,5481000,0,5481000,1227,1227,20,30,"한국","(주)케이알씨지","(주)케이알씨지","청소년관람불가","멜로/로맨스,드라마","이상화","추선"
"떡",2014-08-06,5854000,0,5854000,1225,1225,21,33,"한국","(주)케이알씨지","(주)케이알씨지","청소년관람불가","멜로/로맨스,드라마","이영인","추선"
"관상",2013-09-11,4364000,0,66009791500,1221,9135802,1,32,"한국","(주)주피터필름,(주)쇼박스","(주)쇼박스","15세이상관람가","사극,드라마","한재림","송강호"
"뽕2014",2014-12-11,2858000,0,2858000,1161,1161,5,9,"한국","밀크픽처스","밀크픽처스","청소년관람불가","드라마","공자관","김연수"
"거짓말 2014",2014-10-22,4751000,0,4751000,1058,1058,19,35,"한국","(주)케이알씨지","(유)조이앤컨텐츠그룹","청소년관람불가","멜로/로맨스","이민환","윤설희"
"무서운 집",2015-07-30,9371000,0,9371000,1039,1039,5,128,"한국","무서운영화","(주)콘텐츠윙","12세이상관람가","공포(호러)","양병간","구윤희"
"나는 야한 여자가 좋다 3",2015-03-26,6289000,0,6289000,1031,1031,20,28,"한국","(주)케이알씨지","(주)케이알씨지","청소년관람불가","멜로/로맨스","김미연","강필선"
"욕망의 독: 중독",2014-09-25,6135000,0,6135000,988,988,20,31,"한국","(주)매니아22","어뮤즈","청소년관람불가","스릴러,드라마,미스터리","윤여창","홍경인"
"환상",2014-10-30,4693000,0,4693000,987,987,19,33,"한국","(주)케이알씨지","(유)조이앤컨텐츠그룹","청소년관람불가","멜로/로맨스","이숭환","박재훈"
"나도 때론 포르노그라피의 주인공이고 싶다",2015-11-12,6148000,0,6148000,961,961,20,45,"한국","(주)피터팬픽쳐스","(주)피터팬픽쳐스","청소년관람불가","멜로/로맨스","장성수","최리호"
"전망 좋은 하우스 - 맛있는 섹스",2014-02-20,1160000,0,1160000,940,940,5,19,"한국","(주)케이알씨지","(주)케이알씨지","청소년관람불가","멜로/로맨스,드라마","미스터 엘","윤보리"
"젊은엄마 : 내 나이가 어때서",2015-05-07,4515000,0,4515000,916,916,20,20,"한국","골든타이드픽처스(주)","골든타이드픽처스(주)","청소년관람불가","드라마","김일종","명계남"
"7공주 대리운전",2015-05-28,4308000,0,4308000,894,894,20,26,"한국","(주)유림엔터테인먼트","(주)나우콘텐츠","청소년관람불가","코미디","이재훈","곽진영"
"오디세오",2015-10-22,1.2e+07,0,1.2e+07,862,862,8,153,"한국","(주)패뷸러스","(주)패뷸러스","전체관람가","공연","정성복",NA
"젊은 엄마 3",2015-09-03,4137000,0,4137000,820,820,20,33,"한국","골든타이드픽처스(주)","골든타이드픽처스(주)","청소년관람불가","멜로/로맨스","채길병","김정아"
"짓2: 붉은 낙타",2015-08-07,4292000,0,4292000,807,807,20,36,"한국","㈜리필름","(주)드림팩트엔터테인먼트","청소년관람불가","드라마","노진수","고원"
"마님",2015-08-14,4088000,0,4088000,791,791,20,24,"한국","골든타이드픽처스(주)","골든타이드픽처스(주)","청소년관람불가","멜로/로맨스","김광중","김정아"
"앙상블",2014-12-18,6195500,0,6939500,776,900,1,47,"한국","길스토리","길스토리","전체관람가","드라마,다큐멘터리","이종필","권혁주"
"없던 일",2015-08-20,3799000,0,3799000,772,772,21,27,"한국","굿픽처스","(주)나우콘텐츠","청소년관람불가","드라마","윤여창","곽민준"
"젊은 처제",2015-09-10,4913000,0,4913000,770,770,21,88,"한국","㈜리필름","주식회사 루믹스미디어","청소년관람불가","멜로/로맨스,코미디","이세종","고원"
"착한 여자",2015-03-25,2959000,0,2959000,708,708,20,26,"한국","영화사 인연","(주)소나무픽쳐스","청소년관람불가","멜로/로맨스","경석호","김정연"
"캠퍼스 S 커플",2014-05-15,4728000,0,6440000,677,891,1,31,"한국","(주)레알컴퍼니","(주)액티버스엔터테인먼트","청소년관람불가","멜로/로맨스,드라마,코미디","송창용","최필립"
"하숙집",2015-02-25,3305000,0,3305000,630,630,20,31,"한국","영화사 인연","(주)소나무픽쳐스","청소년관람불가","멜로/로맨스,드라마","경석호","권기하"
"내 친구의 아내",2015-12-03,4493000,0,4493000,622,622,20,45,"한국","(주)씨네토리","(주)소나무픽쳐스","청소년관람불가","멜로/로맨스,드라마","탁승오","정태민"
"전망 좋은 집 2",2015-05-27,3032000,0,3032000,605,605,20,26,"한국","영화사 인연","(주)소나무픽쳐스","청소년관람불가","멜로/로맨스,드라마","경석호","정시현"
"남편만 몰라요",2015-07-07,2995000,0,2995000,601,601,20,20,"한국","(주)큰손엔터테인먼트","(주)더그레이트컴퍼니","청소년관람불가","멜로/로맨스,코미디","고광현","최선미"
"착한 처제",2015-11-19,3723000,0,3723000,588,588,19,82,"한국","쟈비스미디어,PK미디어크레이티브","쟈비스미디어","청소년관람불가","드라마","강훈","강성필"
"맛2",2015-09-02,2852000,0,2852000,569,569,20,26,"한국","영화사 인연","(주)소나무픽쳐스","청소년관람불가","멜로/로맨스,드라마","경석호","이은미"
"용주골",2015-11-19,2823000,0,2823000,562,562,20,65,"한국","핵존슨","에이라인","청소년관람불가","드라마,멜로/로맨스","최우성","민도윤"
"잡아야 산다",2016-01-07,4648000,0,4648000,561,561,1,2,"한국","더퀸디앤엠 주식회사","오퍼스픽쳐스(유)","15세이상관람가","코미디,액션","오인천","김승우"
"감금의 시간",2015-12-03,3310000,0,3310000,555,555,20,49,"한국","마법사필름","마법사필름","청소년관람불가","스릴러,드라마","김대성","전유진"
"색끈한 퓨전사극 심청야사",2015-12-17,3542000,0,3542000,551,551,20,85,"한국","고구마콘텐츠허브(주)","고구마콘텐츠허브(주)","청소년관람불가","사극","강명진","박성현"
"고시원",2015-10-30,3380000,0,3380000,524,524,20,57,"한국","에이치케이 이엔엠","(주)로이테미디어","청소년관람불가","멜로/로맨스,드라마","이영민","김승민"
"포장마차",2015-10-01,2617000,0,2617000,520,520,20,59,"한국","㈜리필름","에이라인","청소년관람불가","코미디,멜로/로맨스","최율권희","이채담"
"새폴더2",2015-10-23,3352000,0,3352000,518,518,20,58,"한국","더사람픽쳐스","더사람픽쳐스","청소년관람불가","드라마,코미디","황상원","윤설희"
"유부녀들",2015-10-14,3405000,0,3405000,516,516,20,46,"한국","영화사 인연","(주)소나무픽쳐스","청소년관람불가","멜로/로맨스,드라마","경석호","김소현"
"미션: 톱스타를 훔쳐라",2015-09-03,3157000,0,3157000,512,512,2,17,"한국","(주)영화사희망","(주)드림팩트엔터테인먼트","청소년관람불가","액션,코미디,드라마","노병하","오창석"
"불륜의 맛",2014-03-27,1950000,0,1950000,494,494,5,23,"한국","(주)케이알씨지","(주)케이알씨지","청소년관람불가","멜로/로맨스,드라마","이세일","김지원"
"마지막 위안부",2015-08-03,4172000,0,4172000,490,490,1,3,"한국","(주)투윈미디어","(주)투윈미디어","15세이상관람가","드라마","임선","한가영"
"애인",2015-06-17,2594000,0,2594000,485,485,20,48,"한국","(주)케이알씨지","(주)케이알씨지","청소년관람불가","멜로/로맨스","이숭환","문주연"
"수상한 미용실",2015-10-28,2403000,0,2403000,474,474,20,24,"한국","주식회사 비엠미디어","주식회사 비엠미디어","청소년관람불가","멜로/로맨스","한동호","이채담"
"음란한 가족",2015-09-24,2301000,0,2301000,473,473,21,21,"한국","(주)KW비젼","(주)KW비젼","청소년관람불가","코미디,드라마,가족","신정균","한수아"
"란제리살인사건",2015-09-17,2295000,0,2295000,472,472,20,20,"한국","(주)노리픽쳐스","(주)노리픽쳐스","청소년관람불가","스릴러","김세성","권민중"
"맛있는 덫-정사",2015-09-30,2227000,0,2227000,426,426,20,35,"한국","(주)케이알씨지","(주)케이알씨지","청소년관람불가","멜로/로맨스,드라마","신정균","한수연"
"모텔",2015-11-10,2182000,0,2182000,420,420,20,32,"한국","(주)케이알씨지","(주)케이알씨지","청소년관람불가","멜로/로맨스,스릴러,미스터리","이숭환","이은미"
"위험한 섹스",2015-09-23,2249000,0,2249000,419,419,20,28,"한국","(주)케이알씨지","(주)케이알씨지","청소년관람불가","멜로/로맨스,스릴러","이숭환","최정아"
"핫섹토크",2015-11-03,2143000,0,2143000,411,411,20,31,"한국","(주)케이알씨지","(유)조이앤컨텐츠그룹","청소년관람불가","멜로/로맨스","이전","앤,박"
"정사: 위험한 성적유희",2014-11-27,1754000,0,1754000,405,405,4,15,"한국","(주)케이알씨지","(주)케이알씨지","청소년관람불가","멜로/로맨스","이민환","백인권"
"한양 기방 춘향뎐",2015-11-26,2085000,0,2085000,400,400,20,31,"한국","(주)케이알씨지","(주)케이알씨지","청소년관람불가","멜로/로맨스,사극","김민욱","나영"
"은밀한 방문자",2015-09-16,2091000,0,2091000,397,397,19,24,"한국","(주)케이알씨지","(주)케이알씨지","청소년관람불가","멜로/로맨스,스릴러","윤여창","박재훈"
"조선안방 스캔들-칠거지악",2015-09-15,2077000,0,2077000,394,394,20,20,"한국","(주)스넵쏘울","(주)케이알씨지","청소년관람불가","멜로/로맨스","이전","은민"
"위험한 중독",2015-12-24,2117000,0,2117000,388,388,20,21,"한국","㈜리필름","(주)블루브릭","청소년관람불가","드라마","최율권희","고원"
"한양기방 명기전",2015-12-30,2048000,0,2048000,383,383,20,25,"한국","(주)케이알씨지","(주)케이알씨지","청소년관람불가","멜로/로맨스","김민욱","나영"
"은밀하게 음란하게",2014-04-10,1160000,0,1160000,372,372,5,24,"한국","(주)케이알씨지","(주)케이알씨지","청소년관람불가","멜로/로맨스","이세일","백세리"
"호두까기 인형",2014-12-07,1488000,0,1488000,372,372,1,6,"한국","(주)패뷸러스","(주)패뷸러스","전체관람가","공연","정성복",NA
"외출",2015-06-11,2090000,0,2090000,371,371,20,26,"한국","(주)영화사 사계절","(주)영화사 사계절","청소년관람불가","멜로/로맨스","기대호","정서윤"
"맛있는 정사: 오피스 와이프",2015-11-17,1929000,0,1929000,368,368,20,28,"한국","(주)케이알씨지","(주)케이알씨지","청소년관람불가","멜로/로맨스,드라마","김학묵","박태산"
"조선안방 스캔들-칠거지악2",2015-10-22,1922000,0,1922000,368,368,20,28,"한국","(주)케이알씨지","(주)케이알씨지","청소년관람불가","멜로/로맨스,드라마","이숭환","은경"
"아내의 애인",2015-10-08,2123000,0,2123000,363,363,20,37,"한국","(주)영화사 사계절","(주)영화사 사계절","청소년관람불가","멜로/로맨스","소영환","김태정"
"친구엄마",2015-11-12,2057000,0,2057000,359,359,20,42,"한국","밀크픽처스","노바엔터테인먼트","청소년관람불가","멜로/로맨스,드라마","공자관","김영삼"
"엄마친구",2015-08-20,1771000,0,1771000,355,355,19,25,"한국","(주)영화사 사계절","(주)영화사 사계절","청소년관람불가","멜로/로맨스","명석환","허예창"
"나가요 미스콜",2014-03-13,2018000,0,2018000,338,338,4,5,"한국","스카이동","노바엔터테인먼트","청소년관람불가","멜로/로맨스,코미디","한동호","한규리"
"설국열차",2013-08-01,2147700,0,67012235200,330,9350323,1,35,"한국","(주)모호필름,오퍼스픽쳐스(유)","(주)씨제이이엔엠","15세이상관람가","SF,액션","봉준호","크리스"
"화창한 그날들",2014-03-14,2030000,0,2030000,310,310,2,4,"한국","비에이치제이 시네마","(주)씨네로닷컴","청소년관람불가","스릴러","방현준","김동하"
"환타스틱 러브짐: 전쟁 같은 사랑",2015-10-08,1575000,0,1575000,303,303,20,23,"한국","웃기시네","(주)유비네트워크","청소년관람불가","코미디","한우진","안홍진"
"다이빙벨: 진실은 침몰하지 않습니다",2015-04-16,2209000,0,2209000,300,300,4,58,"한국","아시아프레스,(주)씨네포트","(주)시네마달","15세이상관람가","다큐멘터리","이상호,안해룡",NA
"스피릿 오브 베토벤",2014-12-10,1164000,0,1164000,291,291,1,6,"한국","(주)한경아르떼","(주)한경아르떼","전체관람가","공연","남평희",NA
"전원일기: 젖소농장새댁",2015-12-15,1407000,0,1407000,274,274,20,20,"한국","주식회사 비엠미디어","주식회사 비엠미디어","청소년관람불가","멜로/로맨스","한동호","신건석"
"공즉시색",2015-11-26,1478000,0,1478000,271,271,20,28,"한국","(주)영화사 사계절,펀펀한영화사","(주)영화사 사계절","청소년관람불가","멜로/로맨스","김현빈","김화연"
"명기",2014-12-30,690000,0,690000,247,247,5,12,"한국","(주)소나무픽쳐스","(주)소나무픽쳐스","청소년관람불가","멜로/로맨스,드라마","강현","김민영"
"몽정애-꿈 속의 여인",2013-12-31,960000,0,1e+06,240,250,5,13,"한국","(주)케이알씨지","(주)케이알씨지","청소년관람불가","멜로/로맨스,드라마","이영화","이민우"
"두 번째 엄마",2014-12-31,1010000,0,1010000,239,239,3,13,"한국","(주)케이알씨지","(주)케이알씨지","청소년관람불가","멜로/로맨스,드라마","이민환","윤설희"
"스파이",2013-09-05,3100000,0,24512378305,210,3436012,1,8,"한국","(주)제이케이필름,(주)씨제이이엔엠","(주)씨제이이엔엠","15세이상관람가","액션","이승준","설경구"
"친절한 가정부",2015-02-26,1004000,0,1004000,166,166,4,5,"한국","(주)블루아이엔터테인먼트,영화사 분홍신","(주)박수엔터테인먼트","청소년관람불가","코미디","노진수","홍서백"
"베를린",2013-01-30,966000,0,52356534637,163,7166453,2,5,"한국","(주)외유내강,(주)씨제이이엔엠","(주)씨제이이엔엠","15세이상관람가","액션","류승완","하정우"
"뽀로로 극장판 슈퍼썰매 대모험",2013-01-23,953000,0,6827594500,159,931501,1,28,"한국","(주)오콘,중국오락문화투자유한회사","(주)넥스트엔터테인먼트월드(NEW),(주)씨제이이엔엠","전체관람가","애니메이션","박영균","이선"
"연애의 온도",2013-03-21,1058000,0,13799922446,137,1865332,24,46,"한국","(주)뱅가드스튜디오","롯데쇼핑㈜롯데엔터테인먼트","청소년관람불가","멜로/로맨스,코미디","노덕","이민기"
"좋은 친구들",2013-03-28,945000,0,10654500,135,1393,1,41,"한국","주니파워픽처스(주),판타지웍스엔터","(주)마인스 엔터테인먼트","청소년관람불가","액션","진형태","연정훈"
"마이너클럽",2014-11-25,1170000,0,1170000,130,130,1,7,"한국","(주)영화사얼굴","(주)버킷스튜디오","청소년관람불가","멜로/로맨스,액션","이원우","서영"
"힐링메이트",2014-11-12,1106000,0,1106000,130,130,1,8,"한국","(주)스크린다","(주)버킷스튜디오","청소년관람불가","드라마","신종걸","이유리"
"슬픈남자",2015-12-10,749000,0,749000,109,109,1,13,"한국","비에이치제이 시네마","비에이치제이 시네마","청소년관람불가","액션","방현준","고민우"
"마이 리틀 히어로",2013-01-09,6e+05,0,1303507128,100,186078,1,1,"한국","굿초이스컷픽쳐스(주)","(주)씨제이이엔엠","전체관람가","드라마","김성훈","김래원"
"유신의 미학",2015-12-16,739000,0,739000,93,93,1,3,"한국","마그넷 엔터테인먼터","마그넷 엔터테인먼터","15세이상관람가","드라마","김노경","김효비"
"이불",2014-12-30,736000,0,736000,92,92,1,1,"한국","(주)대양미디어","(주)대양미디어","청소년관람불가","코미디,멜로/로맨스","김한준","정인슬"
"배우는 배우다",2013-10-24,642000,0,811844000,81,112029,1,2,"한국","(주) 루스이소니도스,(주)김기덕 필름","(주)넥스트엔터테인먼트월드(NEW)","청소년관람불가","드라마","신연식","이준"
"한민족 그리고 조선족",2014-12-10,568000,0,568000,71,71,1,1,"한국","한국YWCA연합회,크리에이티브컴즈(주)","크리에이티브컴즈(주)","전체관람가","다큐멘터리","전화성","유은조"
"러브멘토",2014-04-17,270000,0,270000,54,54,1,1,"한국","스카이동","(주)나우콘텐츠","청소년관람불가","멜로/로맨스","신혜성","유재근"
"베드(감독판)",2015-03-12,270000,0,270000,54,54,1,1,"한국","씨네힐","주식회사 마운틴픽쳐스","청소년관람불가","멜로/로맨스,드라마","박철수","장혁진"
"비밀: 아내의 남자",2015-02-04,270000,0,270000,54,54,1,1,"한국","굿픽처스","(주)나우콘텐츠","청소년관람불가","드라마,스릴러","이상화","장하람"
"외계인들",2014-12-31,270000,0,270000,54,54,1,1,"한국","한손필름","(주)엘케이픽쳐스","15세이상관람가","코미디,미스터리,SF","김한규,손병희","김한규"
"원죄적 정사 2014",2014-08-13,270000,0,270000,54,54,1,1,"한국","주식회사 이엔터","주식회사 이엔터","청소년관람불가","멜로/로맨스,스릴러","소팔석","이리나"
"폭풍정사",2015-07-29,270000,0,270000,54,54,1,1,"한국","(주)대양미디어","위드 라이언 픽쳐스","청소년관람불가","멜로/로맨스","국영수","채린"
"원 오브 어 카인드 3D ; G-DRAGON 2013 1ST WORLD TOUR",2013-10-31,355000,0,91107500,45,8083,1,2,"한국","케이비에스미디어(주),(주)와이지엔터테인먼트","골든타이드픽처스(주)","전체관람가","공연","손석,정치영","권지용"
"터치 바이 터치",2015-04-30,2e+05,0,2e+05,40,40,1,1,"한국","(주)인피니티엔터테인먼트","나이스플레이(주)","청소년관람불가","멜로/로맨스","김호준","하나경"
"화이: 괴물을 삼킨 아이",2013-10-09,271000,0,17695683795,34,2394487,1,2,"한국","나우필름(주),파인하우스필름(주),(주)쇼박스","(주)쇼박스","청소년관람불가","액션,스릴러","장준환","여진구"
"거짓말 섹스가 좋아2",2013-12-24,80000,0,2980000,20,4490,1,2,"한국","(주)케이알씨지","(주)케이알씨지","청소년관람불가","멜로/로맨스,드라마","진달래","강수지"
"라이브 TV",2015-10-01,128000,0,128000,15,15,1,5,"한국","(주)파레토웍스,더컨텐츠콤(주)","더컨텐츠콤(주)","청소년관람불가","공포(호러)","김선웅,손광수","연제욱"
"무서운 이야기 2",2013-06-05,1e+05,0,3393767500,13,495535,1,2,"한국","(주)수필름,데이지엔터테인먼트","롯데쇼핑㈜롯데엔터테인먼트","15세이상관람가","미스터리,공포(호러)","김성호,김휘,정범식,민규동","박성웅"
"거짓말 섹스가 좋아",2013-07-04,5000,0,55000,10,35,1,1,"한국","(주)케이알씨지","(주)케이알씨지","청소년관람불가","멜로/로맨스,드라마","이세일","김지원"
"미조-못다한이야기(감독판)",2015-02-12,70000,0,70000,10,10,1,1,"한국","진이엔터테인먼트,주식회사 마운틴픽쳐스,영화사 민들레","주식회사 마운틴픽쳐스","청소년관람불가","드라마","남기웅","윤동환"
"연애의 기술",2013-10-30,5000,0,64887000,10,8923,1,1,"한국","㈜리필름,(유)조이앤컨텐츠그룹","(주)팝엔터테인먼트","청소년관람불가","멜로/로맨스,코미디","이수성","홍수아"
"착한여자 (무삭제)",2015-07-14,50000,0,50000,10,10,1,1,"한국","영화사 인연","(주)소나무픽쳐스","청소년관람불가","멜로/로맨스","경석호","김정연"
"파파로티",2013-03-14,90000,0,11826024000,9,1716438,1,2,"한국","케이엠컬쳐㈜","(주)쇼박스","15세이상관람가","드라마","윤종찬","한석규"
"타부 : 금지된 사랑",2015-09-03,72000,0,72000,8,8,1,1,"한국","(주)대양미디어","(주)대양미디어","청소년관람불가","멜로/로맨스","고구마","박은정"
"7번방의 선물",2013-01-23,36000,0,91431950670,7,12811213,1,2,"한국","(주)화인웍스,(주)씨엘엔터테인먼트","(주)넥스트엔터테인먼트월드(NEW)","15세이상관람가","코미디,드라마","이환경","류승룡"
"가자! 장미여관으로 3 - 방황 무삭제 감독판",2015-01-15,28000,0,28000,4,4,2,2,"한국","(주)케이알씨지","(주)케이알씨지","청소년관람불가","멜로/로맨스","김봉은","서연주"
"두 번째 엄마 무삭제판",2015-03-12,28000,0,28000,4,4,1,2,"한국","(주)케이알씨지","(주)케이알씨지","청소년관람불가","멜로/로맨스","이민환","윤설희"
"정사: 위험한 성적 유희 무삭제판",2015-01-29,28000,0,28000,4,4,2,2,"한국","(주)케이알씨지","(주)케이알씨지","청소년관람불가","멜로/로맨스","이민환","백인권"
"소원",2013-10-02,18000,0,18529880600,3,2711086,1,1,"한국","(주)필름모멘텀","롯데쇼핑㈜롯데엔터테인먼트","12세이상관람가","드라마","이준익","설경구"
"숨바꼭질",2013-08-14,18000,0,39602995500,3,5604106,1,2,"한국","(주)드림캡쳐","(주)넥스트엔터테인먼트월드(NEW)","15세이상관람가","스릴러","허정","손현주"
"나는 야한 여자가 좋다 2 무삭제감독판",2015-02-12,14000,0,14000,2,2,1,1,"한국","드림로드","(주)케이알씨지","청소년관람불가","멜로/로맨스","김봉은","배건식"
"나는 야한 여자가 좋다 무삭제감독판",2015-02-26,14000,0,14000,2,2,1,1,"한국","드림로드","(주)케이알씨지","청소년관람불가","멜로/로맨스","신정균","김태한"
"남편만 몰라요 (무삭제)",2015-09-30,16000,0,16000,2,2,1,2,"한국","(주)큰손엔터테인먼트","(주)더그레이트컴퍼니","청소년관람불가","멜로/로맨스,코미디","고광현","최선미"
"울언니: 성상납의 비밀 무삭제판",2015-03-11,14000,0,14000,2,2,1,1,"한국","(주)제이록스 필름","(주)팝엔터테인먼트","청소년관람불가","스릴러,드라마","이제락","오광록"
"공사중",2015-04-08,9000,0,9000,1,1,1,1,"한국","(주)마부엔터테인먼트","고구마콘텐츠허브(주)","청소년관람불가","멜로/로맨스,코미디","강명진","성은"
"나는 야한 여자가 좋다 3 무삭제감독판",2015-07-09,5000,0,5000,1,1,1,1,"한국","(주)케이알씨지","(주)케이알씨지","청소년관람불가","멜로/로맨스","김미연","강필선"
"나쁜 수업",2015-09-15,5000,0,5000,1,1,1,1,"한국","주식회사 비엠미디어","주식회사 비엠미디어","청소년관람불가","드라마","한동호","윤설희"
"동창회의 목적(무삭제)",2015-11-19,8000,0,8000,1,1,1,1,"한국","펀펀한영화사","펀펀한영화사","청소년관람불가","멜로/로맨스","정대만","조인우"
"따라지: 비열한 거리 무삭제판",2015-11-12,4000,0,4000,1,1,1,1,"한국","디에스미디어,(주)영화사골든오션","(주)드림팩트엔터테인먼트","청소년관람불가","멜로/로맨스,드라마","신동엽","고세원"
"러브앤서울 복숭아마을 도색소동기 무삭제판",2015-11-19,4000,0,4000,1,1,1,1,"한국","(주)케이알씨지","(주)케이알씨지","청소년관람불가","멜로/로맨스","조조 히데오","나나우"
"명기(무삭제)",2015-05-07,8000,0,8000,1,1,1,1,"한국","(주)소나무픽쳐스","(주)소나무픽쳐스","청소년관람불가","멜로/로맨스,코미디","강현","김민영"
"미궁: 비밀애 무삭제 특별판",2015-07-02,5000,0,5000,1,1,1,1,"한국","(주)케이알씨지","(주)케이알씨지","청소년관람불가","멜로/로맨스","조조 히데오","김민기"
"보리의 은밀한 사생활",2015-09-10,5000,0,5000,1,1,1,1,"한국","스마일컨텐츠","스마일컨텐츠","청소년관람불가","멜로/로맨스","제임스 리","보리"
"뽕2014(무삭제)",2015-04-23,8000,0,8000,1,1,1,1,"한국","밀크픽처스","밀크픽처스","청소년관람불가","멜로/로맨스","공자관","김연수"
"사랑에도 저작권이 있나요?",2015-05-21,8000,0,8000,1,1,1,1,"한국","골든타이드픽처스(주)","골든타이드픽처스(주)","청소년관람불가","코미디","최경진","최재환"
"어우동: 주인 없는 꽃 무삭제판",2015-06-24,5000,0,5000,1,1,1,1,"한국","(유)조이앤컨텐츠그룹,㈜리필름","(주)드림팩트엔터테인먼트","청소년관람불가","멜로/로맨스","이수성","백도빈"
"엄마친구(무삭제판)",2015-11-12,8000,0,8000,1,1,1,1,"한국","(주)영화사 사계절","(주)영화사 사계절","청소년관람불가","멜로/로맨스,드라마","명석환","허예창"
"외출 무삭제",2015-09-09,8000,0,8000,1,1,1,1,"한국","(주)영화사 사계절","(주)영화사 사계절","청소년관람불가","멜로/로맨스","기대호","정서윤"
"젊은 엄마 2",2014-05-29,8000,0,8000,1,1,1,1,"한국","골든타이드픽처스(주)","골든타이드픽처스(주)","청소년관람불가","드라마,멜로/로맨스,판타지","노성수","차순형"
"태양을 쏴라 무삭제판",2015-07-09,5000,0,5000,1,1,1,1,"한국","필름라인","(유)조이앤시네마","청소년관람불가","멜로/로맨스","김태식","강지환"
"포장마차-무삭제판",2015-11-11,5000,0,5000,1,1,1,1,"한국","㈜리필름","에이라인","청소년관람불가","코미디,멜로/로맨스","최율권희","이채담"
"픽업 아티스트",2014-08-28,8000,0,8000,1,1,1,1,"한국","자작나무영화사","골든타이드픽처스(주)","청소년관람불가","코미디,멜로/로맨스","전도한","김대우"
"하숙집 무삭제",2015-09-09,8000,0,8000,1,1,1,1,"한국","영화사 인연","(주)소나무픽쳐스","청소년관람불가","멜로/로맨스","경석호","권기하"
"황진이",2015-12-10,5000,0,5000,1,1,1,1,"한국","드림로드","에이라인","청소년관람불가","멜로/로맨스,드라마","신정균","장성원"
"힙스터: 안개의 덫",2015-10-21,5000,0,5000,1,1,1,1,"한국","(주)마부엔터테인먼트","고구마콘텐츠허브(주)","청소년관람불가","멜로/로맨스,드라마","강명진","유사라"
"신세계",2013-02-21,0,0,34881330905,0,4682492,1,1,"한국","(주)사나이픽처스,(주)페퍼민트앤컴퍼니,(주)대명문화공장,(주)파트너스케이","(주)넥스트엔터테인먼트월드(NEW)","청소년관람불가","범죄,액션","박훈정","이정재"
