"영화명","누적매출액","누적관객수","스크린수","상영횟수","개봉일","배급사","등급","장르","감독","배우","제작사","cluster","감독_배우"
"기생충",85883963645,10085275,1948,192855,"2019-05-30","CJ ENM","15세이상관람가","드라마","봉준호","송강호","(주)바른손이앤에이",3,"송강호"
"기생충",85883963645,10085275,1948,192855,"2019-05-30","CJ ENM","15세이상관람가","드라마","봉준호","이선균","(주)바른손이앤에이",3,"송강호"
"기생충",85883963645,10085275,1948,192855,"2019-05-30","CJ ENM","15세이상관람가","드라마","봉준호","송강호","(주)바른손이앤에이",3,"송강호"
"기생충",85883963645,10085275,1948,192855,"2019-05-30","CJ ENM","15세이상관람가","드라마","봉준호","이선균","(주)바른손이앤에이",3,"송강호"
"기생충",85883963645,10085275,1948,192855,"2019-05-30","CJ ENM","15세이상관람가","드라마","봉준호","송강호","(주)바른손이앤에이",3,"송강호"
"기생충",85883963645,10085275,1948,192855,"2019-05-30","CJ ENM","15세이상관람가","드라마","봉준호","이선균","(주)바른손이앤에이",3,"송강호"
"기생충",85883963645,10085275,1948,192855,"2019-05-30","CJ ENM","15세이상관람가","드라마","봉준호","송강호","(주)바른손이앤에이",3,"송강호"
"기생충",85883963645,10085275,1948,192855,"2019-05-30","CJ ENM","15세이상관람가","드라마","봉준호","이선균","(주)바른손이앤에이",3,"송강호"
"기생충",85883963645,10085275,1948,192855,"2019-05-30","CJ ENM","15세이상관람가","드라마","봉준호","송강호","(주)바른손이앤에이",3,"송강호"
"기생충",85883963645,10085275,1948,192855,"2019-05-30","CJ ENM","15세이상관람가","드라마","봉준호","이선균","(주)바른손이앤에이",3,"송강호"
"검사외전",77320403264,9707581,1812,153532,"2016-02-03","(주)쇼박스","15세이상관람가","범죄,코미디","이일형","황정민","(주)영화사 월광,(주)사나이픽처스",3,"황정민"
"검사외전",77320403264,9707581,1812,153532,"2016-02-03","(주)쇼박스","15세이상관람가","범죄,코미디","이일형","강동원","(주)영화사 월광,(주)사나이픽처스",3,"황정민"
"검사외전",77320403264,9707581,1812,153532,"2016-02-03","(주)쇼박스","15세이상관람가","범죄,코미디","이일형","황정민","(주)영화사 월광,(주)사나이픽처스",3,"주진모"
"검사외전",77320403264,9707581,1812,153532,"2016-02-03","(주)쇼박스","15세이상관람가","범죄,코미디","이일형","강동원","(주)영화사 월광,(주)사나이픽처스",3,"주진모"
"검사외전",77320403264,9707581,1812,153532,"2016-02-03","(주)쇼박스","15세이상관람가","범죄,코미디","이일형","황정민","(주)영화사 월광,(주)사나이픽처스",3,"김병옥"
"검사외전",77320403264,9707581,1812,153532,"2016-02-03","(주)쇼박스","15세이상관람가","범죄,코미디","이일형","강동원","(주)영화사 월광,(주)사나이픽처스",3,"김병옥"
"검사외전",77320403264,9707581,1812,153532,"2016-02-03","(주)쇼박스","15세이상관람가","범죄,코미디","이일형","황정민","(주)영화사 월광,(주)사나이픽처스",3,"황정민"
"검사외전",77320403264,9707581,1812,153532,"2016-02-03","(주)쇼박스","15세이상관람가","범죄,코미디","이일형","강동원","(주)영화사 월광,(주)사나이픽처스",3,"황정민"
"검사외전",77320403264,9707581,1812,153532,"2016-02-03","(주)쇼박스","15세이상관람가","범죄,코미디","이일형","황정민","(주)영화사 월광,(주)사나이픽처스",3,"주진모"
"검사외전",77320403264,9707581,1812,153532,"2016-02-03","(주)쇼박스","15세이상관람가","범죄,코미디","이일형","강동원","(주)영화사 월광,(주)사나이픽처스",3,"주진모"
"설국열차",67012235200,9350323,1128,124858,"2013-08-01","CJ ENM","15세이상관람가","SF,액션","봉준호","크리스 에반스","(주)모호필름,오퍼스픽쳐스(유)",3,"송강호"
"설국열차",67012235200,9350323,1128,124858,"2013-08-01","CJ ENM","15세이상관람가","SF,액션","봉준호","송강호","(주)모호필름,오퍼스픽쳐스(유)",3,"송강호"
"설국열차",67012235200,9350323,1128,124858,"2013-08-01","CJ ENM","15세이상관람가","SF,액션","봉준호","크리스 에반스","(주)모호필름,오퍼스픽쳐스(유)",3,"송강호"
"설국열차",67012235200,9350323,1128,124858,"2013-08-01","CJ ENM","15세이상관람가","SF,액션","봉준호","송강호","(주)모호필름,오퍼스픽쳐스(유)",3,"송강호"
"설국열차",67012235200,9350323,1128,124858,"2013-08-01","CJ ENM","15세이상관람가","SF,액션","봉준호","크리스 에반스","(주)모호필름,오퍼스픽쳐스(유)",3,"송강호"
"설국열차",67012235200,9350323,1128,124858,"2013-08-01","CJ ENM","15세이상관람가","SF,액션","봉준호","송강호","(주)모호필름,오퍼스픽쳐스(유)",3,"송강호"
"설국열차",67012235200,9350323,1128,124858,"2013-08-01","CJ ENM","15세이상관람가","SF,액션","봉준호","크리스 에반스","(주)모호필름,오퍼스픽쳐스(유)",3,"송강호"
"설국열차",67012235200,9350323,1128,124858,"2013-08-01","CJ ENM","15세이상관람가","SF,액션","봉준호","송강호","(주)모호필름,오퍼스픽쳐스(유)",3,"송강호"
"설국열차",67012235200,9350323,1128,124858,"2013-08-01","CJ ENM","15세이상관람가","SF,액션","봉준호","크리스 에반스","(주)모호필름,오퍼스픽쳐스(유)",3,"송강호"
"설국열차",67012235200,9350323,1128,124858,"2013-08-01","CJ ENM","15세이상관람가","SF,액션","봉준호","송강호","(주)모호필름,오퍼스픽쳐스(유)",3,"송강호"
"관상",66009791500,9135802,1240,125105,"2013-09-11","(주)쇼박스","15세이상관람가","사극,드라마","한재림","송강호","(주)주피터필름,(주)쇼박스",3,"송강호"
"관상",66009791500,9135802,1240,125105,"2013-09-11","(주)쇼박스","15세이상관람가","사극,드라마","한재림","이정재","(주)주피터필름,(주)쇼박스",3,"송강호"
"관상",66009791500,9135802,1240,125105,"2013-09-11","(주)쇼박스","15세이상관람가","사극,드라마","한재림","송강호","(주)주피터필름,(주)쇼박스",3,"송강호"
"관상",66009791500,9135802,1240,125105,"2013-09-11","(주)쇼박스","15세이상관람가","사극,드라마","한재림","이정재","(주)주피터필름,(주)쇼박스",3,"송강호"
"관상",66009791500,9135802,1240,125105,"2013-09-11","(주)쇼박스","15세이상관람가","사극,드라마","한재림","송강호","(주)주피터필름,(주)쇼박스",3,"송강호"
"관상",66009791500,9135802,1240,125105,"2013-09-11","(주)쇼박스","15세이상관람가","사극,드라마","한재림","이정재","(주)주피터필름,(주)쇼박스",3,"송강호"
"관상",66009791500,9135802,1240,125105,"2013-09-11","(주)쇼박스","15세이상관람가","사극,드라마","한재림","송강호","(주)주피터필름,(주)쇼박스",3,"송강호"
"관상",66009791500,9135802,1240,125105,"2013-09-11","(주)쇼박스","15세이상관람가","사극,드라마","한재림","이정재","(주)주피터필름,(주)쇼박스",3,"송강호"
"관상",66009791500,9135802,1240,125105,"2013-09-11","(주)쇼박스","15세이상관람가","사극,드라마","한재림","송강호","(주)주피터필름,(주)쇼박스",3,"송강호"
"관상",66009791500,9135802,1240,125105,"2013-09-11","(주)쇼박스","15세이상관람가","사극,드라마","한재림","이정재","(주)주피터필름,(주)쇼박스",3,"송강호"
"해적: 바다로 간 산적",66372140706,8666208,910,133354,"2014-08-06","롯데쇼핑㈜롯데엔터테인먼트","12세이상관람가","어드벤처","이석훈","김남길","(주)하리마오픽쳐스",3,"이경영"
"해적: 바다로 간 산적",66372140706,8666208,910,133354,"2014-08-06","롯데쇼핑㈜롯데엔터테인먼트","12세이상관람가","어드벤처","이석훈","손예진","(주)하리마오픽쳐스",3,"이경영"
"해적: 바다로 간 산적",66372140706,8666208,910,133354,"2014-08-06","롯데쇼핑㈜롯데엔터테인먼트","12세이상관람가","어드벤처","이석훈","김남길","(주)하리마오픽쳐스",3,"유해진"
"해적: 바다로 간 산적",66372140706,8666208,910,133354,"2014-08-06","롯데쇼핑㈜롯데엔터테인먼트","12세이상관람가","어드벤처","이석훈","손예진","(주)하리마오픽쳐스",3,"유해진"
"해적: 바다로 간 산적",66372140706,8666208,910,133354,"2014-08-06","롯데쇼핑㈜롯데엔터테인먼트","12세이상관람가","어드벤처","이석훈","김남길","(주)하리마오픽쳐스",3,"이경영"
"해적: 바다로 간 산적",66372140706,8666208,910,133354,"2014-08-06","롯데쇼핑㈜롯데엔터테인먼트","12세이상관람가","어드벤처","이석훈","손예진","(주)하리마오픽쳐스",3,"이경영"
"해적: 바다로 간 산적",66372140706,8666208,910,133354,"2014-08-06","롯데쇼핑㈜롯데엔터테인먼트","12세이상관람가","어드벤처","이석훈","김남길","(주)하리마오픽쳐스",3,"유해진"
"해적: 바다로 간 산적",66372140706,8666208,910,133354,"2014-08-06","롯데쇼핑㈜롯데엔터테인먼트","12세이상관람가","어드벤처","이석훈","손예진","(주)하리마오픽쳐스",3,"유해진"
"해적: 바다로 간 산적",66372140706,8666208,910,133354,"2014-08-06","롯데쇼핑㈜롯데엔터테인먼트","12세이상관람가","어드벤처","이석훈","김남길","(주)하리마오픽쳐스",3,"이경영"
"해적: 바다로 간 산적",66372140706,8666208,910,133354,"2014-08-06","롯데쇼핑㈜롯데엔터테인먼트","12세이상관람가","어드벤처","이석훈","손예진","(주)하리마오픽쳐스",3,"이경영"
"수상한 그녀",62710880849,8658800,1027,136985,"2014-01-22","CJ ENM","15세이상관람가","드라마","황동혁","심은경","(주)예인플러스엔터테인먼트,아이앤코스모스(주)시네와이즈필름",3,"황정민"
"수상한 그녀",62710880849,8658800,1027,136985,"2014-01-22","CJ ENM","15세이상관람가","드라마","황동혁","나문희","(주)예인플러스엔터테인먼트,아이앤코스모스(주)시네와이즈필름",3,"황정민"
"수상한 그녀",62710880849,8658800,1027,136985,"2014-01-22","CJ ENM","15세이상관람가","드라마","황동혁","심은경","(주)예인플러스엔터테인먼트,아이앤코스모스(주)시네와이즈필름",3,"정인기"
"수상한 그녀",62710880849,8658800,1027,136985,"2014-01-22","CJ ENM","15세이상관람가","드라마","황동혁","나문희","(주)예인플러스엔터테인먼트,아이앤코스모스(주)시네와이즈필름",3,"정인기"
"수상한 그녀",62710880849,8658800,1027,136985,"2014-01-22","CJ ENM","15세이상관람가","드라마","황동혁","심은경","(주)예인플러스엔터테인먼트,아이앤코스모스(주)시네와이즈필름",3,"황정민"
"수상한 그녀",62710880849,8658800,1027,136985,"2014-01-22","CJ ENM","15세이상관람가","드라마","황동혁","나문희","(주)예인플러스엔터테인먼트,아이앤코스모스(주)시네와이즈필름",3,"황정민"
"수상한 그녀",62710880849,8658800,1027,136985,"2014-01-22","CJ ENM","15세이상관람가","드라마","황동혁","심은경","(주)예인플러스엔터테인먼트,아이앤코스모스(주)시네와이즈필름",3,"정인기"
"수상한 그녀",62710880849,8658800,1027,136985,"2014-01-22","CJ ENM","15세이상관람가","드라마","황동혁","나문희","(주)예인플러스엔터테인먼트,아이앤코스모스(주)시네와이즈필름",3,"정인기"
"수상한 그녀",62710880849,8658800,1027,136985,"2014-01-22","CJ ENM","15세이상관람가","드라마","황동혁","심은경","(주)예인플러스엔터테인먼트,아이앤코스모스(주)시네와이즈필름",3,"황정민"
"수상한 그녀",62710880849,8658800,1027,136985,"2014-01-22","CJ ENM","15세이상관람가","드라마","황동혁","나문희","(주)예인플러스엔터테인먼트,아이앤코스모스(주)시네와이즈필름",3,"황정민"
"국가대표",57570773000,8035181,570,131671,"2009-07-29","(주)쇼박스","12세이상관람가","드라마,액션,코미디","김용화","하정우","케이엠컬쳐㈜",3,"하정우"
"국가대표",57570773000,8035181,570,131671,"2009-07-29","(주)쇼박스","12세이상관람가","드라마,액션,코미디","김용화","성동일","케이엠컬쳐㈜",3,"하정우"
"국가대표",57570773000,8035181,570,131671,"2009-07-29","(주)쇼박스","12세이상관람가","드라마,액션,코미디","김용화","하정우","케이엠컬쳐㈜",3,"하정우"
"국가대표",57570773000,8035181,570,131671,"2009-07-29","(주)쇼박스","12세이상관람가","드라마,액션,코미디","김용화","성동일","케이엠컬쳐㈜",3,"하정우"
"국가대표",57570773000,8035181,570,131671,"2009-07-29","(주)쇼박스","12세이상관람가","드라마,액션,코미디","김용화","하정우","케이엠컬쳐㈜",3,"하정우"
"국가대표",57570773000,8035181,570,131671,"2009-07-29","(주)쇼박스","12세이상관람가","드라마,액션,코미디","김용화","성동일","케이엠컬쳐㈜",3,"하정우"
"국가대표",57570773000,8035181,570,131671,"2009-07-29","(주)쇼박스","12세이상관람가","드라마,액션,코미디","김용화","하정우","케이엠컬쳐㈜",3,"하정우"
"국가대표",57570773000,8035181,570,131671,"2009-07-29","(주)쇼박스","12세이상관람가","드라마,액션,코미디","김용화","성동일","케이엠컬쳐㈜",3,"하정우"
"국가대표",57570773000,8035181,570,131671,"2009-07-29","(주)쇼박스","12세이상관람가","드라마,액션,코미디","김용화","하정우","케이엠컬쳐㈜",3,"하정우"
"국가대표",57570773000,8035181,570,131671,"2009-07-29","(주)쇼박스","12세이상관람가","드라마,액션,코미디","김용화","성동일","케이엠컬쳐㈜",3,"하정우"
"공조",63783303326,7817654,1392,142991,"2017-01-18","CJ ENM","15세이상관람가","액션","김성훈","현빈","(주)제이케이필름,(주)씨제이이엔엠,영화사 이창,(주)에이치비엔터테인먼트",3,"유해진"
"공조",63783303326,7817654,1392,142991,"2017-01-18","CJ ENM","15세이상관람가","액션","김성훈","유해진","(주)제이케이필름,(주)씨제이이엔엠,영화사 이창,(주)에이치비엔터테인먼트",3,"유해진"
"공조",63783303326,7817654,1392,142991,"2017-01-18","CJ ENM","15세이상관람가","액션","김성훈","현빈","(주)제이케이필름,(주)씨제이이엔엠,영화사 이창,(주)에이치비엔터테인먼트",3,"유해진"
"공조",63783303326,7817654,1392,142991,"2017-01-18","CJ ENM","15세이상관람가","액션","김성훈","유해진","(주)제이케이필름,(주)씨제이이엔엠,영화사 이창,(주)에이치비엔터테인먼트",3,"유해진"
"공조",63783303326,7817654,1392,142991,"2017-01-18","CJ ENM","15세이상관람가","액션","김성훈","현빈","(주)제이케이필름,(주)씨제이이엔엠,영화사 이창,(주)에이치비엔터테인먼트",3,"유해진"
"공조",63783303326,7817654,1392,142991,"2017-01-18","CJ ENM","15세이상관람가","액션","김성훈","유해진","(주)제이케이필름,(주)씨제이이엔엠,영화사 이창,(주)에이치비엔터테인먼트",3,"유해진"
"공조",63783303326,7817654,1392,142991,"2017-01-18","CJ ENM","15세이상관람가","액션","김성훈","현빈","(주)제이케이필름,(주)씨제이이엔엠,영화사 이창,(주)에이치비엔터테인먼트",3,"유해진"
"공조",63783303326,7817654,1392,142991,"2017-01-18","CJ ENM","15세이상관람가","액션","김성훈","유해진","(주)제이케이필름,(주)씨제이이엔엠,영화사 이창,(주)에이치비엔터테인먼트",3,"유해진"
"공조",63783303326,7817654,1392,142991,"2017-01-18","CJ ENM","15세이상관람가","액션","김성훈","현빈","(주)제이케이필름,(주)씨제이이엔엠,영화사 이창,(주)에이치비엔터테인먼트",3,"유해진"
"공조",63783303326,7817654,1392,142991,"2017-01-18","CJ ENM","15세이상관람가","액션","김성훈","유해진","(주)제이케이필름,(주)씨제이이엔엠,영화사 이창,(주)에이치비엔터테인먼트",3,"유해진"
"히말라야",60175363015,7759761,1095,142715,"2015-12-16","CJ ENM","12세이상관람가","드라마","이석훈","황정민","(주)제이케이필름",3,"황정민"
"히말라야",60175363015,7759761,1095,142715,"2015-12-16","CJ ENM","12세이상관람가","드라마","이석훈","정우","(주)제이케이필름",3,"황정민"
"히말라야",60175363015,7759761,1095,142715,"2015-12-16","CJ ENM","12세이상관람가","드라마","이석훈","황정민","(주)제이케이필름",3,"황정민"
"히말라야",60175363015,7759761,1095,142715,"2015-12-16","CJ ENM","12세이상관람가","드라마","이석훈","정우","(주)제이케이필름",3,"황정민"
"히말라야",60175363015,7759761,1095,142715,"2015-12-16","CJ ENM","12세이상관람가","드라마","이석훈","황정민","(주)제이케이필름",3,"황정민"
"히말라야",60175363015,7759761,1095,142715,"2015-12-16","CJ ENM","12세이상관람가","드라마","이석훈","정우","(주)제이케이필름",3,"황정민"
"히말라야",60175363015,7759761,1095,142715,"2015-12-16","CJ ENM","12세이상관람가","드라마","이석훈","황정민","(주)제이케이필름",3,"황정민"
"히말라야",60175363015,7759761,1095,142715,"2015-12-16","CJ ENM","12세이상관람가","드라마","이석훈","정우","(주)제이케이필름",3,"황정민"
"히말라야",60175363015,7759761,1095,142715,"2015-12-16","CJ ENM","12세이상관람가","드라마","이석훈","황정민","(주)제이케이필름",3,"황정민"
"히말라야",60175363015,7759761,1095,142715,"2015-12-16","CJ ENM","12세이상관람가","드라마","이석훈","정우","(주)제이케이필름",3,"황정민"
"밀정",61270079831,7500457,1444,138162,"2016-09-07","워너브러더스 코리아(주)","15세이상관람가","액션","김지운","송강호","(주)다크서클픽쳐스,워너브러더스 코리아(주),(주)영화사하얼빈",3,"송강호"
"밀정",61270079831,7500457,1444,138162,"2016-09-07","워너브러더스 코리아(주)","15세이상관람가","액션","김지운","공유","(주)다크서클픽쳐스,워너브러더스 코리아(주),(주)영화사하얼빈",3,"송강호"
"밀정",61270079831,7500457,1444,138162,"2016-09-07","워너브러더스 코리아(주)","15세이상관람가","액션","김지운","송강호","(주)다크서클픽쳐스,워너브러더스 코리아(주),(주)영화사하얼빈",3,"송강호"
"밀정",61270079831,7500457,1444,138162,"2016-09-07","워너브러더스 코리아(주)","15세이상관람가","액션","김지운","공유","(주)다크서클픽쳐스,워너브러더스 코리아(주),(주)영화사하얼빈",3,"송강호"
"밀정",61270079831,7500457,1444,138162,"2016-09-07","워너브러더스 코리아(주)","15세이상관람가","액션","김지운","송강호","(주)다크서클픽쳐스,워너브러더스 코리아(주),(주)영화사하얼빈",3,"송강호"
"밀정",61270079831,7500457,1444,138162,"2016-09-07","워너브러더스 코리아(주)","15세이상관람가","액션","김지운","공유","(주)다크서클픽쳐스,워너브러더스 코리아(주),(주)영화사하얼빈",3,"송강호"
"밀정",61270079831,7500457,1444,138162,"2016-09-07","워너브러더스 코리아(주)","15세이상관람가","액션","김지운","송강호","(주)다크서클픽쳐스,워너브러더스 코리아(주),(주)영화사하얼빈",3,"송강호"
"밀정",61270079831,7500457,1444,138162,"2016-09-07","워너브러더스 코리아(주)","15세이상관람가","액션","김지운","공유","(주)다크서클픽쳐스,워너브러더스 코리아(주),(주)영화사하얼빈",3,"송강호"
"밀정",61270079831,7500457,1444,138162,"2016-09-07","워너브러더스 코리아(주)","15세이상관람가","액션","김지운","송강호","(주)다크서클픽쳐스,워너브러더스 코리아(주),(주)영화사하얼빈",3,"송강호"
"밀정",61270079831,7500457,1444,138162,"2016-09-07","워너브러더스 코리아(주)","15세이상관람가","액션","김지운","공유","(주)다크서클픽쳐스,워너브러더스 코리아(주),(주)영화사하얼빈",3,"송강호"
"최종병기 활",55827861500,7470633,615,130054,"2011-08-10","롯데쇼핑㈜롯데엔터테인먼트","15세이상관람가","사극,액션","김한민","박해일","(주)디씨지플러스,(주)다세포클럽",3,"이경영"
"최종병기 활",55827861500,7470633,615,130054,"2011-08-10","롯데쇼핑㈜롯데엔터테인먼트","15세이상관람가","사극,액션","김한민","류승룡","(주)디씨지플러스,(주)다세포클럽",3,"이경영"
"최종병기 활",55827861500,7470633,615,130054,"2011-08-10","롯데쇼핑㈜롯데엔터테인먼트","15세이상관람가","사극,액션","김한민","박해일","(주)디씨지플러스,(주)다세포클럽",3,"이경영"
"최종병기 활",55827861500,7470633,615,130054,"2011-08-10","롯데쇼핑㈜롯데엔터테인먼트","15세이상관람가","사극,액션","김한민","류승룡","(주)디씨지플러스,(주)다세포클럽",3,"이경영"
"최종병기 활",55827861500,7470633,615,130054,"2011-08-10","롯데쇼핑㈜롯데엔터테인먼트","15세이상관람가","사극,액션","김한민","박해일","(주)디씨지플러스,(주)다세포클럽",3,"이경영"
"최종병기 활",55827861500,7470633,615,130054,"2011-08-10","롯데쇼핑㈜롯데엔터테인먼트","15세이상관람가","사극,액션","김한민","류승룡","(주)디씨지플러스,(주)다세포클럽",3,"이경영"
"최종병기 활",55827861500,7470633,615,130054,"2011-08-10","롯데쇼핑㈜롯데엔터테인먼트","15세이상관람가","사극,액션","김한민","박해일","(주)디씨지플러스,(주)다세포클럽",3,"이경영"
"최종병기 활",55827861500,7470633,615,130054,"2011-08-10","롯데쇼핑㈜롯데엔터테인먼트","15세이상관람가","사극,액션","김한민","류승룡","(주)디씨지플러스,(주)다세포클럽",3,"이경영"
"최종병기 활",55827861500,7470633,615,130054,"2011-08-10","롯데쇼핑㈜롯데엔터테인먼트","15세이상관람가","사극,액션","김한민","박해일","(주)디씨지플러스,(주)다세포클럽",3,"이경영"
"최종병기 활",55827861500,7470633,615,130054,"2011-08-10","롯데쇼핑㈜롯데엔터테인먼트","15세이상관람가","사극,액션","김한민","류승룡","(주)디씨지플러스,(주)다세포클럽",3,"이경영"
"1987",58169776145,7232387,1299,138226,"2017-12-27","CJ ENM","15세이상관람가","드라마","장준환","김윤석","(주)우정필름",3,"유해진"
"1987",58169776145,7232387,1299,138226,"2017-12-27","CJ ENM","15세이상관람가","드라마","장준환","하정우","(주)우정필름",3,"유해진"
"1987",58169776145,7232387,1299,138226,"2017-12-27","CJ ENM","15세이상관람가","드라마","장준환","김윤석","(주)우정필름",3,"하정우"
"1987",58169776145,7232387,1299,138226,"2017-12-27","CJ ENM","15세이상관람가","드라마","장준환","하정우","(주)우정필름",3,"하정우"
"1987",58169776145,7232387,1299,138226,"2017-12-27","CJ ENM","15세이상관람가","드라마","장준환","김윤석","(주)우정필름",3,"김윤석"
"1987",58169776145,7232387,1299,138226,"2017-12-27","CJ ENM","15세이상관람가","드라마","장준환","하정우","(주)우정필름",3,"김윤석"
"1987",58169776145,7232387,1299,138226,"2017-12-27","CJ ENM","15세이상관람가","드라마","장준환","김윤석","(주)우정필름",3,"유해진"
"1987",58169776145,7232387,1299,138226,"2017-12-27","CJ ENM","15세이상관람가","드라마","장준환","하정우","(주)우정필름",3,"유해진"
"1987",58169776145,7232387,1299,138226,"2017-12-27","CJ ENM","15세이상관람가","드라마","장준환","김윤석","(주)우정필름",3,"하정우"
"1987",58169776145,7232387,1299,138226,"2017-12-27","CJ ENM","15세이상관람가","드라마","장준환","하정우","(주)우정필름",3,"하정우"
"베를린",52356534637,7166453,894,111749,"2013-01-30","CJ ENM","15세이상관람가","액션","류승완","하정우","(주)외유내강,(주)씨제이이엔엠",3,"이경영"
"베를린",52356534637,7166453,894,111749,"2013-01-30","CJ ENM","15세이상관람가","액션","류승완","한석규","(주)외유내강,(주)씨제이이엔엠",3,"이경영"
"베를린",52356534637,7166453,894,111749,"2013-01-30","CJ ENM","15세이상관람가","액션","류승완","하정우","(주)외유내강,(주)씨제이이엔엠",3,"하정우"
"베를린",52356534637,7166453,894,111749,"2013-01-30","CJ ENM","15세이상관람가","액션","류승완","한석규","(주)외유내강,(주)씨제이이엔엠",3,"하정우"
"베를린",52356534637,7166453,894,111749,"2013-01-30","CJ ENM","15세이상관람가","액션","류승완","하정우","(주)외유내강,(주)씨제이이엔엠",3,"이경영"
"베를린",52356534637,7166453,894,111749,"2013-01-30","CJ ENM","15세이상관람가","액션","류승완","한석규","(주)외유내강,(주)씨제이이엔엠",3,"이경영"
"베를린",52356534637,7166453,894,111749,"2013-01-30","CJ ENM","15세이상관람가","액션","류승완","하정우","(주)외유내강,(주)씨제이이엔엠",3,"하정우"
"베를린",52356534637,7166453,894,111749,"2013-01-30","CJ ENM","15세이상관람가","액션","류승완","한석규","(주)외유내강,(주)씨제이이엔엠",3,"하정우"
"베를린",52356534637,7166453,894,111749,"2013-01-30","CJ ENM","15세이상관람가","액션","류승완","하정우","(주)외유내강,(주)씨제이이엔엠",3,"이경영"
"베를린",52356534637,7166453,894,111749,"2013-01-30","CJ ENM","15세이상관람가","액션","류승완","한석규","(주)외유내강,(주)씨제이이엔엠",3,"이경영"
"터널",57530028417,7120780,1105,113214,"2016-08-10","(주)쇼박스","12세이상관람가","드라마","김성훈","하정우","(주)어나더썬데이,(주)비에이엔터테인먼트",3,"하정우"
"터널",57530028417,7120780,1105,113214,"2016-08-10","(주)쇼박스","12세이상관람가","드라마","김성훈","배두나","(주)어나더썬데이,(주)비에이엔터테인먼트",3,"하정우"
"터널",57530028417,7120780,1105,113214,"2016-08-10","(주)쇼박스","12세이상관람가","드라마","김성훈","하정우","(주)어나더썬데이,(주)비에이엔터테인먼트",3,"하정우"
"터널",57530028417,7120780,1105,113214,"2016-08-10","(주)쇼박스","12세이상관람가","드라마","김성훈","배두나","(주)어나더썬데이,(주)비에이엔터테인먼트",3,"하정우"
"터널",57530028417,7120780,1105,113214,"2016-08-10","(주)쇼박스","12세이상관람가","드라마","김성훈","하정우","(주)어나더썬데이,(주)비에이엔터테인먼트",3,"하정우"
"터널",57530028417,7120780,1105,113214,"2016-08-10","(주)쇼박스","12세이상관람가","드라마","김성훈","배두나","(주)어나더썬데이,(주)비에이엔터테인먼트",3,"하정우"
"터널",57530028417,7120780,1105,113214,"2016-08-10","(주)쇼박스","12세이상관람가","드라마","김성훈","하정우","(주)어나더썬데이,(주)비에이엔터테인먼트",3,"하정우"
"터널",57530028417,7120780,1105,113214,"2016-08-10","(주)쇼박스","12세이상관람가","드라마","김성훈","배두나","(주)어나더썬데이,(주)비에이엔터테인먼트",3,"하정우"
"터널",57530028417,7120780,1105,113214,"2016-08-10","(주)쇼박스","12세이상관람가","드라마","김성훈","하정우","(주)어나더썬데이,(주)비에이엔터테인먼트",3,"하정우"
"터널",57530028417,7120780,1105,113214,"2016-08-10","(주)쇼박스","12세이상관람가","드라마","김성훈","배두나","(주)어나더썬데이,(주)비에이엔터테인먼트",3,"하정우"
"내부자들",56599221057,7072507,1129,152636,"2015-11-19","(주)쇼박스","청소년관람불가","범죄,드라마","우민호","이병헌","(유)내부자들 문화전문회사",3,"이경영"
"내부자들",56599221057,7072507,1129,152636,"2015-11-19","(주)쇼박스","청소년관람불가","범죄,드라마","우민호","조승우","(유)내부자들 문화전문회사",3,"이경영"
"내부자들",56599221057,7072507,1129,152636,"2015-11-19","(주)쇼박스","청소년관람불가","범죄,드라마","우민호","이병헌","(유)내부자들 문화전문회사",3,"김병옥"
"내부자들",56599221057,7072507,1129,152636,"2015-11-19","(주)쇼박스","청소년관람불가","범죄,드라마","우민호","조승우","(유)내부자들 문화전문회사",3,"김병옥"
"내부자들",56599221057,7072507,1129,152636,"2015-11-19","(주)쇼박스","청소년관람불가","범죄,드라마","우민호","이병헌","(유)내부자들 문화전문회사",3,"이경영"
"내부자들",56599221057,7072507,1129,152636,"2015-11-19","(주)쇼박스","청소년관람불가","범죄,드라마","우민호","조승우","(유)내부자들 문화전문회사",3,"이경영"
"내부자들",56599221057,7072507,1129,152636,"2015-11-19","(주)쇼박스","청소년관람불가","범죄,드라마","우민호","이병헌","(유)내부자들 문화전문회사",3,"김병옥"
"내부자들",56599221057,7072507,1129,152636,"2015-11-19","(주)쇼박스","청소년관람불가","범죄,드라마","우민호","조승우","(유)내부자들 문화전문회사",3,"김병옥"
"내부자들",56599221057,7072507,1129,152636,"2015-11-19","(주)쇼박스","청소년관람불가","범죄,드라마","우민호","이병헌","(유)내부자들 문화전문회사",3,"이경영"
"내부자들",56599221057,7072507,1129,152636,"2015-11-19","(주)쇼박스","청소년관람불가","범죄,드라마","우민호","조승우","(유)내부자들 문화전문회사",3,"이경영"
"인천상륙작전",55105606303,7050475,1049,97032,"2016-07-27","CJ ENM","12세이상관람가","전쟁,드라마","이재한","이정재","(주)태원엔터테인먼트",3,"김병옥"
"인천상륙작전",55105606303,7050475,1049,97032,"2016-07-27","CJ ENM","12세이상관람가","전쟁,드라마","이재한","이범수","(주)태원엔터테인먼트",3,"김병옥"
"인천상륙작전",55105606303,7050475,1049,97032,"2016-07-27","CJ ENM","12세이상관람가","전쟁,드라마","이재한","이정재","(주)태원엔터테인먼트",3,"김병옥"
"인천상륙작전",55105606303,7050475,1049,97032,"2016-07-27","CJ ENM","12세이상관람가","전쟁,드라마","이재한","이범수","(주)태원엔터테인먼트",3,"김병옥"
"인천상륙작전",55105606303,7050475,1049,97032,"2016-07-27","CJ ENM","12세이상관람가","전쟁,드라마","이재한","이정재","(주)태원엔터테인먼트",3,"김병옥"
"인천상륙작전",55105606303,7050475,1049,97032,"2016-07-27","CJ ENM","12세이상관람가","전쟁,드라마","이재한","이범수","(주)태원엔터테인먼트",3,"김병옥"
"인천상륙작전",55105606303,7050475,1049,97032,"2016-07-27","CJ ENM","12세이상관람가","전쟁,드라마","이재한","이정재","(주)태원엔터테인먼트",3,"김병옥"
"인천상륙작전",55105606303,7050475,1049,97032,"2016-07-27","CJ ENM","12세이상관람가","전쟁,드라마","이재한","이범수","(주)태원엔터테인먼트",3,"김병옥"
"인천상륙작전",55105606303,7050475,1049,97032,"2016-07-27","CJ ENM","12세이상관람가","전쟁,드라마","이재한","이정재","(주)태원엔터테인먼트",3,"김병옥"
"인천상륙작전",55105606303,7050475,1049,97032,"2016-07-27","CJ ENM","12세이상관람가","전쟁,드라마","이재한","이범수","(주)태원엔터테인먼트",3,"김병옥"
"럭키",56445023256,6975571,1234,155990,"2016-10-13","(주)쇼박스","15세이상관람가","코미디","이계벽","유해진","(주)용필름",3,"유해진"
"럭키",56445023256,6975571,1234,155990,"2016-10-13","(주)쇼박스","15세이상관람가","코미디","이계벽","이준","(주)용필름",3,"유해진"
"럭키",56445023256,6975571,1234,155990,"2016-10-13","(주)쇼박스","15세이상관람가","코미디","이계벽","유해진","(주)용필름",3,"유해진"
"럭키",56445023256,6975571,1234,155990,"2016-10-13","(주)쇼박스","15세이상관람가","코미디","이계벽","이준","(주)용필름",3,"유해진"
"럭키",56445023256,6975571,1234,155990,"2016-10-13","(주)쇼박스","15세이상관람가","코미디","이계벽","유해진","(주)용필름",3,"유해진"
"럭키",56445023256,6975571,1234,155990,"2016-10-13","(주)쇼박스","15세이상관람가","코미디","이계벽","이준","(주)용필름",3,"유해진"
"럭키",56445023256,6975571,1234,155990,"2016-10-13","(주)쇼박스","15세이상관람가","코미디","이계벽","유해진","(주)용필름",3,"유해진"
"럭키",56445023256,6975571,1234,155990,"2016-10-13","(주)쇼박스","15세이상관람가","코미디","이계벽","이준","(주)용필름",3,"유해진"
"럭키",56445023256,6975571,1234,155990,"2016-10-13","(주)쇼박스","15세이상관람가","코미디","이계벽","유해진","(주)용필름",3,"유해진"
"럭키",56445023256,6975571,1234,155990,"2016-10-13","(주)쇼박스","15세이상관람가","코미디","이계벽","이준","(주)용필름",3,"유해진"
"곡성",55864308382,6879989,1485,130332,"2016-05-12","이십세기폭스코리아(주)","15세이상관람가","미스터리,스릴러,드라마","나홍진","곽도원","(주)사이드미러,이십세기폭스 인터내셔널 프로덕션",3,"황정민"
"곡성",55864308382,6879989,1485,130332,"2016-05-12","이십세기폭스코리아(주)","15세이상관람가","미스터리,스릴러,드라마","나홍진","황정민","(주)사이드미러,이십세기폭스 인터내셔널 프로덕션",3,"황정민"
"곡성",55864308382,6879989,1485,130332,"2016-05-12","이십세기폭스코리아(주)","15세이상관람가","미스터리,스릴러,드라마","나홍진","곽도원","(주)사이드미러,이십세기폭스 인터내셔널 프로덕션",3,"황정민"
"곡성",55864308382,6879989,1485,130332,"2016-05-12","이십세기폭스코리아(주)","15세이상관람가","미스터리,스릴러,드라마","나홍진","황정민","(주)사이드미러,이십세기폭스 인터내셔널 프로덕션",3,"황정민"
"곡성",55864308382,6879989,1485,130332,"2016-05-12","이십세기폭스코리아(주)","15세이상관람가","미스터리,스릴러,드라마","나홍진","곽도원","(주)사이드미러,이십세기폭스 인터내셔널 프로덕션",3,"황정민"
"곡성",55864308382,6879989,1485,130332,"2016-05-12","이십세기폭스코리아(주)","15세이상관람가","미스터리,스릴러,드라마","나홍진","황정민","(주)사이드미러,이십세기폭스 인터내셔널 프로덕션",3,"황정민"
"곡성",55864308382,6879989,1485,130332,"2016-05-12","이십세기폭스코리아(주)","15세이상관람가","미스터리,스릴러,드라마","나홍진","곽도원","(주)사이드미러,이십세기폭스 인터내셔널 프로덕션",3,"황정민"
"곡성",55864308382,6879989,1485,130332,"2016-05-12","이십세기폭스코리아(주)","15세이상관람가","미스터리,스릴러,드라마","나홍진","황정민","(주)사이드미러,이십세기폭스 인터내셔널 프로덕션",3,"황정민"
"곡성",55864308382,6879989,1485,130332,"2016-05-12","이십세기폭스코리아(주)","15세이상관람가","미스터리,스릴러,드라마","나홍진","곽도원","(주)사이드미러,이십세기폭스 인터내셔널 프로덕션",3,"황정민"
"곡성",55864308382,6879989,1485,130332,"2016-05-12","이십세기폭스코리아(주)","15세이상관람가","미스터리,스릴러,드라마","나홍진","황정민","(주)사이드미러,이십세기폭스 인터내셔널 프로덕션",3,"황정민"
"좋은 놈, 나쁜 놈, 이상한 놈",43754257000,6685845,824,93574,"2008-07-17","CJ ENM","15세이상관람가","서부극(웨스턴),액션,어드벤처","김지운","송강호","(주)다크서클픽쳐스,(주)바른손이앤에이",3,"송영창"
"좋은 놈, 나쁜 놈, 이상한 놈",43754257000,6685845,824,93574,"2008-07-17","CJ ENM","15세이상관람가","서부극(웨스턴),액션,어드벤처","김지운","이병헌","(주)다크서클픽쳐스,(주)바른손이앤에이",3,"송영창"
"좋은 놈, 나쁜 놈, 이상한 놈",43754257000,6685845,824,93574,"2008-07-17","CJ ENM","15세이상관람가","서부극(웨스턴),액션,어드벤처","김지운","송강호","(주)다크서클픽쳐스,(주)바른손이앤에이",3,"송강호"
"좋은 놈, 나쁜 놈, 이상한 놈",43754257000,6685845,824,93574,"2008-07-17","CJ ENM","15세이상관람가","서부극(웨스턴),액션,어드벤처","김지운","이병헌","(주)다크서클픽쳐스,(주)바른손이앤에이",3,"송강호"
"좋은 놈, 나쁜 놈, 이상한 놈",43754257000,6685845,824,93574,"2008-07-17","CJ ENM","15세이상관람가","서부극(웨스턴),액션,어드벤처","김지운","송강호","(주)다크서클픽쳐스,(주)바른손이앤에이",3,"송영창"
"좋은 놈, 나쁜 놈, 이상한 놈",43754257000,6685845,824,93574,"2008-07-17","CJ ENM","15세이상관람가","서부극(웨스턴),액션,어드벤처","김지운","이병헌","(주)다크서클픽쳐스,(주)바른손이앤에이",3,"송영창"
"좋은 놈, 나쁜 놈, 이상한 놈",43754257000,6685845,824,93574,"2008-07-17","CJ ENM","15세이상관람가","서부극(웨스턴),액션,어드벤처","김지운","송강호","(주)다크서클픽쳐스,(주)바른손이앤에이",3,"송강호"
"좋은 놈, 나쁜 놈, 이상한 놈",43754257000,6685845,824,93574,"2008-07-17","CJ ENM","15세이상관람가","서부극(웨스턴),액션,어드벤처","김지운","이병헌","(주)다크서클픽쳐스,(주)바른손이앤에이",3,"송강호"
"좋은 놈, 나쁜 놈, 이상한 놈",43754257000,6685845,824,93574,"2008-07-17","CJ ENM","15세이상관람가","서부극(웨스턴),액션,어드벤처","김지운","송강호","(주)다크서클픽쳐스,(주)바른손이앤에이",3,"송영창"
"좋은 놈, 나쁜 놈, 이상한 놈",43754257000,6685845,824,93574,"2008-07-17","CJ ENM","15세이상관람가","서부극(웨스턴),액션,어드벤처","김지운","이병헌","(주)다크서클픽쳐스,(주)바른손이앤에이",3,"송영창"
"군함도",50510565168,6592151,2027,108775,"2017-07-26","CJ ENM","15세이상관람가","액션,드라마","류승완","황정민","(주)외유내강,(주)필름케이",3,"이경영"
"군함도",50510565168,6592151,2027,108775,"2017-07-26","CJ ENM","15세이상관람가","액션,드라마","류승완","소지섭","(주)외유내강,(주)필름케이",3,"이경영"
"군함도",50510565168,6592151,2027,108775,"2017-07-26","CJ ENM","15세이상관람가","액션,드라마","류승완","황정민","(주)외유내강,(주)필름케이",3,"황정민"
"군함도",50510565168,6592151,2027,108775,"2017-07-26","CJ ENM","15세이상관람가","액션,드라마","류승완","소지섭","(주)외유내강,(주)필름케이",3,"황정민"
"군함도",50510565168,6592151,2027,108775,"2017-07-26","CJ ENM","15세이상관람가","액션,드라마","류승완","황정민","(주)외유내강,(주)필름케이",3,"이경영"
"군함도",50510565168,6592151,2027,108775,"2017-07-26","CJ ENM","15세이상관람가","액션,드라마","류승완","소지섭","(주)외유내강,(주)필름케이",3,"이경영"
"군함도",50510565168,6592151,2027,108775,"2017-07-26","CJ ENM","15세이상관람가","액션,드라마","류승완","황정민","(주)외유내강,(주)필름케이",3,"황정민"
"군함도",50510565168,6592151,2027,108775,"2017-07-26","CJ ENM","15세이상관람가","액션,드라마","류승완","소지섭","(주)외유내강,(주)필름케이",3,"황정민"
"군함도",50510565168,6592151,2027,108775,"2017-07-26","CJ ENM","15세이상관람가","액션,드라마","류승완","황정민","(주)외유내강,(주)필름케이",3,"이경영"
"군함도",50510565168,6592151,2027,108775,"2017-07-26","CJ ENM","15세이상관람가","액션,드라마","류승완","소지섭","(주)외유내강,(주)필름케이",3,"이경영"
"사도",48846045501,6247651,1210,124263,"2015-09-16","(주)쇼박스","12세이상관람가","사극","이준익","송강호","(주)타이거픽쳐스",2,"송강호"
"사도",48846045501,6247651,1210,124263,"2015-09-16","(주)쇼박스","12세이상관람가","사극","이준익","유아인","(주)타이거픽쳐스",2,"송강호"
"사도",48846045501,6247651,1210,124263,"2015-09-16","(주)쇼박스","12세이상관람가","사극","이준익","송강호","(주)타이거픽쳐스",2,"송강호"
"사도",48846045501,6247651,1210,124263,"2015-09-16","(주)쇼박스","12세이상관람가","사극","이준익","유아인","(주)타이거픽쳐스",2,"송강호"
"사도",48846045501,6247651,1210,124263,"2015-09-16","(주)쇼박스","12세이상관람가","사극","이준익","송강호","(주)타이거픽쳐스",2,"송강호"
"사도",48846045501,6247651,1210,124263,"2015-09-16","(주)쇼박스","12세이상관람가","사극","이준익","유아인","(주)타이거픽쳐스",2,"송강호"
"사도",48846045501,6247651,1210,124263,"2015-09-16","(주)쇼박스","12세이상관람가","사극","이준익","송강호","(주)타이거픽쳐스",2,"송강호"
"사도",48846045501,6247651,1210,124263,"2015-09-16","(주)쇼박스","12세이상관람가","사극","이준익","유아인","(주)타이거픽쳐스",2,"송강호"
"사도",48846045501,6247651,1210,124263,"2015-09-16","(주)쇼박스","12세이상관람가","사극","이준익","송강호","(주)타이거픽쳐스",2,"송강호"
"사도",48846045501,6247651,1210,124263,"2015-09-16","(주)쇼박스","12세이상관람가","사극","이준익","유아인","(주)타이거픽쳐스",2,"송강호"
"아저씨",47102707500,6178452,501,109875,"2010-08-04","CJ ENM","청소년관람불가","액션,드라마","이정범","원빈","오퍼스픽쳐스(유)",2,"송영창"
"아저씨",47102707500,6178452,501,109875,"2010-08-04","CJ ENM","청소년관람불가","액션,드라마","이정범","김새론","오퍼스픽쳐스(유)",2,"송영창"
"아저씨",47102707500,6178452,501,109875,"2010-08-04","CJ ENM","청소년관람불가","액션,드라마","이정범","원빈","오퍼스픽쳐스(유)",2,"송영창"
"아저씨",47102707500,6178452,501,109875,"2010-08-04","CJ ENM","청소년관람불가","액션,드라마","이정범","김새론","오퍼스픽쳐스(유)",2,"송영창"
"아저씨",47102707500,6178452,501,109875,"2010-08-04","CJ ENM","청소년관람불가","액션,드라마","이정범","원빈","오퍼스픽쳐스(유)",2,"송영창"
"아저씨",47102707500,6178452,501,109875,"2010-08-04","CJ ENM","청소년관람불가","액션,드라마","이정범","김새론","오퍼스픽쳐스(유)",2,"송영창"
"아저씨",47102707500,6178452,501,109875,"2010-08-04","CJ ENM","청소년관람불가","액션,드라마","이정범","원빈","오퍼스픽쳐스(유)",2,"송영창"
"아저씨",47102707500,6178452,501,109875,"2010-08-04","CJ ENM","청소년관람불가","액션,드라마","이정범","김새론","오퍼스픽쳐스(유)",2,"송영창"
"아저씨",47102707500,6178452,501,109875,"2010-08-04","CJ ENM","청소년관람불가","액션,드라마","이정범","원빈","오퍼스픽쳐스(유)",2,"송영창"
"아저씨",47102707500,6178452,501,109875,"2010-08-04","CJ ENM","청소년관람불가","액션,드라마","이정범","김새론","오퍼스픽쳐스(유)",2,"송영창"
"미녀는 괴로워",36292848900,6081480,418,87141,"2006-12-14","(주)쇼박스","12세이상관람가","멜로/로맨스,코미디","김용화","주진모","리얼라이즈픽쳐스(주),케이엠컬쳐㈜",2,"주진모"
"미녀는 괴로워",36292848900,6081480,418,87141,"2006-12-14","(주)쇼박스","12세이상관람가","멜로/로맨스,코미디","김용화","김아중","리얼라이즈픽쳐스(주),케이엠컬쳐㈜",2,"주진모"
"미녀는 괴로워",36292848900,6081480,418,87141,"2006-12-14","(주)쇼박스","12세이상관람가","멜로/로맨스,코미디","김용화","주진모","리얼라이즈픽쳐스(주),케이엠컬쳐㈜",2,"주진모"
"미녀는 괴로워",36292848900,6081480,418,87141,"2006-12-14","(주)쇼박스","12세이상관람가","멜로/로맨스,코미디","김용화","김아중","리얼라이즈픽쳐스(주),케이엠컬쳐㈜",2,"주진모"
"미녀는 괴로워",36292848900,6081480,418,87141,"2006-12-14","(주)쇼박스","12세이상관람가","멜로/로맨스,코미디","김용화","주진모","리얼라이즈픽쳐스(주),케이엠컬쳐㈜",2,"주진모"
"미녀는 괴로워",36292848900,6081480,418,87141,"2006-12-14","(주)쇼박스","12세이상관람가","멜로/로맨스,코미디","김용화","김아중","리얼라이즈픽쳐스(주),케이엠컬쳐㈜",2,"주진모"
"미녀는 괴로워",36292848900,6081480,418,87141,"2006-12-14","(주)쇼박스","12세이상관람가","멜로/로맨스,코미디","김용화","주진모","리얼라이즈픽쳐스(주),케이엠컬쳐㈜",2,"주진모"
"미녀는 괴로워",36292848900,6081480,418,87141,"2006-12-14","(주)쇼박스","12세이상관람가","멜로/로맨스,코미디","김용화","김아중","리얼라이즈픽쳐스(주),케이엠컬쳐㈜",2,"주진모"
"미녀는 괴로워",36292848900,6081480,418,87141,"2006-12-14","(주)쇼박스","12세이상관람가","멜로/로맨스,코미디","김용화","주진모","리얼라이즈픽쳐스(주),케이엠컬쳐㈜",2,"주진모"
"미녀는 괴로워",36292848900,6081480,418,87141,"2006-12-14","(주)쇼박스","12세이상관람가","멜로/로맨스,코미디","김용화","김아중","리얼라이즈픽쳐스(주),케이엠컬쳐㈜",2,"주진모"
"전우치",44092783000,6065369,612,102356,"2009-12-23","CJ ENM","12세이상관람가","액션,코미디,판타지","최동훈","강동원","영화사 집",2,"유해진"
"전우치",44092783000,6065369,612,102356,"2009-12-23","CJ ENM","12세이상관람가","액션,코미디,판타지","최동훈","김윤석","영화사 집",2,"유해진"
"전우치",44092783000,6065369,612,102356,"2009-12-23","CJ ENM","12세이상관람가","액션,코미디,판타지","최동훈","강동원","영화사 집",2,"송영창"
"전우치",44092783000,6065369,612,102356,"2009-12-23","CJ ENM","12세이상관람가","액션,코미디,판타지","최동훈","김윤석","영화사 집",2,"송영창"
"전우치",44092783000,6065369,612,102356,"2009-12-23","CJ ENM","12세이상관람가","액션,코미디,판타지","최동훈","강동원","영화사 집",2,"주진모"
"전우치",44092783000,6065369,612,102356,"2009-12-23","CJ ENM","12세이상관람가","액션,코미디,판타지","최동훈","김윤석","영화사 집",2,"주진모"
"전우치",44092783000,6065369,612,102356,"2009-12-23","CJ ENM","12세이상관람가","액션,코미디,판타지","최동훈","강동원","영화사 집",2,"김윤석"
"전우치",44092783000,6065369,612,102356,"2009-12-23","CJ ENM","12세이상관람가","액션,코미디,판타지","최동훈","김윤석","영화사 집",2,"김윤석"
"전우치",44092783000,6065369,612,102356,"2009-12-23","CJ ENM","12세이상관람가","액션,코미디,판타지","최동훈","강동원","영화사 집",2,"유해진"
"전우치",44092783000,6065369,612,102356,"2009-12-23","CJ ENM","12세이상관람가","액션,코미디,판타지","최동훈","김윤석","영화사 집",2,"유해진"
"타짜",36181314700,5685521,492,76884,"2006-09-28","CJ ENM","18세관람가","드라마","최동훈","조승우","(주)싸이더스,(주)영화사참",2,"유해진"
"타짜",36181314700,5685521,492,76884,"2006-09-28","CJ ENM","18세관람가","드라마","최동훈","김혜수","(주)싸이더스,(주)영화사참",2,"유해진"
"타짜",36181314700,5685521,492,76884,"2006-09-28","CJ ENM","18세관람가","드라마","최동훈","조승우","(주)싸이더스,(주)영화사참",2,"주진모"
"타짜",36181314700,5685521,492,76884,"2006-09-28","CJ ENM","18세관람가","드라마","최동훈","김혜수","(주)싸이더스,(주)영화사참",2,"주진모"
"타짜",36181314700,5685521,492,76884,"2006-09-28","CJ ENM","18세관람가","드라마","최동훈","조승우","(주)싸이더스,(주)영화사참",2,"김윤석"
"타짜",36181314700,5685521,492,76884,"2006-09-28","CJ ENM","18세관람가","드라마","최동훈","김혜수","(주)싸이더스,(주)영화사참",2,"김윤석"
"타짜",36181314700,5685521,492,76884,"2006-09-28","CJ ENM","18세관람가","드라마","최동훈","조승우","(주)싸이더스,(주)영화사참",2,"유해진"
"타짜",36181314700,5685521,492,76884,"2006-09-28","CJ ENM","18세관람가","드라마","최동훈","김혜수","(주)싸이더스,(주)영화사참",2,"유해진"
"타짜",36181314700,5685521,492,76884,"2006-09-28","CJ ENM","18세관람가","드라마","최동훈","조승우","(주)싸이더스,(주)영화사참",2,"주진모"
"타짜",36181314700,5685521,492,76884,"2006-09-28","CJ ENM","18세관람가","드라마","최동훈","김혜수","(주)싸이더스,(주)영화사참",2,"주진모"
"더 테러 라이브",39869706381,5584139,809,93488,"2013-07-31","롯데쇼핑㈜롯데엔터테인먼트","15세이상관람가","범죄,기타","김병우","하정우","(주)씨네이천",2,"이경영"
"더 테러 라이브",39869706381,5584139,809,93488,"2013-07-31","롯데쇼핑㈜롯데엔터테인먼트","15세이상관람가","범죄,기타","김병우","이경영","(주)씨네이천",2,"이경영"
"더 테러 라이브",39869706381,5584139,809,93488,"2013-07-31","롯데쇼핑㈜롯데엔터테인먼트","15세이상관람가","범죄,기타","김병우","하정우","(주)씨네이천",2,"하정우"
"더 테러 라이브",39869706381,5584139,809,93488,"2013-07-31","롯데쇼핑㈜롯데엔터테인먼트","15세이상관람가","범죄,기타","김병우","이경영","(주)씨네이천",2,"하정우"
"더 테러 라이브",39869706381,5584139,809,93488,"2013-07-31","롯데쇼핑㈜롯데엔터테인먼트","15세이상관람가","범죄,기타","김병우","하정우","(주)씨네이천",2,"이경영"
"더 테러 라이브",39869706381,5584139,809,93488,"2013-07-31","롯데쇼핑㈜롯데엔터테인먼트","15세이상관람가","범죄,기타","김병우","이경영","(주)씨네이천",2,"이경영"
"더 테러 라이브",39869706381,5584139,809,93488,"2013-07-31","롯데쇼핑㈜롯데엔터테인먼트","15세이상관람가","범죄,기타","김병우","하정우","(주)씨네이천",2,"하정우"
"더 테러 라이브",39869706381,5584139,809,93488,"2013-07-31","롯데쇼핑㈜롯데엔터테인먼트","15세이상관람가","범죄,기타","김병우","이경영","(주)씨네이천",2,"하정우"
"더 테러 라이브",39869706381,5584139,809,93488,"2013-07-31","롯데쇼핑㈜롯데엔터테인먼트","15세이상관람가","범죄,기타","김병우","하정우","(주)씨네이천",2,"이경영"
"더 테러 라이브",39869706381,5584139,809,93488,"2013-07-31","롯데쇼핑㈜롯데엔터테인먼트","15세이상관람가","범죄,기타","김병우","이경영","(주)씨네이천",2,"이경영"
"검은 사제들",42409600592,5442915,1109,131177,"2015-11-05","CJ ENM","15세이상관람가","미스터리,드라마","장재현","김윤석","영화사 집",2,"김윤석"
"검은 사제들",42409600592,5442915,1109,131177,"2015-11-05","CJ ENM","15세이상관람가","미스터리,드라마","장재현","강동원","영화사 집",2,"김윤석"
"검은 사제들",42409600592,5442915,1109,131177,"2015-11-05","CJ ENM","15세이상관람가","미스터리,드라마","장재현","김윤석","영화사 집",2,"김병옥"
"검은 사제들",42409600592,5442915,1109,131177,"2015-11-05","CJ ENM","15세이상관람가","미스터리,드라마","장재현","강동원","영화사 집",2,"김병옥"
"검은 사제들",42409600592,5442915,1109,131177,"2015-11-05","CJ ENM","15세이상관람가","미스터리,드라마","장재현","김윤석","영화사 집",2,"김윤석"
"검은 사제들",42409600592,5442915,1109,131177,"2015-11-05","CJ ENM","15세이상관람가","미스터리,드라마","장재현","강동원","영화사 집",2,"김윤석"
"검은 사제들",42409600592,5442915,1109,131177,"2015-11-05","CJ ENM","15세이상관람가","미스터리,드라마","장재현","김윤석","영화사 집",2,"김병옥"
"검은 사제들",42409600592,5442915,1109,131177,"2015-11-05","CJ ENM","15세이상관람가","미스터리,드라마","장재현","강동원","영화사 집",2,"김병옥"
"검은 사제들",42409600592,5442915,1109,131177,"2015-11-05","CJ ENM","15세이상관람가","미스터리,드라마","장재현","김윤석","영화사 집",2,"김윤석"
"검은 사제들",42409600592,5442915,1109,131177,"2015-11-05","CJ ENM","15세이상관람가","미스터리,드라마","장재현","강동원","영화사 집",2,"김윤석"
"의형제",40153817000,5416829,569,118250,"2010-02-04","(주)쇼박스","15세이상관람가","드라마,액션","장훈","송강호","(주)쇼박스,(주)다세포클럽,루비콘픽쳐스㈜",2,"정인기"
"의형제",40153817000,5416829,569,118250,"2010-02-04","(주)쇼박스","15세이상관람가","드라마,액션","장훈","강동원","(주)쇼박스,(주)다세포클럽,루비콘픽쳐스㈜",2,"정인기"
"의형제",40153817000,5416829,569,118250,"2010-02-04","(주)쇼박스","15세이상관람가","드라마,액션","장훈","송강호","(주)쇼박스,(주)다세포클럽,루비콘픽쳐스㈜",2,"송강호"
"의형제",40153817000,5416829,569,118250,"2010-02-04","(주)쇼박스","15세이상관람가","드라마,액션","장훈","강동원","(주)쇼박스,(주)다세포클럽,루비콘픽쳐스㈜",2,"송강호"
"의형제",40153817000,5416829,569,118250,"2010-02-04","(주)쇼박스","15세이상관람가","드라마,액션","장훈","송강호","(주)쇼박스,(주)다세포클럽,루비콘픽쳐스㈜",2,"정인기"
"의형제",40153817000,5416829,569,118250,"2010-02-04","(주)쇼박스","15세이상관람가","드라마,액션","장훈","강동원","(주)쇼박스,(주)다세포클럽,루비콘픽쳐스㈜",2,"정인기"
"의형제",40153817000,5416829,569,118250,"2010-02-04","(주)쇼박스","15세이상관람가","드라마,액션","장훈","송강호","(주)쇼박스,(주)다세포클럽,루비콘픽쳐스㈜",2,"송강호"
"의형제",40153817000,5416829,569,118250,"2010-02-04","(주)쇼박스","15세이상관람가","드라마,액션","장훈","강동원","(주)쇼박스,(주)다세포클럽,루비콘픽쳐스㈜",2,"송강호"
"의형제",40153817000,5416829,569,118250,"2010-02-04","(주)쇼박스","15세이상관람가","드라마,액션","장훈","송강호","(주)쇼박스,(주)다세포클럽,루비콘픽쳐스㈜",2,"정인기"
"의형제",40153817000,5416829,569,118250,"2010-02-04","(주)쇼박스","15세이상관람가","드라마,액션","장훈","강동원","(주)쇼박스,(주)다세포클럽,루비콘픽쳐스㈜",2,"정인기"
"더 킹",43492302535,5317959,1310,107985,"2017-01-18","(주)넥스트엔터테인먼트월드(NEW)","15세이상관람가","범죄,드라마","한재림","조인성","(주)매그넘나인",2,"송영창"
"더 킹",43492302535,5317959,1310,107985,"2017-01-18","(주)넥스트엔터테인먼트월드(NEW)","15세이상관람가","범죄,드라마","한재림","정우성","(주)매그넘나인",2,"송영창"
"더 킹",43492302535,5317959,1310,107985,"2017-01-18","(주)넥스트엔터테인먼트월드(NEW)","15세이상관람가","범죄,드라마","한재림","조인성","(주)매그넘나인",2,"정인기"
"더 킹",43492302535,5317959,1310,107985,"2017-01-18","(주)넥스트엔터테인먼트월드(NEW)","15세이상관람가","범죄,드라마","한재림","정우성","(주)매그넘나인",2,"정인기"
"더 킹",43492302535,5317959,1310,107985,"2017-01-18","(주)넥스트엔터테인먼트월드(NEW)","15세이상관람가","범죄,드라마","한재림","조인성","(주)매그넘나인",2,"송영창"
"더 킹",43492302535,5317959,1310,107985,"2017-01-18","(주)넥스트엔터테인먼트월드(NEW)","15세이상관람가","범죄,드라마","한재림","정우성","(주)매그넘나인",2,"송영창"
"더 킹",43492302535,5317959,1310,107985,"2017-01-18","(주)넥스트엔터테인먼트월드(NEW)","15세이상관람가","범죄,드라마","한재림","조인성","(주)매그넘나인",2,"정인기"
"더 킹",43492302535,5317959,1310,107985,"2017-01-18","(주)넥스트엔터테인먼트월드(NEW)","15세이상관람가","범죄,드라마","한재림","정우성","(주)매그넘나인",2,"정인기"
"더 킹",43492302535,5317959,1310,107985,"2017-01-18","(주)넥스트엔터테인먼트월드(NEW)","15세이상관람가","범죄,드라마","한재림","조인성","(주)매그넘나인",2,"송영창"
"더 킹",43492302535,5317959,1310,107985,"2017-01-18","(주)넥스트엔터테인먼트월드(NEW)","15세이상관람가","범죄,드라마","한재림","정우성","(주)매그넘나인",2,"송영창"
"완득이",38533069000,5311232,629,117847,"2011-10-20","CJ ENM","12세이상관람가","드라마","이한","김윤석","(주)유비유필름,어나더픽쳐스(주)",2,"김윤석"
"완득이",38533069000,5311232,629,117847,"2011-10-20","CJ ENM","12세이상관람가","드라마","이한","유아인","(주)유비유필름,어나더픽쳐스(주)",2,"김윤석"
"완득이",38533069000,5311232,629,117847,"2011-10-20","CJ ENM","12세이상관람가","드라마","이한","김윤석","(주)유비유필름,어나더픽쳐스(주)",2,"김윤석"
"완득이",38533069000,5311232,629,117847,"2011-10-20","CJ ENM","12세이상관람가","드라마","이한","유아인","(주)유비유필름,어나더픽쳐스(주)",2,"김윤석"
"완득이",38533069000,5311232,629,117847,"2011-10-20","CJ ENM","12세이상관람가","드라마","이한","김윤석","(주)유비유필름,어나더픽쳐스(주)",2,"김윤석"
"완득이",38533069000,5311232,629,117847,"2011-10-20","CJ ENM","12세이상관람가","드라마","이한","유아인","(주)유비유필름,어나더픽쳐스(주)",2,"김윤석"
"완득이",38533069000,5311232,629,117847,"2011-10-20","CJ ENM","12세이상관람가","드라마","이한","김윤석","(주)유비유필름,어나더픽쳐스(주)",2,"김윤석"
"완득이",38533069000,5311232,629,117847,"2011-10-20","CJ ENM","12세이상관람가","드라마","이한","유아인","(주)유비유필름,어나더픽쳐스(주)",2,"김윤석"
"완득이",38533069000,5311232,629,117847,"2011-10-20","CJ ENM","12세이상관람가","드라마","이한","김윤석","(주)유비유필름,어나더픽쳐스(주)",2,"김윤석"
"완득이",38533069000,5311232,629,117847,"2011-10-20","CJ ENM","12세이상관람가","드라마","이한","유아인","(주)유비유필름,어나더픽쳐스(주)",2,"김윤석"
"완벽한 타인",44356976474,5294154,1325,143075,"2018-10-31","롯데컬처웍스(주)롯데엔터테인먼트","15세이상관람가","드라마,코미디","이재규","유해진","(주)필름몬스터,드라마하우스(주)",2,"유해진"
"완벽한 타인",44356976474,5294154,1325,143075,"2018-10-31","롯데컬처웍스(주)롯데엔터테인먼트","15세이상관람가","드라마,코미디","이재규","조진웅","(주)필름몬스터,드라마하우스(주)",2,"유해진"
"완벽한 타인",44356976474,5294154,1325,143075,"2018-10-31","롯데컬처웍스(주)롯데엔터테인먼트","15세이상관람가","드라마,코미디","이재규","유해진","(주)필름몬스터,드라마하우스(주)",2,"유해진"
"완벽한 타인",44356976474,5294154,1325,143075,"2018-10-31","롯데컬처웍스(주)롯데엔터테인먼트","15세이상관람가","드라마,코미디","이재규","조진웅","(주)필름몬스터,드라마하우스(주)",2,"유해진"
"완벽한 타인",44356976474,5294154,1325,143075,"2018-10-31","롯데컬처웍스(주)롯데엔터테인먼트","15세이상관람가","드라마,코미디","이재규","유해진","(주)필름몬스터,드라마하우스(주)",2,"유해진"
"완벽한 타인",44356976474,5294154,1325,143075,"2018-10-31","롯데컬처웍스(주)롯데엔터테인먼트","15세이상관람가","드라마,코미디","이재규","조진웅","(주)필름몬스터,드라마하우스(주)",2,"유해진"
"완벽한 타인",44356976474,5294154,1325,143075,"2018-10-31","롯데컬처웍스(주)롯데엔터테인먼트","15세이상관람가","드라마,코미디","이재규","유해진","(주)필름몬스터,드라마하우스(주)",2,"유해진"
"완벽한 타인",44356976474,5294154,1325,143075,"2018-10-31","롯데컬처웍스(주)롯데엔터테인먼트","15세이상관람가","드라마,코미디","이재규","조진웅","(주)필름몬스터,드라마하우스(주)",2,"유해진"
"완벽한 타인",44356976474,5294154,1325,143075,"2018-10-31","롯데컬처웍스(주)롯데엔터테인먼트","15세이상관람가","드라마,코미디","이재규","유해진","(주)필름몬스터,드라마하우스(주)",2,"유해진"
"완벽한 타인",44356976474,5294154,1325,143075,"2018-10-31","롯데컬처웍스(주)롯데엔터테인먼트","15세이상관람가","드라마,코미디","이재규","조진웅","(주)필름몬스터,드라마하우스(주)",2,"유해진"
"타워",37654858000,5181014,638,81147,"2012-12-25","CJ ENM","12세이상관람가","드라마","김지훈","설경구","(주)씨제이이엔엠,(주)더타워픽쳐스",2,"정인기"
"타워",37654858000,5181014,638,81147,"2012-12-25","CJ ENM","12세이상관람가","드라마","김지훈","손예진","(주)씨제이이엔엠,(주)더타워픽쳐스",2,"정인기"
"타워",37654858000,5181014,638,81147,"2012-12-25","CJ ENM","12세이상관람가","드라마","김지훈","설경구","(주)씨제이이엔엠,(주)더타워픽쳐스",2,"정인기"
"타워",37654858000,5181014,638,81147,"2012-12-25","CJ ENM","12세이상관람가","드라마","김지훈","손예진","(주)씨제이이엔엠,(주)더타워픽쳐스",2,"정인기"
"타워",37654858000,5181014,638,81147,"2012-12-25","CJ ENM","12세이상관람가","드라마","김지훈","설경구","(주)씨제이이엔엠,(주)더타워픽쳐스",2,"정인기"
"타워",37654858000,5181014,638,81147,"2012-12-25","CJ ENM","12세이상관람가","드라마","김지훈","손예진","(주)씨제이이엔엠,(주)더타워픽쳐스",2,"정인기"
"타워",37654858000,5181014,638,81147,"2012-12-25","CJ ENM","12세이상관람가","드라마","김지훈","설경구","(주)씨제이이엔엠,(주)더타워픽쳐스",2,"정인기"
"타워",37654858000,5181014,638,81147,"2012-12-25","CJ ENM","12세이상관람가","드라마","김지훈","손예진","(주)씨제이이엔엠,(주)더타워픽쳐스",2,"정인기"
"타워",37654858000,5181014,638,81147,"2012-12-25","CJ ENM","12세이상관람가","드라마","김지훈","설경구","(주)씨제이이엔엠,(주)더타워픽쳐스",2,"정인기"
"타워",37654858000,5181014,638,81147,"2012-12-25","CJ ENM","12세이상관람가","드라마","김지훈","손예진","(주)씨제이이엔엠,(주)더타워픽쳐스",2,"정인기"
"추격자",33986959000,5046096,433,106805,"2008-02-14","(주)쇼박스","청소년관람불가","범죄,스릴러,액션","나홍진","김윤석","(주)영화사비단길",2,"하정우"
"추격자",33986959000,5046096,433,106805,"2008-02-14","(주)쇼박스","청소년관람불가","범죄,스릴러,액션","나홍진","하정우","(주)영화사비단길",2,"하정우"
"추격자",33986959000,5046096,433,106805,"2008-02-14","(주)쇼박스","청소년관람불가","범죄,스릴러,액션","나홍진","김윤석","(주)영화사비단길",2,"정인기"
"추격자",33986959000,5046096,433,106805,"2008-02-14","(주)쇼박스","청소년관람불가","범죄,스릴러,액션","나홍진","하정우","(주)영화사비단길",2,"정인기"
"추격자",33986959000,5046096,433,106805,"2008-02-14","(주)쇼박스","청소년관람불가","범죄,스릴러,액션","나홍진","김윤석","(주)영화사비단길",2,"김윤석"
"추격자",33986959000,5046096,433,106805,"2008-02-14","(주)쇼박스","청소년관람불가","범죄,스릴러,액션","나홍진","하정우","(주)영화사비단길",2,"김윤석"
"추격자",33986959000,5046096,433,106805,"2008-02-14","(주)쇼박스","청소년관람불가","범죄,스릴러,액션","나홍진","김윤석","(주)영화사비단길",2,"하정우"
"추격자",33986959000,5046096,433,106805,"2008-02-14","(주)쇼박스","청소년관람불가","범죄,스릴러,액션","나홍진","하정우","(주)영화사비단길",2,"하정우"
"추격자",33986959000,5046096,433,106805,"2008-02-14","(주)쇼박스","청소년관람불가","범죄,스릴러,액션","나홍진","김윤석","(주)영화사비단길",2,"정인기"
"추격자",33986959000,5046096,433,106805,"2008-02-14","(주)쇼박스","청소년관람불가","범죄,스릴러,액션","나홍진","하정우","(주)영화사비단길",2,"정인기"
"공작",42795690816,4975517,1317,99122,"2018-08-08","CJ ENM","12세이상관람가","드라마","윤종빈","황정민","(주)영화사 월광,(주)사나이픽처스",2,"황정민"
"공작",42795690816,4975517,1317,99122,"2018-08-08","CJ ENM","12세이상관람가","드라마","윤종빈","이성민","(주)영화사 월광,(주)사나이픽처스",2,"황정민"
"공작",42795690816,4975517,1317,99122,"2018-08-08","CJ ENM","12세이상관람가","드라마","윤종빈","황정민","(주)영화사 월광,(주)사나이픽처스",2,"황정민"
"공작",42795690816,4975517,1317,99122,"2018-08-08","CJ ENM","12세이상관람가","드라마","윤종빈","이성민","(주)영화사 월광,(주)사나이픽처스",2,"황정민"
"공작",42795690816,4975517,1317,99122,"2018-08-08","CJ ENM","12세이상관람가","드라마","윤종빈","황정민","(주)영화사 월광,(주)사나이픽처스",2,"황정민"
"공작",42795690816,4975517,1317,99122,"2018-08-08","CJ ENM","12세이상관람가","드라마","윤종빈","이성민","(주)영화사 월광,(주)사나이픽처스",2,"황정민"
"공작",42795690816,4975517,1317,99122,"2018-08-08","CJ ENM","12세이상관람가","드라마","윤종빈","황정민","(주)영화사 월광,(주)사나이픽처스",2,"황정민"
"공작",42795690816,4975517,1317,99122,"2018-08-08","CJ ENM","12세이상관람가","드라마","윤종빈","이성민","(주)영화사 월광,(주)사나이픽처스",2,"황정민"
"공작",42795690816,4975517,1317,99122,"2018-08-08","CJ ENM","12세이상관람가","드라마","윤종빈","황정민","(주)영화사 월광,(주)사나이픽처스",2,"황정민"
"공작",42795690816,4975517,1317,99122,"2018-08-08","CJ ENM","12세이상관람가","드라마","윤종빈","이성민","(주)영화사 월광,(주)사나이픽처스",2,"황정민"
"봉오동 전투",40588648538,4787538,1476,107030,"2019-08-07","(주)쇼박스","15세이상관람가","사극,액션,드라마","원신연","유해진","(주)빅스톤픽쳐스,(주)더블유픽처스,(주)쇼박스",2,"유해진"
"봉오동 전투",40588648538,4787538,1476,107030,"2019-08-07","(주)쇼박스","15세이상관람가","사극,액션,드라마","원신연","류준열","(주)빅스톤픽쳐스,(주)더블유픽처스,(주)쇼박스",2,"유해진"
"봉오동 전투",40588648538,4787538,1476,107030,"2019-08-07","(주)쇼박스","15세이상관람가","사극,액션,드라마","원신연","유해진","(주)빅스톤픽쳐스,(주)더블유픽처스,(주)쇼박스",2,"유해진"
"봉오동 전투",40588648538,4787538,1476,107030,"2019-08-07","(주)쇼박스","15세이상관람가","사극,액션,드라마","원신연","류준열","(주)빅스톤픽쳐스,(주)더블유픽처스,(주)쇼박스",2,"유해진"
"봉오동 전투",40588648538,4787538,1476,107030,"2019-08-07","(주)쇼박스","15세이상관람가","사극,액션,드라마","원신연","유해진","(주)빅스톤픽쳐스,(주)더블유픽처스,(주)쇼박스",2,"유해진"
"봉오동 전투",40588648538,4787538,1476,107030,"2019-08-07","(주)쇼박스","15세이상관람가","사극,액션,드라마","원신연","류준열","(주)빅스톤픽쳐스,(주)더블유픽처스,(주)쇼박스",2,"유해진"
"봉오동 전투",40588648538,4787538,1476,107030,"2019-08-07","(주)쇼박스","15세이상관람가","사극,액션,드라마","원신연","유해진","(주)빅스톤픽쳐스,(주)더블유픽처스,(주)쇼박스",2,"유해진"
"봉오동 전투",40588648538,4787538,1476,107030,"2019-08-07","(주)쇼박스","15세이상관람가","사극,액션,드라마","원신연","류준열","(주)빅스톤픽쳐스,(주)더블유픽처스,(주)쇼박스",2,"유해진"
"봉오동 전투",40588648538,4787538,1476,107030,"2019-08-07","(주)쇼박스","15세이상관람가","사극,액션,드라마","원신연","유해진","(주)빅스톤픽쳐스,(주)더블유픽처스,(주)쇼박스",2,"유해진"
"봉오동 전투",40588648538,4787538,1476,107030,"2019-08-07","(주)쇼박스","15세이상관람가","사극,액션,드라마","원신연","류준열","(주)빅스톤픽쳐스,(주)더블유픽처스,(주)쇼박스",2,"유해진"
"조선명탐정 : 각시투구꽃의 비밀",35841769500,4786259,634,84189,"2011-01-27","(주)쇼박스","12세이상관람가","코미디,액션","김석윤","김명민","청년필름(주)",2,"정인기"
"조선명탐정 : 각시투구꽃의 비밀",35841769500,4786259,634,84189,"2011-01-27","(주)쇼박스","12세이상관람가","코미디,액션","김석윤","오달수","청년필름(주)",2,"정인기"
"조선명탐정 : 각시투구꽃의 비밀",35841769500,4786259,634,84189,"2011-01-27","(주)쇼박스","12세이상관람가","코미디,액션","김석윤","김명민","청년필름(주)",2,"정인기"
"조선명탐정 : 각시투구꽃의 비밀",35841769500,4786259,634,84189,"2011-01-27","(주)쇼박스","12세이상관람가","코미디,액션","김석윤","오달수","청년필름(주)",2,"정인기"
"조선명탐정 : 각시투구꽃의 비밀",35841769500,4786259,634,84189,"2011-01-27","(주)쇼박스","12세이상관람가","코미디,액션","김석윤","김명민","청년필름(주)",2,"정인기"
"조선명탐정 : 각시투구꽃의 비밀",35841769500,4786259,634,84189,"2011-01-27","(주)쇼박스","12세이상관람가","코미디,액션","김석윤","오달수","청년필름(주)",2,"정인기"
"조선명탐정 : 각시투구꽃의 비밀",35841769500,4786259,634,84189,"2011-01-27","(주)쇼박스","12세이상관람가","코미디,액션","김석윤","김명민","청년필름(주)",2,"정인기"
"조선명탐정 : 각시투구꽃의 비밀",35841769500,4786259,634,84189,"2011-01-27","(주)쇼박스","12세이상관람가","코미디,액션","김석윤","오달수","청년필름(주)",2,"정인기"
"조선명탐정 : 각시투구꽃의 비밀",35841769500,4786259,634,84189,"2011-01-27","(주)쇼박스","12세이상관람가","코미디,액션","김석윤","김명민","청년필름(주)",2,"정인기"
"조선명탐정 : 각시투구꽃의 비밀",35841769500,4786259,634,84189,"2011-01-27","(주)쇼박스","12세이상관람가","코미디,액션","김석윤","오달수","청년필름(주)",2,"정인기"
"군도: 민란의 시대",36989711499,4775441,1394,67252,"2014-07-23","(주)쇼박스","15세이상관람가","사극,액션","윤종빈","하정우","(주)영화사 월광,(주)쇼박스",2,"이경영"
"군도: 민란의 시대",36989711499,4775441,1394,67252,"2014-07-23","(주)쇼박스","15세이상관람가","사극,액션","윤종빈","강동원","(주)영화사 월광,(주)쇼박스",2,"이경영"
"군도: 민란의 시대",36989711499,4775441,1394,67252,"2014-07-23","(주)쇼박스","15세이상관람가","사극,액션","윤종빈","하정우","(주)영화사 월광,(주)쇼박스",2,"하정우"
"군도: 민란의 시대",36989711499,4775441,1394,67252,"2014-07-23","(주)쇼박스","15세이상관람가","사극,액션","윤종빈","강동원","(주)영화사 월광,(주)쇼박스",2,"하정우"
"군도: 민란의 시대",36989711499,4775441,1394,67252,"2014-07-23","(주)쇼박스","15세이상관람가","사극,액션","윤종빈","하정우","(주)영화사 월광,(주)쇼박스",2,"송영창"
"군도: 민란의 시대",36989711499,4775441,1394,67252,"2014-07-23","(주)쇼박스","15세이상관람가","사극,액션","윤종빈","강동원","(주)영화사 월광,(주)쇼박스",2,"송영창"
"군도: 민란의 시대",36989711499,4775441,1394,67252,"2014-07-23","(주)쇼박스","15세이상관람가","사극,액션","윤종빈","하정우","(주)영화사 월광,(주)쇼박스",2,"주진모"
"군도: 민란의 시대",36989711499,4775441,1394,67252,"2014-07-23","(주)쇼박스","15세이상관람가","사극,액션","윤종빈","강동원","(주)영화사 월광,(주)쇼박스",2,"주진모"
"군도: 민란의 시대",36989711499,4775441,1394,67252,"2014-07-23","(주)쇼박스","15세이상관람가","사극,액션","윤종빈","하정우","(주)영화사 월광,(주)쇼박스",2,"김병옥"
"군도: 민란의 시대",36989711499,4775441,1394,67252,"2014-07-23","(주)쇼박스","15세이상관람가","사극,액션","윤종빈","강동원","(주)영화사 월광,(주)쇼박스",2,"김병옥"
"범죄와의 전쟁: 나쁜놈들 전성시대",36540327500,4720050,713,91892,"2012-02-02","(주)쇼박스","청소년관람불가","범죄,드라마","윤종빈","최민식","(주)팔레트픽처스,(주)쇼박스",2,"하정우"
"범죄와의 전쟁: 나쁜놈들 전성시대",36540327500,4720050,713,91892,"2012-02-02","(주)쇼박스","청소년관람불가","범죄,드라마","윤종빈","하정우","(주)팔레트픽처스,(주)쇼박스",2,"하정우"
"범죄와의 전쟁: 나쁜놈들 전성시대",36540327500,4720050,713,91892,"2012-02-02","(주)쇼박스","청소년관람불가","범죄,드라마","윤종빈","최민식","(주)팔레트픽처스,(주)쇼박스",2,"송영창"
"범죄와의 전쟁: 나쁜놈들 전성시대",36540327500,4720050,713,91892,"2012-02-02","(주)쇼박스","청소년관람불가","범죄,드라마","윤종빈","하정우","(주)팔레트픽처스,(주)쇼박스",2,"송영창"
"범죄와의 전쟁: 나쁜놈들 전성시대",36540327500,4720050,713,91892,"2012-02-02","(주)쇼박스","청소년관람불가","범죄,드라마","윤종빈","최민식","(주)팔레트픽처스,(주)쇼박스",2,"하정우"
"범죄와의 전쟁: 나쁜놈들 전성시대",36540327500,4720050,713,91892,"2012-02-02","(주)쇼박스","청소년관람불가","범죄,드라마","윤종빈","하정우","(주)팔레트픽처스,(주)쇼박스",2,"하정우"
"범죄와의 전쟁: 나쁜놈들 전성시대",36540327500,4720050,713,91892,"2012-02-02","(주)쇼박스","청소년관람불가","범죄,드라마","윤종빈","최민식","(주)팔레트픽처스,(주)쇼박스",2,"송영창"
"범죄와의 전쟁: 나쁜놈들 전성시대",36540327500,4720050,713,91892,"2012-02-02","(주)쇼박스","청소년관람불가","범죄,드라마","윤종빈","하정우","(주)팔레트픽처스,(주)쇼박스",2,"송영창"
"범죄와의 전쟁: 나쁜놈들 전성시대",36540327500,4720050,713,91892,"2012-02-02","(주)쇼박스","청소년관람불가","범죄,드라마","윤종빈","최민식","(주)팔레트픽처스,(주)쇼박스",2,"하정우"
"범죄와의 전쟁: 나쁜놈들 전성시대",36540327500,4720050,713,91892,"2012-02-02","(주)쇼박스","청소년관람불가","범죄,드라마","윤종빈","하정우","(주)팔레트픽처스,(주)쇼박스",2,"하정우"
"신세계",34881330905,4682492,671,90581,"2013-02-21","(주)넥스트엔터테인먼트월드(NEW)","청소년관람불가","범죄,액션","박훈정","이정재","(주)사나이픽처스,(주)페퍼민트앤컴퍼니,(주)대명문화공장,(주)파트너스케이",2,"황정민"
"신세계",34881330905,4682492,671,90581,"2013-02-21","(주)넥스트엔터테인먼트월드(NEW)","청소년관람불가","범죄,액션","박훈정","최민식","(주)사나이픽처스,(주)페퍼민트앤컴퍼니,(주)대명문화공장,(주)파트너스케이",2,"황정민"
"신세계",34881330905,4682492,671,90581,"2013-02-21","(주)넥스트엔터테인먼트월드(NEW)","청소년관람불가","범죄,액션","박훈정","이정재","(주)사나이픽처스,(주)페퍼민트앤컴퍼니,(주)대명문화공장,(주)파트너스케이",2,"주진모"
"신세계",34881330905,4682492,671,90581,"2013-02-21","(주)넥스트엔터테인먼트월드(NEW)","청소년관람불가","범죄,액션","박훈정","최민식","(주)사나이픽처스,(주)페퍼민트앤컴퍼니,(주)대명문화공장,(주)파트너스케이",2,"주진모"
"신세계",34881330905,4682492,671,90581,"2013-02-21","(주)넥스트엔터테인먼트월드(NEW)","청소년관람불가","범죄,액션","박훈정","이정재","(주)사나이픽처스,(주)페퍼민트앤컴퍼니,(주)대명문화공장,(주)파트너스케이",2,"황정민"
"신세계",34881330905,4682492,671,90581,"2013-02-21","(주)넥스트엔터테인먼트월드(NEW)","청소년관람불가","범죄,액션","박훈정","최민식","(주)사나이픽처스,(주)페퍼민트앤컴퍼니,(주)대명문화공장,(주)파트너스케이",2,"황정민"
"신세계",34881330905,4682492,671,90581,"2013-02-21","(주)넥스트엔터테인먼트월드(NEW)","청소년관람불가","범죄,액션","박훈정","이정재","(주)사나이픽처스,(주)페퍼민트앤컴퍼니,(주)대명문화공장,(주)파트너스케이",2,"주진모"
"신세계",34881330905,4682492,671,90581,"2013-02-21","(주)넥스트엔터테인먼트월드(NEW)","청소년관람불가","범죄,액션","박훈정","최민식","(주)사나이픽처스,(주)페퍼민트앤컴퍼니,(주)대명문화공장,(주)파트너스케이",2,"주진모"
"신세계",34881330905,4682492,671,90581,"2013-02-21","(주)넥스트엔터테인먼트월드(NEW)","청소년관람불가","범죄,액션","박훈정","이정재","(주)사나이픽처스,(주)페퍼민트앤컴퍼니,(주)대명문화공장,(주)파트너스케이",2,"황정민"
"신세계",34881330905,4682492,671,90581,"2013-02-21","(주)넥스트엔터테인먼트월드(NEW)","청소년관람불가","범죄,액션","박훈정","최민식","(주)사나이픽처스,(주)페퍼민트앤컴퍼니,(주)대명문화공장,(주)파트너스케이",2,"황정민"
"판도라",36067171064,4584800,1184,100270,"2016-12-07","(주)넥스트엔터테인먼트월드(NEW)","12세이상관람가","드라마,스릴러","박정우","김남길","(주)씨에이씨엔터테인먼트",2,"이경영"
"판도라",36067171064,4584800,1184,100270,"2016-12-07","(주)넥스트엔터테인먼트월드(NEW)","12세이상관람가","드라마,스릴러","박정우","김주현","(주)씨에이씨엔터테인먼트",2,"이경영"
"판도라",36067171064,4584800,1184,100270,"2016-12-07","(주)넥스트엔터테인먼트월드(NEW)","12세이상관람가","드라마,스릴러","박정우","김남길","(주)씨에이씨엔터테인먼트",2,"송영창"
"판도라",36067171064,4584800,1184,100270,"2016-12-07","(주)넥스트엔터테인먼트월드(NEW)","12세이상관람가","드라마,스릴러","박정우","김주현","(주)씨에이씨엔터테인먼트",2,"송영창"
"판도라",36067171064,4584800,1184,100270,"2016-12-07","(주)넥스트엔터테인먼트월드(NEW)","12세이상관람가","드라마,스릴러","박정우","김남길","(주)씨에이씨엔터테인먼트",2,"정인기"
"판도라",36067171064,4584800,1184,100270,"2016-12-07","(주)넥스트엔터테인먼트월드(NEW)","12세이상관람가","드라마,스릴러","박정우","김주현","(주)씨에이씨엔터테인먼트",2,"정인기"
"판도라",36067171064,4584800,1184,100270,"2016-12-07","(주)넥스트엔터테인먼트월드(NEW)","12세이상관람가","드라마,스릴러","박정우","김남길","(주)씨에이씨엔터테인먼트",2,"주진모"
"판도라",36067171064,4584800,1184,100270,"2016-12-07","(주)넥스트엔터테인먼트월드(NEW)","12세이상관람가","드라마,스릴러","박정우","김주현","(주)씨에이씨엔터테인먼트",2,"주진모"
"판도라",36067171064,4584800,1184,100270,"2016-12-07","(주)넥스트엔터테인먼트월드(NEW)","12세이상관람가","드라마,스릴러","박정우","김남길","(주)씨에이씨엔터테인먼트",2,"이경영"
"판도라",36067171064,4584800,1184,100270,"2016-12-07","(주)넥스트엔터테인먼트월드(NEW)","12세이상관람가","드라마,스릴러","박정우","김주현","(주)씨에이씨엔터테인먼트",2,"이경영"
"연가시",32175400664,4515833,759,71928,"2012-07-05","CJ ENM","15세이상관람가","공포(호러),SF","박정우","김명민","(주)오죤필름",2,"송영창"
"연가시",32175400664,4515833,759,71928,"2012-07-05","CJ ENM","15세이상관람가","공포(호러),SF","박정우","문정희","(주)오죤필름",2,"송영창"
"연가시",32175400664,4515833,759,71928,"2012-07-05","CJ ENM","15세이상관람가","공포(호러),SF","박정우","김명민","(주)오죤필름",2,"정인기"
"연가시",32175400664,4515833,759,71928,"2012-07-05","CJ ENM","15세이상관람가","공포(호러),SF","박정우","문정희","(주)오죤필름",2,"정인기"
"연가시",32175400664,4515833,759,71928,"2012-07-05","CJ ENM","15세이상관람가","공포(호러),SF","박정우","김명민","(주)오죤필름",2,"송영창"
"연가시",32175400664,4515833,759,71928,"2012-07-05","CJ ENM","15세이상관람가","공포(호러),SF","박정우","문정희","(주)오죤필름",2,"송영창"
"연가시",32175400664,4515833,759,71928,"2012-07-05","CJ ENM","15세이상관람가","공포(호러),SF","박정우","김명민","(주)오죤필름",2,"정인기"
"연가시",32175400664,4515833,759,71928,"2012-07-05","CJ ENM","15세이상관람가","공포(호러),SF","박정우","문정희","(주)오죤필름",2,"정인기"
"연가시",32175400664,4515833,759,71928,"2012-07-05","CJ ENM","15세이상관람가","공포(호러),SF","박정우","김명민","(주)오죤필름",2,"송영창"
"연가시",32175400664,4515833,759,71928,"2012-07-05","CJ ENM","15세이상관람가","공포(호러),SF","박정우","문정희","(주)오죤필름",2,"송영창"
"강철중: 공공의 적 1-1",28638460100,4313101,707,74157,"2008-06-19","CJ ENM,(주)시네마서비스","15세이상관람가","드라마,액션","강우석","설경구","(주)시네마서비스글로벌,(주)시네마서비스",1,"유해진"
"강철중: 공공의 적 1-1",28638460100,4313101,707,74157,"2008-06-19","CJ ENM,(주)시네마서비스","15세이상관람가","드라마,액션","강우석","정재영","(주)시네마서비스글로벌,(주)시네마서비스",1,"유해진"
"강철중: 공공의 적 1-1",28638460100,4313101,707,74157,"2008-06-19","CJ ENM,(주)시네마서비스","15세이상관람가","드라마,액션","강우석","설경구","(주)시네마서비스글로벌,(주)시네마서비스",1,"유해진"
"강철중: 공공의 적 1-1",28638460100,4313101,707,74157,"2008-06-19","CJ ENM,(주)시네마서비스","15세이상관람가","드라마,액션","강우석","정재영","(주)시네마서비스글로벌,(주)시네마서비스",1,"유해진"
"강철중: 공공의 적 1-1",28638460100,4313101,707,74157,"2008-06-19","CJ ENM,(주)시네마서비스","15세이상관람가","드라마,액션","강우석","설경구","(주)시네마서비스글로벌,(주)시네마서비스",1,"유해진"
"강철중: 공공의 적 1-1",28638460100,4313101,707,74157,"2008-06-19","CJ ENM,(주)시네마서비스","15세이상관람가","드라마,액션","강우석","정재영","(주)시네마서비스글로벌,(주)시네마서비스",1,"유해진"
"강철중: 공공의 적 1-1",28638460100,4313101,707,74157,"2008-06-19","CJ ENM,(주)시네마서비스","15세이상관람가","드라마,액션","강우석","설경구","(주)시네마서비스글로벌,(주)시네마서비스",1,"유해진"
"강철중: 공공의 적 1-1",28638460100,4313101,707,74157,"2008-06-19","CJ ENM,(주)시네마서비스","15세이상관람가","드라마,액션","강우석","정재영","(주)시네마서비스글로벌,(주)시네마서비스",1,"유해진"
"강철중: 공공의 적 1-1",28638460100,4313101,707,74157,"2008-06-19","CJ ENM,(주)시네마서비스","15세이상관람가","드라마,액션","강우석","설경구","(주)시네마서비스글로벌,(주)시네마서비스",1,"유해진"
"강철중: 공공의 적 1-1",28638460100,4313101,707,74157,"2008-06-19","CJ ENM,(주)시네마서비스","15세이상관람가","드라마,액션","강우석","정재영","(주)시네마서비스글로벌,(주)시네마서비스",1,"유해진"
"아가씨",35217052991,4288530,1171,90372,"2016-06-01","CJ ENM","청소년관람불가","스릴러,드라마","박찬욱","김민희","유한회사 아가씨에프에스,(주)모호필름,(주)용필름",1,"하정우"
"아가씨",35217052991,4288530,1171,90372,"2016-06-01","CJ ENM","청소년관람불가","스릴러,드라마","박찬욱","김태리","유한회사 아가씨에프에스,(주)모호필름,(주)용필름",1,"하정우"
"아가씨",35217052991,4288530,1171,90372,"2016-06-01","CJ ENM","청소년관람불가","스릴러,드라마","박찬욱","김민희","유한회사 아가씨에프에스,(주)모호필름,(주)용필름",1,"하정우"
"아가씨",35217052991,4288530,1171,90372,"2016-06-01","CJ ENM","청소년관람불가","스릴러,드라마","박찬욱","김태리","유한회사 아가씨에프에스,(주)모호필름,(주)용필름",1,"하정우"
"아가씨",35217052991,4288530,1171,90372,"2016-06-01","CJ ENM","청소년관람불가","스릴러,드라마","박찬욱","김민희","유한회사 아가씨에프에스,(주)모호필름,(주)용필름",1,"하정우"
"아가씨",35217052991,4288530,1171,90372,"2016-06-01","CJ ENM","청소년관람불가","스릴러,드라마","박찬욱","김태리","유한회사 아가씨에프에스,(주)모호필름,(주)용필름",1,"하정우"
"아가씨",35217052991,4288530,1171,90372,"2016-06-01","CJ ENM","청소년관람불가","스릴러,드라마","박찬욱","김민희","유한회사 아가씨에프에스,(주)모호필름,(주)용필름",1,"하정우"
"아가씨",35217052991,4288530,1171,90372,"2016-06-01","CJ ENM","청소년관람불가","스릴러,드라마","박찬욱","김태리","유한회사 아가씨에프에스,(주)모호필름,(주)용필름",1,"하정우"
"아가씨",35217052991,4288530,1171,90372,"2016-06-01","CJ ENM","청소년관람불가","스릴러,드라마","박찬욱","김민희","유한회사 아가씨에프에스,(주)모호필름,(주)용필름",1,"하정우"
"아가씨",35217052991,4288530,1171,90372,"2016-06-01","CJ ENM","청소년관람불가","스릴러,드라마","박찬욱","김태리","유한회사 아가씨에프에스,(주)모호필름,(주)용필름",1,"하정우"
"댄싱퀸",30130775500,4058225,544,80988,"2012-01-18","CJ ENM","12세이상관람가","코미디,드라마","이석훈","황정민","(주)제이케이필름,(주)씨제이이엔엠",1,"황정민"
"댄싱퀸",30130775500,4058225,544,80988,"2012-01-18","CJ ENM","12세이상관람가","코미디,드라마","이석훈","엄정화","(주)제이케이필름,(주)씨제이이엔엠",1,"황정민"
"댄싱퀸",30130775500,4058225,544,80988,"2012-01-18","CJ ENM","12세이상관람가","코미디,드라마","이석훈","황정민","(주)제이케이필름,(주)씨제이이엔엠",1,"황정민"
"댄싱퀸",30130775500,4058225,544,80988,"2012-01-18","CJ ENM","12세이상관람가","코미디,드라마","이석훈","엄정화","(주)제이케이필름,(주)씨제이이엔엠",1,"황정민"
"댄싱퀸",30130775500,4058225,544,80988,"2012-01-18","CJ ENM","12세이상관람가","코미디,드라마","이석훈","황정민","(주)제이케이필름,(주)씨제이이엔엠",1,"황정민"
"댄싱퀸",30130775500,4058225,544,80988,"2012-01-18","CJ ENM","12세이상관람가","코미디,드라마","이석훈","엄정화","(주)제이케이필름,(주)씨제이이엔엠",1,"황정민"
"댄싱퀸",30130775500,4058225,544,80988,"2012-01-18","CJ ENM","12세이상관람가","코미디,드라마","이석훈","황정민","(주)제이케이필름,(주)씨제이이엔엠",1,"황정민"
"댄싱퀸",30130775500,4058225,544,80988,"2012-01-18","CJ ENM","12세이상관람가","코미디,드라마","이석훈","엄정화","(주)제이케이필름,(주)씨제이이엔엠",1,"황정민"
"댄싱퀸",30130775500,4058225,544,80988,"2012-01-18","CJ ENM","12세이상관람가","코미디,드라마","이석훈","황정민","(주)제이케이필름,(주)씨제이이엔엠",1,"황정민"
"댄싱퀸",30130775500,4058225,544,80988,"2012-01-18","CJ ENM","12세이상관람가","코미디,드라마","이석훈","엄정화","(주)제이케이필름,(주)씨제이이엔엠",1,"황정민"
"우리 생애 최고의 순간",26119898000,4018872,418,70724,"2008-01-10","(주)싸이더스","전체관람가","드라마","임순례","문소리","(주)엠케이픽처스",1,"하정우"
"우리 생애 최고의 순간",26119898000,4018872,418,70724,"2008-01-10","(주)싸이더스","전체관람가","드라마","임순례","김정은","(주)엠케이픽처스",1,"하정우"
"우리 생애 최고의 순간",26119898000,4018872,418,70724,"2008-01-10","(주)싸이더스","전체관람가","드라마","임순례","문소리","(주)엠케이픽처스",1,"하정우"
"우리 생애 최고의 순간",26119898000,4018872,418,70724,"2008-01-10","(주)싸이더스","전체관람가","드라마","임순례","김정은","(주)엠케이픽처스",1,"하정우"
"우리 생애 최고의 순간",26119898000,4018872,418,70724,"2008-01-10","(주)싸이더스","전체관람가","드라마","임순례","문소리","(주)엠케이픽처스",1,"하정우"
"우리 생애 최고의 순간",26119898000,4018872,418,70724,"2008-01-10","(주)싸이더스","전체관람가","드라마","임순례","김정은","(주)엠케이픽처스",1,"하정우"
"우리 생애 최고의 순간",26119898000,4018872,418,70724,"2008-01-10","(주)싸이더스","전체관람가","드라마","임순례","문소리","(주)엠케이픽처스",1,"하정우"
"우리 생애 최고의 순간",26119898000,4018872,418,70724,"2008-01-10","(주)싸이더스","전체관람가","드라마","임순례","김정은","(주)엠케이픽처스",1,"하정우"
"우리 생애 최고의 순간",26119898000,4018872,418,70724,"2008-01-10","(주)싸이더스","전체관람가","드라마","임순례","문소리","(주)엠케이픽처스",1,"하정우"
"우리 생애 최고의 순간",26119898000,4018872,418,70724,"2008-01-10","(주)싸이더스","전체관람가","드라마","임순례","김정은","(주)엠케이픽처스",1,"하정우"
"타짜-신의 손",32373120927,4015361,890,80584,"2014-09-03","롯데쇼핑㈜롯데엔터테인먼트,(주)싸이더스","청소년관람불가","드라마","강형철","T.O.P","(주)싸이더스",1,"이경영"
"타짜-신의 손",32373120927,4015361,890,80584,"2014-09-03","롯데쇼핑㈜롯데엔터테인먼트,(주)싸이더스","청소년관람불가","드라마","강형철","신세경","(주)싸이더스",1,"이경영"
"타짜-신의 손",32373120927,4015361,890,80584,"2014-09-03","롯데쇼핑㈜롯데엔터테인먼트,(주)싸이더스","청소년관람불가","드라마","강형철","T.O.P","(주)싸이더스",1,"유해진"
"타짜-신의 손",32373120927,4015361,890,80584,"2014-09-03","롯데쇼핑㈜롯데엔터테인먼트,(주)싸이더스","청소년관람불가","드라마","강형철","신세경","(주)싸이더스",1,"유해진"
"타짜-신의 손",32373120927,4015361,890,80584,"2014-09-03","롯데쇼핑㈜롯데엔터테인먼트,(주)싸이더스","청소년관람불가","드라마","강형철","T.O.P","(주)싸이더스",1,"김윤석"
"타짜-신의 손",32373120927,4015361,890,80584,"2014-09-03","롯데쇼핑㈜롯데엔터테인먼트,(주)싸이더스","청소년관람불가","드라마","강형철","신세경","(주)싸이더스",1,"김윤석"
"타짜-신의 손",32373120927,4015361,890,80584,"2014-09-03","롯데쇼핑㈜롯데엔터테인먼트,(주)싸이더스","청소년관람불가","드라마","강형철","T.O.P","(주)싸이더스",1,"이경영"
"타짜-신의 손",32373120927,4015361,890,80584,"2014-09-03","롯데쇼핑㈜롯데엔터테인먼트,(주)싸이더스","청소년관람불가","드라마","강형철","신세경","(주)싸이더스",1,"이경영"
"타짜-신의 손",32373120927,4015361,890,80584,"2014-09-03","롯데쇼핑㈜롯데엔터테인먼트,(주)싸이더스","청소년관람불가","드라마","강형철","T.O.P","(주)싸이더스",1,"유해진"
"타짜-신의 손",32373120927,4015361,890,80584,"2014-09-03","롯데쇼핑㈜롯데엔터테인먼트,(주)싸이더스","청소년관람불가","드라마","강형철","신세경","(주)싸이더스",1,"유해진"
"조선명탐정 : 사라진 놉의 딸",30456879428,3872015,825,80499,"2015-02-11","(주)쇼박스","12세이상관람가","사극,코미디,어드벤처","김석윤","김명민","청년필름(주)",1,"황정민"
"조선명탐정 : 사라진 놉의 딸",30456879428,3872015,825,80499,"2015-02-11","(주)쇼박스","12세이상관람가","사극,코미디,어드벤처","김석윤","오달수","청년필름(주)",1,"황정민"
"조선명탐정 : 사라진 놉의 딸",30456879428,3872015,825,80499,"2015-02-11","(주)쇼박스","12세이상관람가","사극,코미디,어드벤처","김석윤","김명민","청년필름(주)",1,"황정민"
"조선명탐정 : 사라진 놉의 딸",30456879428,3872015,825,80499,"2015-02-11","(주)쇼박스","12세이상관람가","사극,코미디,어드벤처","김석윤","오달수","청년필름(주)",1,"황정민"
"조선명탐정 : 사라진 놉의 딸",30456879428,3872015,825,80499,"2015-02-11","(주)쇼박스","12세이상관람가","사극,코미디,어드벤처","김석윤","김명민","청년필름(주)",1,"황정민"
"조선명탐정 : 사라진 놉의 딸",30456879428,3872015,825,80499,"2015-02-11","(주)쇼박스","12세이상관람가","사극,코미디,어드벤처","김석윤","오달수","청년필름(주)",1,"황정민"
"조선명탐정 : 사라진 놉의 딸",30456879428,3872015,825,80499,"2015-02-11","(주)쇼박스","12세이상관람가","사극,코미디,어드벤처","김석윤","김명민","청년필름(주)",1,"황정민"
"조선명탐정 : 사라진 놉의 딸",30456879428,3872015,825,80499,"2015-02-11","(주)쇼박스","12세이상관람가","사극,코미디,어드벤처","김석윤","오달수","청년필름(주)",1,"황정민"
"조선명탐정 : 사라진 놉의 딸",30456879428,3872015,825,80499,"2015-02-11","(주)쇼박스","12세이상관람가","사극,코미디,어드벤처","김석윤","김명민","청년필름(주)",1,"황정민"
"조선명탐정 : 사라진 놉의 딸",30456879428,3872015,825,80499,"2015-02-11","(주)쇼박스","12세이상관람가","사극,코미디,어드벤처","김석윤","오달수","청년필름(주)",1,"황정민"
"역린",29894266890,3849552,1054,83299,"2014-04-30","롯데쇼핑㈜롯데엔터테인먼트","15세이상관람가","사극","이재규","현빈","굿초이스컷픽쳐스(주),(주)파파스필름",1,"송영창"
"역린",29894266890,3849552,1054,83299,"2014-04-30","롯데쇼핑㈜롯데엔터테인먼트","15세이상관람가","사극","이재규","정재영","굿초이스컷픽쳐스(주),(주)파파스필름",1,"송영창"
"역린",29894266890,3849552,1054,83299,"2014-04-30","롯데쇼핑㈜롯데엔터테인먼트","15세이상관람가","사극","이재규","현빈","굿초이스컷픽쳐스(주),(주)파파스필름",1,"송영창"
"역린",29894266890,3849552,1054,83299,"2014-04-30","롯데쇼핑㈜롯데엔터테인먼트","15세이상관람가","사극","이재규","정재영","굿초이스컷픽쳐스(주),(주)파파스필름",1,"송영창"
"역린",29894266890,3849552,1054,83299,"2014-04-30","롯데쇼핑㈜롯데엔터테인먼트","15세이상관람가","사극","이재규","현빈","굿초이스컷픽쳐스(주),(주)파파스필름",1,"송영창"
"역린",29894266890,3849552,1054,83299,"2014-04-30","롯데쇼핑㈜롯데엔터테인먼트","15세이상관람가","사극","이재규","정재영","굿초이스컷픽쳐스(주),(주)파파스필름",1,"송영창"
"역린",29894266890,3849552,1054,83299,"2014-04-30","롯데쇼핑㈜롯데엔터테인먼트","15세이상관람가","사극","이재규","현빈","굿초이스컷픽쳐스(주),(주)파파스필름",1,"송영창"
"역린",29894266890,3849552,1054,83299,"2014-04-30","롯데쇼핑㈜롯데엔터테인먼트","15세이상관람가","사극","이재규","정재영","굿초이스컷픽쳐스(주),(주)파파스필름",1,"송영창"
"역린",29894266890,3849552,1054,83299,"2014-04-30","롯데쇼핑㈜롯데엔터테인먼트","15세이상관람가","사극","이재규","현빈","굿초이스컷픽쳐스(주),(주)파파스필름",1,"송영창"
"역린",29894266890,3849552,1054,83299,"2014-04-30","롯데쇼핑㈜롯데엔터테인먼트","15세이상관람가","사극","이재규","정재영","굿초이스컷픽쳐스(주),(주)파파스필름",1,"송영창"
"남한산성",31225419792,3849129,1229,71102,"2017-10-03","CJ ENM","15세이상관람가","사극,드라마","황동혁","이병헌","(주)싸이런픽쳐스",1,"송영창"
"남한산성",31225419792,3849129,1229,71102,"2017-10-03","CJ ENM","15세이상관람가","사극,드라마","황동혁","김윤석","(주)싸이런픽쳐스",1,"송영창"
"남한산성",31225419792,3849129,1229,71102,"2017-10-03","CJ ENM","15세이상관람가","사극,드라마","황동혁","이병헌","(주)싸이런픽쳐스",1,"김윤석"
"남한산성",31225419792,3849129,1229,71102,"2017-10-03","CJ ENM","15세이상관람가","사극,드라마","황동혁","김윤석","(주)싸이런픽쳐스",1,"김윤석"
"남한산성",31225419792,3849129,1229,71102,"2017-10-03","CJ ENM","15세이상관람가","사극,드라마","황동혁","이병헌","(주)싸이런픽쳐스",1,"송영창"
"남한산성",31225419792,3849129,1229,71102,"2017-10-03","CJ ENM","15세이상관람가","사극,드라마","황동혁","김윤석","(주)싸이런픽쳐스",1,"송영창"
"남한산성",31225419792,3849129,1229,71102,"2017-10-03","CJ ENM","15세이상관람가","사극,드라마","황동혁","이병헌","(주)싸이런픽쳐스",1,"김윤석"
"남한산성",31225419792,3849129,1229,71102,"2017-10-03","CJ ENM","15세이상관람가","사극,드라마","황동혁","김윤석","(주)싸이런픽쳐스",1,"김윤석"
"남한산성",31225419792,3849129,1229,71102,"2017-10-03","CJ ENM","15세이상관람가","사극,드라마","황동혁","이병헌","(주)싸이런픽쳐스",1,"송영창"
"남한산성",31225419792,3849129,1229,71102,"2017-10-03","CJ ENM","15세이상관람가","사극,드라마","황동혁","김윤석","(주)싸이런픽쳐스",1,"송영창"
"암수살인",32998321048,3789553,1177,126128,"2018-10-03","(주)쇼박스","15세이상관람가","범죄,드라마","김태균","김윤석","(주)필름295,(주)블러썸픽쳐스",1,"김윤석"
"암수살인",32998321048,3789553,1177,126128,"2018-10-03","(주)쇼박스","15세이상관람가","범죄,드라마","김태균","주지훈","(주)필름295,(주)블러썸픽쳐스",1,"김윤석"
"암수살인",32998321048,3789553,1177,126128,"2018-10-03","(주)쇼박스","15세이상관람가","범죄,드라마","김태균","김윤석","(주)필름295,(주)블러썸픽쳐스",1,"김윤석"
"암수살인",32998321048,3789553,1177,126128,"2018-10-03","(주)쇼박스","15세이상관람가","범죄,드라마","김태균","주지훈","(주)필름295,(주)블러썸픽쳐스",1,"김윤석"
"암수살인",32998321048,3789553,1177,126128,"2018-10-03","(주)쇼박스","15세이상관람가","범죄,드라마","김태균","김윤석","(주)필름295,(주)블러썸픽쳐스",1,"김윤석"
"암수살인",32998321048,3789553,1177,126128,"2018-10-03","(주)쇼박스","15세이상관람가","범죄,드라마","김태균","주지훈","(주)필름295,(주)블러썸픽쳐스",1,"김윤석"
"암수살인",32998321048,3789553,1177,126128,"2018-10-03","(주)쇼박스","15세이상관람가","범죄,드라마","김태균","김윤석","(주)필름295,(주)블러썸픽쳐스",1,"김윤석"
"암수살인",32998321048,3789553,1177,126128,"2018-10-03","(주)쇼박스","15세이상관람가","범죄,드라마","김태균","주지훈","(주)필름295,(주)블러썸픽쳐스",1,"김윤석"
"암수살인",32998321048,3789553,1177,126128,"2018-10-03","(주)쇼박스","15세이상관람가","범죄,드라마","김태균","김윤석","(주)필름295,(주)블러썸픽쳐스",1,"김윤석"
"암수살인",32998321048,3789553,1177,126128,"2018-10-03","(주)쇼박스","15세이상관람가","범죄,드라마","김태균","주지훈","(주)필름295,(주)블러썸픽쳐스",1,"김윤석"
"국가부도의 날",30893315837,3755233,1180,101077,"2018-11-28","CJ ENM","12세이상관람가","드라마","최국희","김혜수","영화사 집",1,"송영창"
"국가부도의 날",30893315837,3755233,1180,101077,"2018-11-28","CJ ENM","12세이상관람가","드라마","최국희","유아인","영화사 집",1,"송영창"
"국가부도의 날",30893315837,3755233,1180,101077,"2018-11-28","CJ ENM","12세이상관람가","드라마","최국희","김혜수","영화사 집",1,"송영창"
"국가부도의 날",30893315837,3755233,1180,101077,"2018-11-28","CJ ENM","12세이상관람가","드라마","최국희","유아인","영화사 집",1,"송영창"
"국가부도의 날",30893315837,3755233,1180,101077,"2018-11-28","CJ ENM","12세이상관람가","드라마","최국희","김혜수","영화사 집",1,"송영창"
"국가부도의 날",30893315837,3755233,1180,101077,"2018-11-28","CJ ENM","12세이상관람가","드라마","최국희","유아인","영화사 집",1,"송영창"
"국가부도의 날",30893315837,3755233,1180,101077,"2018-11-28","CJ ENM","12세이상관람가","드라마","최국희","김혜수","영화사 집",1,"송영창"
"국가부도의 날",30893315837,3755233,1180,101077,"2018-11-28","CJ ENM","12세이상관람가","드라마","최국희","유아인","영화사 집",1,"송영창"
"국가부도의 날",30893315837,3755233,1180,101077,"2018-11-28","CJ ENM","12세이상관람가","드라마","최국희","김혜수","영화사 집",1,"송영창"
"국가부도의 날",30893315837,3755233,1180,101077,"2018-11-28","CJ ENM","12세이상관람가","드라마","최국희","유아인","영화사 집",1,"송영창"
"쌍화점",25411823400,3749034,532,72498,"2008-12-30","(주)쇼박스","청소년관람불가","드라마","유하","조인성","오퍼스픽쳐스(유)",1,"주진모"
"쌍화점",25411823400,3749034,532,72498,"2008-12-30","(주)쇼박스","청소년관람불가","드라마","유하","주진모","오퍼스픽쳐스(유)",1,"주진모"
"쌍화점",25411823400,3749034,532,72498,"2008-12-30","(주)쇼박스","청소년관람불가","드라마","유하","조인성","오퍼스픽쳐스(유)",1,"주진모"
"쌍화점",25411823400,3749034,532,72498,"2008-12-30","(주)쇼박스","청소년관람불가","드라마","유하","주진모","오퍼스픽쳐스(유)",1,"주진모"
"쌍화점",25411823400,3749034,532,72498,"2008-12-30","(주)쇼박스","청소년관람불가","드라마","유하","조인성","오퍼스픽쳐스(유)",1,"주진모"
"쌍화점",25411823400,3749034,532,72498,"2008-12-30","(주)쇼박스","청소년관람불가","드라마","유하","주진모","오퍼스픽쳐스(유)",1,"주진모"
"쌍화점",25411823400,3749034,532,72498,"2008-12-30","(주)쇼박스","청소년관람불가","드라마","유하","조인성","오퍼스픽쳐스(유)",1,"주진모"
"쌍화점",25411823400,3749034,532,72498,"2008-12-30","(주)쇼박스","청소년관람불가","드라마","유하","주진모","오퍼스픽쳐스(유)",1,"주진모"
"쌍화점",25411823400,3749034,532,72498,"2008-12-30","(주)쇼박스","청소년관람불가","드라마","유하","조인성","오퍼스픽쳐스(유)",1,"주진모"
"쌍화점",25411823400,3749034,532,72498,"2008-12-30","(주)쇼박스","청소년관람불가","드라마","유하","주진모","오퍼스픽쳐스(유)",1,"주진모"
"귀향",27249801990,3587182,876,90288,"2016-02-24","(주)와우픽쳐스","15세이상관람가","드라마","조정래","강하나","주식회사 제이오엔터테인먼트코리아",1,"정인기"
"귀향",27249801990,3587182,876,90288,"2016-02-24","(주)와우픽쳐스","15세이상관람가","드라마","조정래","최리","주식회사 제이오엔터테인먼트코리아",1,"정인기"
"귀향",27249801990,3587182,876,90288,"2016-02-24","(주)와우픽쳐스","15세이상관람가","드라마","조정래","강하나","주식회사 제이오엔터테인먼트코리아",1,"정인기"
"귀향",27249801990,3587182,876,90288,"2016-02-24","(주)와우픽쳐스","15세이상관람가","드라마","조정래","최리","주식회사 제이오엔터테인먼트코리아",1,"정인기"
"귀향",27249801990,3587182,876,90288,"2016-02-24","(주)와우픽쳐스","15세이상관람가","드라마","조정래","강하나","주식회사 제이오엔터테인먼트코리아",1,"정인기"
"귀향",27249801990,3587182,876,90288,"2016-02-24","(주)와우픽쳐스","15세이상관람가","드라마","조정래","최리","주식회사 제이오엔터테인먼트코리아",1,"정인기"
"귀향",27249801990,3587182,876,90288,"2016-02-24","(주)와우픽쳐스","15세이상관람가","드라마","조정래","강하나","주식회사 제이오엔터테인먼트코리아",1,"정인기"
"귀향",27249801990,3587182,876,90288,"2016-02-24","(주)와우픽쳐스","15세이상관람가","드라마","조정래","최리","주식회사 제이오엔터테인먼트코리아",1,"정인기"
"귀향",27249801990,3587182,876,90288,"2016-02-24","(주)와우픽쳐스","15세이상관람가","드라마","조정래","강하나","주식회사 제이오엔터테인먼트코리아",1,"정인기"
"귀향",27249801990,3587182,876,90288,"2016-02-24","(주)와우픽쳐스","15세이상관람가","드라마","조정래","최리","주식회사 제이오엔터테인먼트코리아",1,"정인기"
"부러진 화살",25937273000,3459864,530,71593,"2012-01-18","(주)넥스트엔터테인먼트월드(NEW)","15세이상관람가","드라마","정지영","안성기","(주)아우라픽처스",1,"이경영"
"부러진 화살",25937273000,3459864,530,71593,"2012-01-18","(주)넥스트엔터테인먼트월드(NEW)","15세이상관람가","드라마","정지영","박원상","(주)아우라픽처스",1,"이경영"
"부러진 화살",25937273000,3459864,530,71593,"2012-01-18","(주)넥스트엔터테인먼트월드(NEW)","15세이상관람가","드라마","정지영","안성기","(주)아우라픽처스",1,"이경영"
"부러진 화살",25937273000,3459864,530,71593,"2012-01-18","(주)넥스트엔터테인먼트월드(NEW)","15세이상관람가","드라마","정지영","박원상","(주)아우라픽처스",1,"이경영"
"부러진 화살",25937273000,3459864,530,71593,"2012-01-18","(주)넥스트엔터테인먼트월드(NEW)","15세이상관람가","드라마","정지영","안성기","(주)아우라픽처스",1,"이경영"
"부러진 화살",25937273000,3459864,530,71593,"2012-01-18","(주)넥스트엔터테인먼트월드(NEW)","15세이상관람가","드라마","정지영","박원상","(주)아우라픽처스",1,"이경영"
"부러진 화살",25937273000,3459864,530,71593,"2012-01-18","(주)넥스트엔터테인먼트월드(NEW)","15세이상관람가","드라마","정지영","안성기","(주)아우라픽처스",1,"이경영"
"부러진 화살",25937273000,3459864,530,71593,"2012-01-18","(주)넥스트엔터테인먼트월드(NEW)","15세이상관람가","드라마","정지영","박원상","(주)아우라픽처스",1,"이경영"
"부러진 화살",25937273000,3459864,530,71593,"2012-01-18","(주)넥스트엔터테인먼트월드(NEW)","15세이상관람가","드라마","정지영","안성기","(주)아우라픽처스",1,"이경영"
"부러진 화살",25937273000,3459864,530,71593,"2012-01-18","(주)넥스트엔터테인먼트월드(NEW)","15세이상관람가","드라마","정지영","박원상","(주)아우라픽처스",1,"이경영"
"스파이",24512378305,3436012,785,72804,"2013-09-05","CJ ENM","15세이상관람가","액션","이승준","설경구","(주)제이케이필름,(주)씨제이이엔엠",1,"정인기"
"스파이",24512378305,3436012,785,72804,"2013-09-05","CJ ENM","15세이상관람가","액션","이승준","문소리","(주)제이케이필름,(주)씨제이이엔엠",1,"정인기"
"스파이",24512378305,3436012,785,72804,"2013-09-05","CJ ENM","15세이상관람가","액션","이승준","설경구","(주)제이케이필름,(주)씨제이이엔엠",1,"정인기"
"스파이",24512378305,3436012,785,72804,"2013-09-05","CJ ENM","15세이상관람가","액션","이승준","문소리","(주)제이케이필름,(주)씨제이이엔엠",1,"정인기"
"스파이",24512378305,3436012,785,72804,"2013-09-05","CJ ENM","15세이상관람가","액션","이승준","설경구","(주)제이케이필름,(주)씨제이이엔엠",1,"정인기"
"스파이",24512378305,3436012,785,72804,"2013-09-05","CJ ENM","15세이상관람가","액션","이승준","문소리","(주)제이케이필름,(주)씨제이이엔엠",1,"정인기"
"스파이",24512378305,3436012,785,72804,"2013-09-05","CJ ENM","15세이상관람가","액션","이승준","설경구","(주)제이케이필름,(주)씨제이이엔엠",1,"정인기"
"스파이",24512378305,3436012,785,72804,"2013-09-05","CJ ENM","15세이상관람가","액션","이승준","문소리","(주)제이케이필름,(주)씨제이이엔엠",1,"정인기"
"스파이",24512378305,3436012,785,72804,"2013-09-05","CJ ENM","15세이상관람가","액션","이승준","설경구","(주)제이케이필름,(주)씨제이이엔엠",1,"정인기"
"스파이",24512378305,3436012,785,72804,"2013-09-05","CJ ENM","15세이상관람가","액션","이승준","문소리","(주)제이케이필름,(주)씨제이이엔엠",1,"정인기"
"이끼",25437300500,3350303,740,58198,"2010-07-14","CJ ENM","청소년관람불가","드라마,스릴러","강우석","정재영","(주)시네마서비스,㈜렛츠필름,(주)시네마서비스글로벌",1,"유해진"
"이끼",25437300500,3350303,740,58198,"2010-07-14","CJ ENM","청소년관람불가","드라마,스릴러","강우석","박해일","(주)시네마서비스,㈜렛츠필름,(주)시네마서비스글로벌",1,"유해진"
"이끼",25437300500,3350303,740,58198,"2010-07-14","CJ ENM","청소년관람불가","드라마,스릴러","강우석","정재영","(주)시네마서비스,㈜렛츠필름,(주)시네마서비스글로벌",1,"유해진"
"이끼",25437300500,3350303,740,58198,"2010-07-14","CJ ENM","청소년관람불가","드라마,스릴러","강우석","박해일","(주)시네마서비스,㈜렛츠필름,(주)시네마서비스글로벌",1,"유해진"
"이끼",25437300500,3350303,740,58198,"2010-07-14","CJ ENM","청소년관람불가","드라마,스릴러","강우석","정재영","(주)시네마서비스,㈜렛츠필름,(주)시네마서비스글로벌",1,"유해진"
"이끼",25437300500,3350303,740,58198,"2010-07-14","CJ ENM","청소년관람불가","드라마,스릴러","강우석","박해일","(주)시네마서비스,㈜렛츠필름,(주)시네마서비스글로벌",1,"유해진"
"이끼",25437300500,3350303,740,58198,"2010-07-14","CJ ENM","청소년관람불가","드라마,스릴러","강우석","정재영","(주)시네마서비스,㈜렛츠필름,(주)시네마서비스글로벌",1,"유해진"
"이끼",25437300500,3350303,740,58198,"2010-07-14","CJ ENM","청소년관람불가","드라마,스릴러","강우석","박해일","(주)시네마서비스,㈜렛츠필름,(주)시네마서비스글로벌",1,"유해진"
"이끼",25437300500,3350303,740,58198,"2010-07-14","CJ ENM","청소년관람불가","드라마,스릴러","강우석","정재영","(주)시네마서비스,㈜렛츠필름,(주)시네마서비스글로벌",1,"유해진"
"이끼",25437300500,3350303,740,58198,"2010-07-14","CJ ENM","청소년관람불가","드라마,스릴러","강우석","박해일","(주)시네마서비스,㈜렛츠필름,(주)시네마서비스글로벌",1,"유해진"
"마녀",27242029463,3189091,1117,90843,"2018-06-27","워너브러더스 코리아(주)","15세이상관람가","미스터리,액션","박훈정","김다미","(주)영화사 금월,(주)페퍼민트앤컴퍼니",1,"김병옥"
"마녀",27242029463,3189091,1117,90843,"2018-06-27","워너브러더스 코리아(주)","15세이상관람가","미스터리,액션","박훈정","조민수","(주)영화사 금월,(주)페퍼민트앤컴퍼니",1,"김병옥"
"마녀",27242029463,3189091,1117,90843,"2018-06-27","워너브러더스 코리아(주)","15세이상관람가","미스터리,액션","박훈정","김다미","(주)영화사 금월,(주)페퍼민트앤컴퍼니",1,"김병옥"
"마녀",27242029463,3189091,1117,90843,"2018-06-27","워너브러더스 코리아(주)","15세이상관람가","미스터리,액션","박훈정","조민수","(주)영화사 금월,(주)페퍼민트앤컴퍼니",1,"김병옥"
"마녀",27242029463,3189091,1117,90843,"2018-06-27","워너브러더스 코리아(주)","15세이상관람가","미스터리,액션","박훈정","김다미","(주)영화사 금월,(주)페퍼민트앤컴퍼니",1,"김병옥"
"마녀",27242029463,3189091,1117,90843,"2018-06-27","워너브러더스 코리아(주)","15세이상관람가","미스터리,액션","박훈정","조민수","(주)영화사 금월,(주)페퍼민트앤컴퍼니",1,"김병옥"
"마녀",27242029463,3189091,1117,90843,"2018-06-27","워너브러더스 코리아(주)","15세이상관람가","미스터리,액션","박훈정","김다미","(주)영화사 금월,(주)페퍼민트앤컴퍼니",1,"김병옥"
"마녀",27242029463,3189091,1117,90843,"2018-06-27","워너브러더스 코리아(주)","15세이상관람가","미스터리,액션","박훈정","조민수","(주)영화사 금월,(주)페퍼민트앤컴퍼니",1,"김병옥"
"마녀",27242029463,3189091,1117,90843,"2018-06-27","워너브러더스 코리아(주)","15세이상관람가","미스터리,액션","박훈정","김다미","(주)영화사 금월,(주)페퍼민트앤컴퍼니",1,"김병옥"
"마녀",27242029463,3189091,1117,90843,"2018-06-27","워너브러더스 코리아(주)","15세이상관람가","미스터리,액션","박훈정","조민수","(주)영화사 금월,(주)페퍼민트앤컴퍼니",1,"김병옥"
"퀵",22960890000,3125069,514,60714,"2011-07-20","CJ ENM","15세이상관람가","코미디,액션","조범구","이민기","(주)제이케이필름,(주)씨제이이엔엠",1,"주진모"
"퀵",22960890000,3125069,514,60714,"2011-07-20","CJ ENM","15세이상관람가","코미디,액션","조범구","강예원","(주)제이케이필름,(주)씨제이이엔엠",1,"주진모"
"퀵",22960890000,3125069,514,60714,"2011-07-20","CJ ENM","15세이상관람가","코미디,액션","조범구","이민기","(주)제이케이필름,(주)씨제이이엔엠",1,"주진모"
"퀵",22960890000,3125069,514,60714,"2011-07-20","CJ ENM","15세이상관람가","코미디,액션","조범구","강예원","(주)제이케이필름,(주)씨제이이엔엠",1,"주진모"
"퀵",22960890000,3125069,514,60714,"2011-07-20","CJ ENM","15세이상관람가","코미디,액션","조범구","이민기","(주)제이케이필름,(주)씨제이이엔엠",1,"주진모"
"퀵",22960890000,3125069,514,60714,"2011-07-20","CJ ENM","15세이상관람가","코미디,액션","조범구","강예원","(주)제이케이필름,(주)씨제이이엔엠",1,"주진모"
"퀵",22960890000,3125069,514,60714,"2011-07-20","CJ ENM","15세이상관람가","코미디,액션","조범구","이민기","(주)제이케이필름,(주)씨제이이엔엠",1,"주진모"
"퀵",22960890000,3125069,514,60714,"2011-07-20","CJ ENM","15세이상관람가","코미디,액션","조범구","강예원","(주)제이케이필름,(주)씨제이이엔엠",1,"주진모"
"퀵",22960890000,3125069,514,60714,"2011-07-20","CJ ENM","15세이상관람가","코미디,액션","조범구","이민기","(주)제이케이필름,(주)씨제이이엔엠",1,"주진모"
"퀵",22960890000,3125069,514,60714,"2011-07-20","CJ ENM","15세이상관람가","코미디,액션","조범구","강예원","(주)제이케이필름,(주)씨제이이엔엠",1,"주진모"
"친절한 금자씨",20483051393,3119682,386,41438,"2005-07-29","CJ ENM","18세관람가","스릴러","박찬욱","이영애","(주)모호필름",1,"김병옥"
"친절한 금자씨",20483051393,3119682,386,41438,"2005-07-29","CJ ENM","18세관람가","스릴러","박찬욱","최민식","(주)모호필름",1,"김병옥"
"친절한 금자씨",20483051393,3119682,386,41438,"2005-07-29","CJ ENM","18세관람가","스릴러","박찬욱","이영애","(주)모호필름",1,"김병옥"
"친절한 금자씨",20483051393,3119682,386,41438,"2005-07-29","CJ ENM","18세관람가","스릴러","박찬욱","최민식","(주)모호필름",1,"김병옥"
"친절한 금자씨",20483051393,3119682,386,41438,"2005-07-29","CJ ENM","18세관람가","스릴러","박찬욱","이영애","(주)모호필름",1,"김병옥"
"친절한 금자씨",20483051393,3119682,386,41438,"2005-07-29","CJ ENM","18세관람가","스릴러","박찬욱","최민식","(주)모호필름",1,"김병옥"
"친절한 금자씨",20483051393,3119682,386,41438,"2005-07-29","CJ ENM","18세관람가","스릴러","박찬욱","이영애","(주)모호필름",1,"김병옥"
"친절한 금자씨",20483051393,3119682,386,41438,"2005-07-29","CJ ENM","18세관람가","스릴러","박찬욱","최민식","(주)모호필름",1,"김병옥"
"친절한 금자씨",20483051393,3119682,386,41438,"2005-07-29","CJ ENM","18세관람가","스릴러","박찬욱","이영애","(주)모호필름",1,"김병옥"
"친절한 금자씨",20483051393,3119682,386,41438,"2005-07-29","CJ ENM","18세관람가","스릴러","박찬욱","최민식","(주)모호필름",1,"김병옥"
"감기",21774884000,3117859,806,55046,"2013-08-14","아이러브시네마","15세이상관람가","드라마,어드벤처,액션","김성수","장혁","아이러브시네마,(주)아이필름홀딩스,(주)씨제이이엔엠",1,"유해진"
"감기",21774884000,3117859,806,55046,"2013-08-14","아이러브시네마","15세이상관람가","드라마,어드벤처,액션","김성수","수애","아이러브시네마,(주)아이필름홀딩스,(주)씨제이이엔엠",1,"유해진"
"감기",21774884000,3117859,806,55046,"2013-08-14","아이러브시네마","15세이상관람가","드라마,어드벤처,액션","김성수","장혁","아이러브시네마,(주)아이필름홀딩스,(주)씨제이이엔엠",1,"유해진"
"감기",21774884000,3117859,806,55046,"2013-08-14","아이러브시네마","15세이상관람가","드라마,어드벤처,액션","김성수","수애","아이러브시네마,(주)아이필름홀딩스,(주)씨제이이엔엠",1,"유해진"
"감기",21774884000,3117859,806,55046,"2013-08-14","아이러브시네마","15세이상관람가","드라마,어드벤처,액션","김성수","장혁","아이러브시네마,(주)아이필름홀딩스,(주)씨제이이엔엠",1,"유해진"
"감기",21774884000,3117859,806,55046,"2013-08-14","아이러브시네마","15세이상관람가","드라마,어드벤처,액션","김성수","수애","아이러브시네마,(주)아이필름홀딩스,(주)씨제이이엔엠",1,"유해진"
"감기",21774884000,3117859,806,55046,"2013-08-14","아이러브시네마","15세이상관람가","드라마,어드벤처,액션","김성수","장혁","아이러브시네마,(주)아이필름홀딩스,(주)씨제이이엔엠",1,"유해진"
"감기",21774884000,3117859,806,55046,"2013-08-14","아이러브시네마","15세이상관람가","드라마,어드벤처,액션","김성수","수애","아이러브시네마,(주)아이필름홀딩스,(주)씨제이이엔엠",1,"유해진"
"감기",21774884000,3117859,806,55046,"2013-08-14","아이러브시네마","15세이상관람가","드라마,어드벤처,액션","김성수","장혁","아이러브시네마,(주)아이필름홀딩스,(주)씨제이이엔엠",1,"유해진"
"감기",21774884000,3117859,806,55046,"2013-08-14","아이러브시네마","15세이상관람가","드라마,어드벤처,액션","김성수","수애","아이러브시네마,(주)아이필름홀딩스,(주)씨제이이엔엠",1,"유해진"
"거북이 달린다",20618276000,3024666,432,69946,"2009-06-11","(주)쇼박스","15세이상관람가","드라마,액션,범죄","이연우","김윤석","(주)씨네이천",1,"주진모"
"거북이 달린다",20618276000,3024666,432,69946,"2009-06-11","(주)쇼박스","15세이상관람가","드라마,액션,범죄","이연우","정경호","(주)씨네이천",1,"주진모"
"거북이 달린다",20618276000,3024666,432,69946,"2009-06-11","(주)쇼박스","15세이상관람가","드라마,액션,범죄","이연우","김윤석","(주)씨네이천",1,"김윤석"
"거북이 달린다",20618276000,3024666,432,69946,"2009-06-11","(주)쇼박스","15세이상관람가","드라마,액션,범죄","이연우","정경호","(주)씨네이천",1,"김윤석"
"거북이 달린다",20618276000,3024666,432,69946,"2009-06-11","(주)쇼박스","15세이상관람가","드라마,액션,범죄","이연우","김윤석","(주)씨네이천",1,"주진모"
"거북이 달린다",20618276000,3024666,432,69946,"2009-06-11","(주)쇼박스","15세이상관람가","드라마,액션,범죄","이연우","정경호","(주)씨네이천",1,"주진모"
"거북이 달린다",20618276000,3024666,432,69946,"2009-06-11","(주)쇼박스","15세이상관람가","드라마,액션,범죄","이연우","김윤석","(주)씨네이천",1,"김윤석"
"거북이 달린다",20618276000,3024666,432,69946,"2009-06-11","(주)쇼박스","15세이상관람가","드라마,액션,범죄","이연우","정경호","(주)씨네이천",1,"김윤석"
"거북이 달린다",20618276000,3024666,432,69946,"2009-06-11","(주)쇼박스","15세이상관람가","드라마,액션,범죄","이연우","김윤석","(주)씨네이천",1,"주진모"
"거북이 달린다",20618276000,3024666,432,69946,"2009-06-11","(주)쇼박스","15세이상관람가","드라마,액션,범죄","이연우","정경호","(주)씨네이천",1,"주진모"
