"영화명","누적매출액","누적관객수","스크린수","상영횟수","개봉일","배급사","등급","장르","감독","주연","제작사","cluster","조연"
"1987",58169776145,7232387,1299,138226,"2017-12-27","(주)씨제이이엔엠","15세이상관람가","드라마","장준환","김윤석,하정우,유해진,김태리,박희순,이희준","(주)우정필름",4,",유승목,현봉식,박지환,이용직,박지홍,김경덕,김의성,최광일,김수진,김종수,김혜정,조우진,임철형,이창훈,서현우,이현균,김승훈,박경혜,이화룡"
"1번가의 기적",15494122100,2535450,340,54566,"2007-02-14","CJ ENM","15세이상관람가","드라마,코미디","윤제균","임창정,하지원","(주)두사부필름",1,",주현,정두홍,이훈,강예원,박창익,박유선,고태호"
"26년",21242367145,2963652,611,50679,"2012-11-29","(주)인벤트스톤,영화사청어람(주)","15세이상관람가","액션,드라마","조근현","진구,한혜진,임슬옹","영화사청어람(주)",2,",배수빈,이경영,장광,이미도,조덕제,김의성,안석환,민복기,구성환,김민재,최귀화,김태수,장영"
"7광구",19391653500,2242510,812,47346,"2011-08-04","(주)씨제이이엔엠","15세이상관람가","SF,액션,스릴러","김지훈","하지원,안성기,오지호,박철민,송새벽","(주)제이케이필름,(주)씨제이이엔엠",1,",박정학,이한위,박영수,차예련,오민석"
"7급 공무원",26380710000,4039891,475,90779,"2009-04-22","롯데쇼핑㈜롯데엔터테인먼트","12세이상관람가","코미디,액션,드라마,범죄","신태라","김하늘,강지환","(주)하리마오픽쳐스,(주)영화사수작,(주)디씨지플러스",2,",류승룡,장영남,강신일,도마첸코 바딤,엘리자베스 수진 포드,코디 헌터,장남열,김정팔,유승목,김형종,김형범,박성민"
"7번방의 선물",91431950670,12811213,866,166817,"2013-01-23","(주)넥스트엔터테인먼트월드(NEW)","15세이상관람가","코미디,드라마","이환경","류승룡,박신혜,갈소원,오달수,박원상,김정태,정만식,김기천","(주)화인웍스,(주)씨엘엔터테인먼트",5,",박길수,조재윤,조덕현"
"82년생 김지영",30298542310,3678156,1486,145441,"2019-10-23","롯데컬처웍스(주)롯데엔터테인먼트","12세이상관람가","드라마","김도영","정유미,공유","(주)봄바람영화사",2,",김미경,공민정,박성연,이봉련,김성철,이얼,김미경,손성찬,강애심,류아영,김정영"
"가문의 부활 - 가문의 영광3",15996330400,2598859,444,51434,"2006-09-21","(주)쇼박스","15세관람가","코미디","정용기","신현준,탁재훈,김원희,김수미","(주)태원엔터테인먼트",1,",공형진,신이,임형준,정준하,김용건,김해곤"
"가문의 영광4 - 가문의 수난",17792219500,2368267,537,48432,"2011-09-07","(주)넥스트엔터테인먼트월드(NEW)","15세이상관람가","코미디","정태원","김수미,신현준,탁재훈,임형준,정준하,현영","(주)태원엔터테인먼트",1,",정웅인,김지우,정만식,이재훈,윤주희,유상무,장동민,정주리,김예랑,김문학"
"가문의 위기(가문의 영광2)",28622355500,4529876,351,61009,"2005-09-07","(주)쇼박스","15세관람가","코미디","정용기","신현준,김원희,김수미","(주)태원엔터테인먼트",3,",탁재훈,공형진,임형준,정준하,김해곤,정호빈"
"가장 보통의 연애",24885803430,2924563,1073,111527,"2019-10-02","(주)넥스트엔터테인먼트월드(NEW)","15세이상관람가","멜로/로맨스,코미디","김한결","김래원,공효진","영화사 집",2,",강기영,정웅인,장소연,이채은,정혜린,손우현,박근록,주민경,지일주"
"감기",21774884000,3117859,806,55046,"2013-08-14","아이러브시네마","15세이상관람가","드라마,어드벤처,액션","김성수","장혁,수애,박민하","아이러브시네마,(주)아이필름홀딩스,(주)씨제이이엔엠",2,",유해진,이희준,김기현,이상엽,박효주,박정민,보리스 스타웃,김문수,최병모,장경업,앤드류 윌리엄 브랜드"
"감시자들",39380162179,5508017,949,100309,"2013-07-03","(주)넥스트엔터테인먼트월드(NEW)","15세이상관람가","범죄,액션","조의석,김병서","설경구,정우성,한효주","영화사 집",3,",김병옥,진경,준호,손민석,김대진,이태형,강신하,이동휘,이화정,박지훈,김지훈,성일,변요한,장원형,박지연,최원,변정현,이동진,이도윤,정재호,김준우,이현균"
"강남 1970",17718699499,2192276,841,53304,"2015-01-21","(주)쇼박스","청소년관람불가","액션,드라마","유하","이민호,김래원,정진영","(주)모베라픽처스,(주)쇼박스",1,",설현,유승목,한재영,이연두,정호빈,최진호,엄효섭,최병모,허성민,이석,김유연,곽민호,지대한,전배수,박민규,장인호,김대종,박민이,윤종화,서우진"
"강철비",35490346466,4452850,1426,80359,"2017-12-14","(주)넥스트엔터테인먼트월드(NEW)","15세이상관람가","액션,드라마","양우석","정우성,곽도원","(주)와이웍스엔터테인먼트,(주)모팩",3,"김갑수,김의성,이경영,조우진,정원중,장현성,김명곤,박은혜,박선영,안미나,원진아,이재용,이윤건,김형종"
"강철중: 공공의 적 1-1",28638460100,4313101,707,74157,"2008-06-19","CJ ENM,(주)시네마서비스","15세이상관람가","드라마,액션","강우석","설경구,정재영","(주)시네마서비스글로벌,(주)시네마서비스",2,",강신일,문성근,이문식,유해진,정원중,김남길,연제욱"
"거북이 달린다",20618276000,3024666,432,69946,"2009-06-11","(주)쇼박스","15세이상관람가","드라마,액션,범죄","이연우","김윤석,정경호,견미리,선우선","(주)씨네이천",2,",김지나,신정근,최권,차은재,주진모,이무생,유하복,임형택,김희원"
"건축학개론",30223590400,4111237,593,106069,"2012-03-22","롯데쇼핑㈜롯데엔터테인먼트","12세이상관람가","멜로/로맨스,드라마","이용주","엄태웅,한가인,이제훈,수지","(주)명필름",2,",조정석,유연석,김동주,이승호,김의성,박수영,조현철"
"검사외전",77320403264,9707581,1812,153532,"2016-02-03","(주)쇼박스","15세이상관람가","범죄,코미디","이일형","황정민,강동원","(주)영화사 월광,(주)사나이픽처스",4,",이성민,박성웅,김응수,신소율,박종환,한재영,주진모,김원해,전배수,김홍파,김병옥,박지환,이호철,손종학,김종수,추귀정,민무제"
"검은 사제들",42409600592,5442915,1109,131177,"2015-11-05","(주)씨제이이엔엠","15세이상관람가","미스터리,드라마","장재현","김윤석,강동원","영화사 집",3,",박소담,김의성,손종학,이호재,남일우,김병옥,조수향,박웅,이정열,김소숙,민진웅,유수미"
"고지전",21968680600,2945151,585,53739,"2011-07-20","(주)쇼박스","15세이상관람가","드라마,전쟁","장훈","신하균,고수,이제훈,류승수,고창석,이다윗,류승룡,김옥빈,조진웅,정인기,박영서","(주)티피에스컴퍼니",2,",최정우,전국환,김강일,한승도,강영일,이승준,권혁종,김태윤,이광일,서현우,최민,홍서백"
"곡성",55864308382,6879989,1485,130332,"2016-05-12","이십세기폭스코리아(주)","15세이상관람가","미스터리,스릴러,드라마","나홍진","곽도원,황정민,쿠니무라 준,천우희,김환희","(주)사이드미러,이십세기폭스 인터내셔널 프로덕션",4,",허진,장소연,김도윤,손강국,박성연,길창규,전배수,정미남,최귀화"
"곤지암",21444236144,2675883,1124,88553,"2018-03-28","(주)쇼박스","15세이상관람가","공포(호러),스릴러","정범식","위하준,박지현,오아연,문예원,박성훈,이승욱,유제윤","(주)하이브미디어코프",1,",박지아,이태현,한서인,정아노마,문경태"
"공공의 적 2",20091127000,3134421,299,40642,"2005-01-27","(주)시네마서비스","15세관람가","드라마","강우석","설경구,정준호","(주)시네마서비스",2,",강신일,박근형,변희봉,임승대,박상욱,엄태웅,정규수"
"공작",42795690816,4975517,1317,99122,"2018-08-08","(주)씨제이이엔엠","12세이상관람가","드라마","윤종빈","황정민,이성민,조진웅,주지훈","(주)영화사 월광,(주)사나이픽처스",3,",김홍파,정소리,기주봉,김응수,채용,박진영,남문철,최병모,김인우,정기섭,이승준,양현민,허승,엄지만,백승익,권범택,최정인,김소진,박혜영,곽자형,김지나,조주희"
"공조",63783303326,7817654,1392,142991,"2017-01-18","(주)씨제이이엔엠","15세이상관람가","액션","김성훈","현빈,유해진,김주혁","(주)제이케이필름,(주)씨제이이엔엠,영화사 이창,(주)에이치비엔터테인먼트",4,",장영남,이동휘,윤아,공정환,이해영,박민하,전국환,엄효섭,이이경,신현빈,박진우,박형수"
"과속스캔들",53800771400,8223266,408,145555,"2008-12-03","롯데쇼핑㈜롯데엔터테인먼트","12세이상관람가","코미디","강형철","차태현,박보영,왕석현","(주)토일렛픽쳐스,(주)디씨지플러스",4,",임지규,황우슬혜,임승대,정원중,김기방,박영서"
"관상",66009791500,9135802,1240,125105,"2013-09-11","(주)쇼박스","15세이상관람가","사극,드라마","한재림","송강호,이정재,백윤식,조정석,이종석,김혜수","(주)주피터필름,(주)쇼박스",4,",김의성,정규수,채상우,이윤건,이도엽,유상재"
"광식이 동생 광태",12811265009,2024818,276,35769,"2005-11-23","(주)엠케이픽처스","15세관람가","코미디","김현석","김주혁,봉태규,이요원,김아중,정경호","(주)엠케이픽처스",1,",김형민,김효주"
"광해, 왕이 된 남자",88907726769,12323291,1001,203428,"2012-09-13","(주)씨제이이엔엠","15세이상관람가","사극,드라마","추창민","이병헌,류승룡,한효주","리얼라이즈픽쳐스(주),(주)씨제이이엔엠",5,",김인권,장광,심은경,박지아,신정근,전국향,양준모,문창길,이양희"
"괴물",66715881300,10917195,647,113093,"2006-07-27","(주)쇼박스","12세관람가","SF,가족,드라마","봉준호","송강호,변희봉,박해일,배두나,고아성","영화사청어람(주)",5,",오달수,이재응,이동호,윤제문,김뢰하,박노식,고수희"
"국가대표",57570773000,8035181,570,131671,"2009-07-29","(주)쇼박스","12세이상관람가","드라마,액션,코미디","김용화","하정우,성동일,김지석,김동욱,최재환,이재응,이은성","케이엠컬쳐㈜",4,",이한위,이혜숙,김지영,현쥬니,황하나"
"국가부도의 날",30893315837,3755233,1180,101077,"2018-11-28","(주)씨제이이엔엠","12세이상관람가","드라마","최국희","김혜수,유아인,허준호,조우진,뱅상 카셀","영화사 집",2,",김홍파,엄효섭,송영창,권해효,조한철,류덕환,박진주,장성범,전배수,염혜란,김형묵,동하,김민상,정규수"
"국제시장",110930943730,14261581,1044,212664,"2014-12-17","(주)씨제이이엔엠","12세이상관람가","드라마","윤제균","황정민,김윤진,오달수,정진영","(주)제이케이필름,(주)씨제이이엔엠",5,",장영남,라미란,김슬기,이현,김민재,태인호,황선화,엄지성,장대웅,신린아,이예은,최 스텔라 김,고윤,박선웅"
"군도: 민란의 시대",36989711499,4775441,1394,67252,"2014-07-23","(주)쇼박스","15세이상관람가","사극,액션","윤종빈","하정우,강동원","(주)영화사 월광,(주)쇼박스",3,",이경영,이성민,조진웅,마동석,윤지혜,주진모,송영창,정만식,김병옥,김종구,김성균,강현중,김재영,임현성"
"군함도",50510565168,6592151,2027,108775,"2017-07-26","(주)씨제이이엔엠","15세이상관람가","액션,드라마","류승완","황정민,소지섭,송중기,이정현,김수안","(주)외유내강,(주)필름케이",4,",이경영,김민재,김중희,김인우,신승환,백승철,윤경호,장성범"
"굿모닝 프레지던트",18567863300,2554960,586,69955,"2009-10-22","CJ ENM","전체관람가","코미디,드라마","장진","이순재,장동건,고두심,임하룡,한채영","소란플레이먼트(주)",1,",이문수,주진모,김광현,전양자,정규수,이철민,유민석,이해영,허정규,장영남,공호석,김원해,김재건"
"굿바이 싱글",16913282195,2108561,841,56390,"2016-06-29","(주)쇼박스","15세이상관람가","코미디,드라마","김태곤","김혜수,마동석,김현수","호두앤유 엔터테인먼트(주),(주)영화사람",1,",김용건,서현진,곽시양,황미영,전석호,안재홍,이수경,진우진,김보윤"
"귀향",27249801990,3587182,876,90288,"2016-02-24","(주)와우픽쳐스","15세이상관람가","드라마","조정래","강하나,최리,박지희,서미지,홍세나,김시은,남상지,정무성,류신,임성철,이승현","주식회사 제이오엔터테인먼트코리아",2,",오지혜,정인기,김민수,박충환,윤정로"
"그것만이 내 세상",27456797382,3420172,956,95437,"2018-01-17","(주)씨제이이엔엠","12세이상관람가","코미디,드라마","최성현","이병헌,윤여정,박정민","(주)제이케이필름,(주)씨제이이엔엠",2,",문숙,최리,황석정,백현진,조관우,박지훈,김서원,홍석연"
"그놈 목소리",17598617600,2972299,498,48673,"2007-02-01","CJ ENM","12세이상관람가","드라마,스릴러","박진표","설경구,김남주","영화사 집",2,",김영철,강동원,송영창,고수희,김광규,이형철,전혜진,임종윤,김영필,김기성"
"극락도 살인사건",13328932000,2079989,368,54098,"2007-04-12","(주)엠케이픽처스 ,(주)두엔터테인먼트","15세이상관람가","공포(호러),미스터리,스릴러","김한민","박해일,박솔미,성지루","(주)두엔터테인먼트",1,",최주봉,김인문,박원상,안내상,유혜정,박길수,김병춘,정만식,이대연,오정세"
"극비수사",22389535897,2860786,894,66211,"2015-06-18","(주)쇼박스","15세이상관람가","드라마,범죄","곽경택","김윤석,유해진","(주)제이콘컴퍼니,(주)영화사 신세계",1,",송영창,이정은,장영남,장명갑,정호빈,진선미,이윤희,남문철,이준혁,윤진하,조민준,이호철"
"극한직업",139651845516,16265618,2003,292584,"2019-01-23","(주)씨제이이엔엠","15세이상관람가","코미디","이병헌","류승룡,이하늬,진선규,이동휘,공명","(주)어바웃잇,영화사 해그림 주식회사,(주)씨제이이엔엠",5,",신하균,오정세,김의성,송영규,양현민,허준석,장진희,김종수,이중옥"
"기생충",85883963645,10085275,1948,192855,"2019-05-30","(주)씨제이이엔엠","15세이상관람가","드라마","봉준호","송강호,이선균,조여정,최우식,박소담,이정은,장혜진","(주)바른손이앤에이",4,",박명훈,정지소,정현준"
"기술자들",19894297783,2564340,641,43224,"2014-12-24","롯데쇼핑㈜롯데엔터테인먼트","15세이상관람가","범죄,액션","김홍선","김우빈,김영철,고창석,이현우,조윤희,임주환","(주)트리니티엔터테인먼트",1,",조달환,신승환,신구,지승현,허준석"
"꾼",31313568795,4018341,1314,117419,"2017-11-22","(주)쇼박스","15세이상관람가","범죄","장창원","현빈,유지태,배성우,박성웅,나나,안세하","(주)영화사두둥",2,",최덕문,최일화,허성태,김태훈"
"끝까지 간다",27007303900,3450305,645,84876,"2014-05-29","(주)쇼박스","15세이상관람가","액션,스릴러,범죄","김성훈","이선균,조진웅","(주)에이디사공육,(주)다세포클럽",2,",신정근,정만식,신동미,김동영,주석태,허정은,박보검,이재원"
"나쁜 녀석들: 더 무비",39560195124,4573902,1511,113938,"2019-09-11","(주)씨제이이엔엠","15세이상관람가","범죄,액션","손용호","마동석,김상중,김아중,장기용","(주)씨제이이엔엠,(주)영화사비단길",3,",박효준,김인우,이재윤,박원상,조영진,박형수,박상욱,한정현,전익령,김형묵,윤병희,지승현,강영묵"
"나의 사랑 나의 신부",16636404305,2141155,629,69684,"2014-10-08","씨네그루(주)다우기술","15세이상관람가","멜로/로맨스,코미디","임찬상","조정석,신민아","(주)필름모멘텀",1,",윤정희,배성우,라미란,전무송,이시언,고규필,서강준,유하준,장다경,황정민,손병욱,김은비,서신애,서한결,이재희"
"남한산성",31225419792,3849129,1229,71102,"2017-10-03","(주)씨제이이엔엠","15세이상관람가","사극,드라마","황동혁","이병헌,김윤석,박해일,고수,박희순","(주)싸이런픽쳐스",2,",송영창,조우진,이다윗,허성태,김법래,조아인,진선규,유순웅,박지일,최종률,문창길,김서현,김중기,윤세웅,신기준,곽자형"
"내 사랑 내 곁에",15584755500,2135509,478,65168,"2009-09-24","CJ ENM","12세이상관람가","드라마,멜로/로맨스","박진표","하지원,김명민","영화사 집",1,",남능미,임하룡,최종률,신신애,임종윤,임형준,임성민,가인,장원영,홍석연,김여진,김광규,정의철"
"내 생애 가장 아름다운 일주일",14710541000,2290709,296,41058,"2005-10-07","CJ ENM","15세관람가","멜로/로맨스","민규동","주현,오미희,천호진,진태현,엄정화,황정민,김수로,전혜진,임창정,서영희,윤진서,정경호,이병준,김유정","(주)두사부필름,(주)수필름",1,",하지원,류승수,조희봉,정경호,우현,이세영,이환"
"내 아내의 모든 것",34224467500,4598985,563,91777,"2012-05-17","(주)넥스트엔터테인먼트월드(NEW)","15세이상관람가","코미디,멜로/로맨스","민규동","임수정,이선균,류승룡","(주)수필름,영화사 집",3,",이광수,김효준,이도아,김은경,염해란,이새로미,이진희,하복음"
"내가 살인범이다",20392518000,2729827,547,58415,"2012-11-08","(주)쇼박스","청소년관람불가","액션,스릴러","정병길","정재영,박시후","(주)다세포클럽,(주)쇼박스",1,",정해균,김영애,최원영,김종구,조은지,오용,박웅,장미자,남정희,민지아,류제승,장광,이재구,손종학,김민상,배성우,정건영"
"내부자들",56599221057,7072507,1129,152636,"2015-11-19","(주)쇼박스","청소년관람불가","범죄,드라마","우민호","이병헌,조승우,백윤식","(유)내부자들 문화전문회사",4,",이경영,김홍파,배성우,조재윤,김대명,조우진,이엘,정만식,김병옥,김의성,박진우,남일우"
"내부자들: 디 오리지널",16979714975,2084868,838,47237,"2015-12-31","(주)쇼박스","청소년관람불가","범죄,드라마","우민호","이병헌,조승우,백윤식","(유)내부자들 문화전문회사",1,",이경영,김홍파,배성우,조재윤,김대명,조우진,이엘,정만식,김병옥,김의성,박진우,남일우"
"너는 내 운명",17653822500,2701244,306,46674,"2005-09-23","CJ ENM","18세관람가","멜로/로맨스","박진표","전도연,황정민,나문희","(주)영화사봄",1,",정유석,서주희,윤제문,임종윤,김상호,고수희,김부선,김광규"
"너의 결혼식",23676244369,2820969,970,98193,"2018-08-22","메가박스중앙(주)플러스엠","12세이상관람가","멜로/로맨스","이석근","박보영,김영광","(주)필름케이,(주)외유내강",1,",강기영,고규필,장성범,차엽,서은수,배해선,전배수,서윤아"
"눈에는 눈 이에는 이",13410811500,2058616,445,46474,"2008-07-31","롯데쇼핑㈜롯데엔터테인먼트","15세이상관람가","범죄,스릴러,액션","곽경택,안권태","한석규,차승원","(주)태원엔터테인먼트",1,",송영창,이병준,정인기,김지석,손병욱,차도진,이재구,김윤태,김종만,정성윤,권혁풍"
"늑대소년",46593140500,6654842,854,109134,"2012-10-31","(주)씨제이이엔엠","15세이상관람가","멜로/로맨스,드라마,판타지","조성희","송중기,박보영","(주)영화사비단길",4,",장영남,유연석,김향기,이영란,유승목,서동수,우정국,남정희,구본임,안도규,신비"
"달콤, 살벌한 연인",13426707100,2077590,246,38034,"2006-04-06","CJ ENM","18세관람가","스릴러,멜로/로맨스","손재곤","박용우,최강희,조은지","(주)싸이더스,(주)MBC씨앤아이",1,",정경호,이희도,조영규,선우선"
"댄싱퀸",30130775500,4058225,544,80988,"2012-01-18","(주)씨제이이엔엠","12세이상관람가","코미디,드라마","이석훈","황정민,엄정화","(주)제이케이필름,(주)씨제이이엔엠",2,",이한위,정성화,라미란,이대연,정규수,서동원,오나라,최우리,한수아,이아린,박사랑,박정민,여무영,권병길,성병숙"
"더 킹",43492302535,5317959,1310,107985,"2017-01-18","(주)넥스트엔터테인먼트월드(NEW)","15세이상관람가","범죄,드라마","한재림","조인성,정우성,배성우,김아중,류준열","(주)매그넘나인",3,",김의성,김민재,정성모,정은채,김소진,황승언,오대환,정인기,송영창,고아성,박정민,조우진,정원중,류태호,한수연,이주연,성동일,이열음,김규선,장명갑,송형수,남문철,남명렬,최귀화"
"더 테러 라이브",39869706381,5584139,809,93488,"2013-07-31","롯데쇼핑㈜롯데엔터테인먼트","15세이상관람가","범죄,기타","김병우","하정우,이경영,전혜진","(주)씨네이천",3,",이다윗,김소진,김홍파,김해인,한수현,이청희,강진아,강신철,최진호,김대명"
"덕혜옹주",44395967609,5599665,964,97323,"2016-08-03","롯데쇼핑㈜롯데엔터테인먼트","12세이상관람가","사극,드라마","허진호","손예진,박해일","(주)하이브미디어코프,(주)영화사호필름 ,(주)디씨지플러스",3,",라미란,정상훈,박수영,김소현,박주미,안내상,토다 나호,윤제문,김재욱,여회현,신린아,이효제,이채은,이세나,김승훈,도용구,아키바 리에,이승진,금새록,류 다이스케,이황의,정세형,안상우,송서하,이중현"
"도가니",35566892800,4662829,756,88339,"2011-09-22","(주)씨제이이엔엠","청소년관람불가","드라마","황동혁","공유,정유미","(주)삼거리픽쳐스,(주)판타지오",3,",김현수,정인서,백승환,장광,김민상,임현성,김주령,엄효섭,전국환,최진호,권홍석,김지영,박혜진,김지영,엄지성,장유,남명렬"
"도둑들",93665568500,12983330,1091,155393,"2012-07-25","(주)쇼박스","15세이상관람가","액션,범죄","최동훈","김윤석,김혜수,이정재,전지현,임달화,김해숙,오달수,김수현,이신제,증국상","(주)케이퍼필름",5,",주진모,기국서,최덕문,채국희,예수정,최진호"
"독전",43486831113,5063844,1532,140008,"2018-05-22","(주)넥스트엔터테인먼트월드(NEW)","15세이상관람가","범죄,액션","이해영","조진웅,류준열,김주혁,김성령,박해준","(주)용필름,보야저필름",3,",남문철,서현우,강승현,정준원,정가람,진서연,김동영,이주영,금새록"
"돈",28870244062,3389125,1431,120809,"2019-03-20","(주)쇼박스","15세이상관람가","범죄","박누리","류준열,유지태,조우진","(주)사나이픽처스,(주)영화사 월광",2,",김재영,김민재,정만식,원진아,김종수,손종학,임세미,진선규"
"디워",49340084700,7855474,622,96439,"2007-08-01","(주)쇼박스","12세이상관람가","액션,판타지","심형래","제이슨 베어,아만다 브룩스,크레이그 로빈슨,엘리자베스 페나,로버트 포스터","㈜영구아트",4,",크리스 멀키,에이미 가르시아,존 알레스,빌리 가델"
"라스트 갓파더",18511991000,2541603,547,46450,"2010-12-29","CJ ENM","12세이상관람가","코미디","심형래","심형래,하비 케이틀,마이클 리스폴리,제이슨 미웨스,조셀린 도나휴","㈜영구아트",1,",블레이크 클락,존 폴리토,캘빈 딘,폴 힙,잭 켈러,로건 쉐어,데브라 무니,존 피넷,미셀 스펙트,미쉘 매니스캘코,스테파니 다니엘슨,로버트 아미코,프랭크 스코자리,크리스찬 레바티노,로저 스톤버너,마크 알렉산더 헤르츠"
"럭키",56445023256,6975571,1234,155990,"2016-10-13","(주)쇼박스","15세이상관람가","코미디","이계벽","유해진,이준,조윤희,임지연","(주)용필름",4,",조한철,김민상,차엽,김지안,성병숙,박승태,고준,이용녀,금광산,김한규,차순형,이승철,이성욱,정희태,이동용,김서현,송요셉"
"마녀",27242029463,3189091,1117,90843,"2018-06-27","워너브러더스 코리아(주)","15세이상관람가","미스터리,액션","박훈정","김다미,조민수,박희순,최우식","(주)영화사 금월,(주)페퍼민트앤컴퍼니",2,",고민시,최정우,오미희,정다은,김병옥,이주원,김하나,이시우"
"마당을 나온 암탉",14671637000,2202093,363,39295,"2011-07-28","롯데쇼핑㈜롯데엔터테인먼트","전체관람가","애니메이션","오성윤,민성아","문소리,유승호,최민식,박철민,김상현","(주)오돌또기 ,(주)명필름",1,",전숙경,엄상현,사성웅,한신정,김지혜,홍범기,서승원,김민주,김선경,김아림,유용,허미동,이자명,이지희,홍승철,홍윤정"
"마더",19967602500,2979254,642,71407,"2009-05-28","CJ ENM","청소년관람불가","드라마","봉준호","김혜자,원빈","(주)바른손이앤에이",2,",진구,윤제문,전미선,송새벽,이영석,문희라,천우희,김병순,여무영,정영기,고규필,이미도,김진구"
"마스터",58068236865,7150586,1501,126927,"2016-12-21","(주)씨제이이엔엠","15세이상관람가","액션,범죄","조의석","이병헌,강동원,김우빈,엄지원,오달수,진경","영화사 집",4,",정원중,유연수,조현철,박해수,우도환,이순원,배정남,정수교,김정우,허형규,주석태"
"마이 웨이",15995187000,2142670,645,54348,"2011-12-21","에스케이플래닛(주),(주)씨제이이엔엠","15세이상관람가","전쟁,액션,드라마","강제규","장동건,오다기리 죠,판빙빙","(주)디렉터스",1,",김인권,김희원,오태경,곽정욱,김시후,천호진,윤희원,야마모토 타로,하마다 마나부,츠루미 신고,나츠야기 이사오,사노 시로,나카무라 쿠미,김인우"
"마파도",16751202503,2636857,178,49473,"2005-03-10","CJ ENM","15세관람가","코미디","추창민","이정진,이문식","코리아 엔터테인먼트",1,",여운계,김수미,김을동,김형자,길해연,오달수,서영희"
"말모이",23989598520,2866453,1203,87843,"2019-01-09","롯데컬처웍스(주)롯데엔터테인먼트","12세이상관람가","드라마","엄유나","유해진,윤계상","더램프(주)",1,",김홍파,우현,김태훈,김선영,민진웅,송영창,허성태,이성욱,조현철,조현도,박예나"
"말아톤",26284943000,4196840,238,59493,"2005-01-27","(주)쇼박스","전체관람가","드라마","정윤철","조승우,김미숙","시네라인투(주)",2,",이기영,백성현,안내상"
"맨발의 기봉이",12239242400,2005180,271,39975,"2006-04-26","(주)쇼박스","전체관람가","드라마,코미디,가족","권수경","신현준,김수미,임하룡,탁재훈,김효진","(주)태원엔터테인먼트",1,",지대한,조덕현,금동현,유민석,강수영,황은정"
"명당",17900775524,2087474,1117,58450,"2018-09-19","메가박스중앙(주)플러스엠","12세이상관람가","사극","박희곤","조승우,지성,김성균,문채원,유재명,박충선,백윤식","(주)주피터필름",1,",이원근,강태오,태인호,전신환,조현식,정재헌"
"명량",135753219310,17615039,1587,188646,"2014-07-30","(주)씨제이이엔엠","15세이상관람가","사극,액션","김한민","최민식,류승룡,조진웅","(주)빅스톤픽쳐스",5,",진구,이정현,김명곤,권율,노민우,김태훈,오타니 료헤이,이승준,김강일,박보검,이해영,장준녕,문영동,김원해,김길동,최덕문,박노식,최창균,신유람,김현태,정제우,강태영,김구택,주석태,조복래,고경표,이재구,조하석,이주실,한이진"
"목격자",21737061097,2524720,1021,71403,"2018-08-15","(주)넥스트엔터테인먼트월드(NEW)","15세이상관람가","스릴러","조규장","이성민,김상호,진경,곽시양","(주)에이디사공육",1,",배정화,신승환,정유민,연제욱,황영희,손종학,이재우,이민웅,장유,박봄"
"몽타주",15002458500,2095592,544,53195,"2013-05-16","(주)넥스트엔터테인먼트월드(NEW)","15세이상관람가","스릴러","정근섭","엄정화,김상경,송영창","(주)미인픽쳐스",1,",조희봉,유승목,정해균,박철민,기주봉,이준혁,태원석,오대환,송민지"
"미녀는 괴로워",36292848900,6081480,418,87141,"2006-12-14","(주)쇼박스","12세이상관람가","멜로/로맨스,코미디","김용화","주진모,김아중","리얼라이즈픽쳐스(주),케이엠컬쳐㈜",3,",성동일,김현숙,임현식,이한위,지서윤,박노식,명규,정성윤,베니"
"미인도",15655329500,2342579,450,69523,"2008-11-13","CJ ENM","청소년관람불가","사극,드라마,멜로/로맨스","전윤수","김규리,김영호,김남길,추자현","㈜이룸영화사,(주)영화사참",1,",한명구,박지일,권병길,최규환,여호민,황찬우,김승훈,강산,이라혜"
"밀정",61270079831,7500457,1444,138162,"2016-09-07","워너브러더스 코리아(주)","15세이상관람가","액션","김지운","송강호,공유","(주)다크서클픽쳐스,워너브러더스 코리아(주),(주)영화사하얼빈",4,",한지민,엄태구,신성록,허성태,이설구,츠루미 신고,정유안,김동영,고준,서영주,권수현,이환,곽자형,유상재,조영규,최유화,한수연,남문철,김수웅,최장원,허형규,백인권,정도원,이수광,다케다 히로미츠,성일,김의건,포스터 B. 버든,이조 오이카와,이케베 카즈히코"
"바람과 함께 사라지다",34614661161,4909937,694,78591,"2012-08-08","(주)넥스트엔터테인먼트월드(NEW)","12세이상관람가","코미디,사극","김주호","차태현,오지호,민효린,성동일,신정근,고창석","(주)두타연,(주)에이디사공육",3,",송종호,이채영,천보근,김향기,김길동,김구택,독고준"
"바르게 살자",13944930000,2135606,372,55993,"2007-10-18","CJ ENM","15세이상관람가","코미디,드라마","라희찬","정재영,손병호","필름있수다",1,",이영은,고창석,이철민,주진모,이한위,유민석,조덕현,공호석,조시내,이재용,엄수정,강지원,황춘하,황효은,김관우,손병욱,이해영,이문수"
"박수건달",28379548569,3897969,603,60604,"2013-01-09","(주)쇼박스","15세이상관람가","코미디","조진규","박신양,김정태,엄지원,정혜영","주식회사 제이앤피,박수건달문화산업전문(유),(주)쇼박스",2,",김성균,최일화,최지호,김형범,박정자,윤송이"
"박수칠 때 떠나라",13181626500,2073641,237,32149,"2005-08-11","(주)시네마서비스","15세관람가","드라마,코미디,미스터리","장진","차승원,신하균","(주)어나더썬데이",1,",신구,정동환,김진태,공호석,정규수,이한위,이용이,류승룡,임승대,장영남,박정아,황정민,이해영,박준서,김지선"
"박열",18096420795,2359707,1176,78504,"2017-06-28","메가박스중앙(주)플러스엠","12세이상관람가","드라마","이준익","이제훈,최희서,김인우","(유)박열문화전문회사",1,",야마노우치 타스쿠,요코우치 히로키,김수진,김준한,권율,민진웅,백수장,한건태,정준원,윤슬,배제기,최정헌,박성택,시바타 요시유키"
"박쥐",14835618500,2205621,499,45400,"2009-04-30","CJ ENM","청소년관람불가","공포(호러),드라마","박찬욱","송강호,김옥빈","(주)모호필름",1,",김해숙,신하균,박인환,송영창,오달수"
"반창꼬",17911274787,2475797,466,46879,"2012-12-19","(주)넥스트엔터테인먼트월드(NEW)","15세이상관람가","멜로/로맨스","정기훈","고수,한효주","(주)영화사오름",1,",마동석,김성오,현쥬니,진서연,윤세웅"
"방자전",22490392000,2985556,495,67572,"2010-06-02","CJ ENM","청소년관람불가","사극,코미디,멜로/로맨스","김대우","김주혁,류승범,조여정","(주)바른손이앤에이,시오필름(주),(주)더타워픽쳐스",2,",류현경,오달수,송새벽,오정세,공형진,김성령,정양,최무성,문원주,정다혜"
"백두산",52905789770,6290502,1971,99915,"2019-12-19","(주)씨제이이엔엠,(주)덱스터스튜디오","12세이상관람가","어드벤처,드라마","이해준,김병서","이병헌,하정우,마동석,전혜진,수지","주식회사 덱스터 픽쳐스,(주)퍼펙트스톰필름,(주)씨제이이엔엠",3,",이상원,옥자연,한수현,강신철,이경영,조한철,최광일,김시아,임형국,마이클 레이,로버트 커티스 브라운,자이 데이,잭 라이온스,박주환,남성준,김민식,박지홍,서현우,김준원,남문철,박성근"
"범죄도시",56322153349,6880546,1315,149389,"2017-10-03","메가박스중앙(주)플러스엠,(주)키위미디어그룹","청소년관람불가","범죄,액션","강윤성","마동석,윤계상","(주)홍필름,(주)비에이엔터테인먼트",4,",조재윤,최귀화,임형준,진선규,홍기준,허동원,하준,김성규,박지환,허성태,민경진,엄지성,김구택,박상규,유지연,배진아,윤병희,이도군"
"범죄와의 전쟁: 나쁜놈들 전성시대",36540327500,4720050,713,91892,"2012-02-02","(주)쇼박스","청소년관람불가","범죄,드라마","윤종빈","최민식,하정우","(주)팔레트픽처스,(주)쇼박스",3,",조진웅,마동석,곽도원,김성균,김종수,김종구,권태원,김혜은,김영선,송영창"
"베를린",52356534637,7166453,894,111749,"2013-01-30","(주)씨제이이엔엠","15세이상관람가","액션","류승완","하정우,한석규,류승범,전지현,이경영","(주)외유내강,(주)씨제이이엔엠",4,",존 케오그,너맨 아카,최무성,곽도원,김서형,토마스 디엠,테이펀 베뎀소이,베르너 다엔,배정남"
"베테랑",105169264250,13414200,1115,199240,"2015-08-05","(주)씨제이이엔엠","15세이상관람가","액션,드라마","류승완","황정민,유아인,유해진,오달수","(주)외유내강,(주)필름케이",5,",장윤주,김시후,오대환,정웅인,정만식,송영창,진경,유인영,박소담,이동휘,배성우,천호진"
"변호인",82872254800,11374859,925,152276,"2013-12-18","(주)넥스트엔터테인먼트월드(NEW)","15세이상관람가","드라마","양우석","송강호,김영애,오달수,곽도원,임시완","위더스필름(주)",5,",송영창,정원중,조민기,이항나,이성민,차은재,차광수,한기중,심희섭,조완기"
"보안관",20844488409,2588628,1091,63709,"2017-05-03","롯데쇼핑㈜롯데엔터테인먼트","15세이상관람가","범죄,코미디","김형주","이성민,조진웅,김성균","(주)영화사 월광,(주)사나이픽처스",1,",김종수,조우진,임현성,배정남,김혜은,김병옥,김광규,손여은,김재영"
"봉오동 전투",40588648538,4787538,1476,107030,"2019-08-07","(주)쇼박스","15세이상관람가","사극,액션,드라마","원신연","유해진,류준열,조우진","(주)빅스톤픽쳐스,(주)더블유픽처스,(주)쇼박스",3,",키타무라 카즈키,이케우치 히로유키,박지환,최유화,성유빈,이재인,다이고 코타로,원풍연,양현민,홍상표"
"봉이 김선달",16227052642,2051277,942,51418,"2016-07-06","(주)씨제이이엔엠","12세이상관람가","사극","박대민","유승호,조재현,고창석,라미란,시우민","(주)엠픽처스,(주)에스엔케이픽처스",1,",전석호,서예지,김영필,최귀화,이준혁,기주봉,권태원,곽민석,서정주,김종수,고인범,오윤홍"
"부당거래",20996302500,2722996,502,69703,"2010-10-28","CJ ENM","청소년관람불가","범죄,드라마","류승완","황정민,류승범,유해진,천호진","필름트레인,(주)외유내강",1,",마동석,우정국,조영진,정만식,이성민,김수현,구본웅,김민재,이희준,오정세,이종구,백승익,송새벽,고서희,곽자형,조종근"
"부러진 화살",25937273000,3459864,530,71593,"2012-01-18","(주)넥스트엔터테인먼트월드(NEW)","15세이상관람가","드라마","정지영","안성기,박원상,나영희,김지호","(주)아우라픽처스",2,",문성근,이경영,김응수,진경,김준배,박수일"
"부산행",93182579048,11566862,1788,151350,"2016-07-20","(주)넥스트엔터테인먼트월드(NEW)","15세이상관람가","액션,스릴러","연상호","강동원,이정현","(주)영화사레드피터",5,",이레,권해효,김민재,구교환,김도윤,이예원"
"뷰티 인사이드",16184831031,2057896,648,53350,"2015-08-20","(주)넥스트엔터테인먼트월드(NEW)","12세이상관람가","판타지,멜로/로맨스","백","한효주,김대명,도지한,배성우,박신혜,이범수,박서준,김상호,천우희,우에노 주리,이재준,김민재,이현우,조달환,이진욱,홍다미,서강준,김희원,이동욱,고아성,김주혁,유연석","(주)용필름",1,"이동휘,문숙,이경영,이미도,최용민,신동미,김시은,박민수,박근록"
"블라인드",18390012500,2367942,404,49358,"2011-08-10","(주)넥스트엔터테인먼트월드(NEW)","청소년관람불가","스릴러","안상훈","김하늘,유승호","(주)문와쳐",1,",조희봉,양영조,김미경,박충선,박보검,달이,짱,김종권"
"블랙머니",20863134010,2478964,1141,77469,"2019-11-13","(주)에이스메이커무비웍스","12세이상관람가","범죄,드라마","정지영","조진웅,이하늬","유한회사 질라라비,(주)아우라픽처스",1,",이경영,강신일,최덕문,조한철,허성태,윤병희,서현철,남명렬,정민성,김종태,노진원,해리스 제이 버틀리엡,크리스티나 마리아 몽고오 오로우,이나라,남문철,김진구,김재록,이승훈,성병숙,권소현,한갑수,이태형,윤진영,우수빈"
"사도",48846045501,6247651,1210,124263,"2015-09-16","(주)쇼박스","12세이상관람가","사극","이준익","송강호,유아인,문근영","(주)타이거픽쳐스",3,",전혜진,김해숙,박원상,진지희,박소담,서예지,이광일,이대연,강성해,최덕문,정석용,최민철,박명신,조승연,엄지성"
"사랑",13446137500,2023174,381,54789,"2007-09-19","롯데쇼핑㈜롯데엔터테인먼트","15세이상관람가","멜로/로맨스,액션","곽경택","주진모,박시연,주현","(주)진인사필름,(주)태원엔터테인먼트",1,",김민준,임현성,차도진,곽민석"
"사바하",20007508194,2398519,1174,78096,"2019-02-20","(주)씨제이이엔엠","15세이상관람가","미스터리,스릴러","장재현","이정재,박정민,이재인,유지태","(주)외유내강,(주)필름케이",1,",정진영,이다윗,진선규,지승현,타나카 민,차순배,황정민,이항나,정동환,오윤홍"
"살인자의 기억법",21375287492,2658589,1064,88686,"2017-09-06","(주)쇼박스","15세이상관람가","범죄,스릴러","원신연","설경구,김남길,설현,오달수","(주)쇼박스,(주)더블유픽처스,(주)그린피쉬,영화사 이창",1,",황석정,정인겸,신기준,장진영,신린아,김혜윤,최유송,김정영,박광재"
"색즉시공 시즌2",13466476000,2002423,390,41017,"2007-12-12","CJ ENM","청소년관람불가","코미디","윤태윤","임창정,송지효","(주)두사부필름",1,",최성국,신이,유채영,이화선,이상윤,홍지영,선호빈,최현,박영수"
"설국열차",67012235200,9350323,1128,124858,"2013-08-01","(주)씨제이이엔엠","15세이상관람가","SF,액션","봉준호","크리스 에반스,송강호,에드 해리스,존 허트,틸다 스윈튼,제이미 벨,옥타비아 스펜서,이완 브렘너,알리슨 필,고아성","(주)모호필름,오퍼스픽쳐스(유)",4,",스티브 박,루크 파스콸리노,케니 도우티,클락 미들튼,블라드 이바노브,아드난 해스커빅,엠마 레비,토마스 레마르퀴스,이고르 주릭,위헬미나 맥패든,타일러 존 윌리엄스"
"세븐 데이즈",13720377000,2048339,305,47249,"2007-11-14","(주)프라임엔터테인먼트","청소년관람불가","스릴러,범죄","원신연","김윤진,김미숙,박희순","(주)영화사윤앤준",1,",최무성,장항선,양진우,정동환,이정헌,원풍연,이라혜,조덕현,서동수,박재준,윤빈,권병길,신현종,길해연"
"소원",18529880600,2711086,651,72330,"2013-10-02","롯데쇼핑㈜롯데엔터테인먼트","12세이상관람가","드라마","이준익","설경구,엄지원,이레","(주)필름모멘텀",1,",김해숙,김상호,라미란,양진성,김도엽,강성해,권태원,김진혁"
"수상한 그녀",62710880849,8658800,1027,136985,"2014-01-22","(주)씨제이이엔엠","15세이상관람가","드라마","황동혁","심은경,나문희,박인환,성동일,이진욱","(주)예인플러스엔터테인먼트,아이앤코스모스(주)시네와이즈필름",4,",김현숙,황정민,김슬기,진영,하연주,박혜진,정인기,장유,홍석연,박형우,이상언,박승태,한지은,강한샘"
"숨바꼭질",39602995500,5604106,779,88064,"2013-08-14","(주)넥스트엔터테인먼트월드(NEW)","15세이상관람가","스릴러","허정","손현주,문정희,전미선","(주)드림캡쳐",3,",김원해,정준원,김수안,김지영,이준혁,노수산나,이영석,이영미,성유빈,엄지성,허남일,리민,이승희,백종우,김정우,정민성,조한철,조시내"
"스물",23563705686,3044859,926,100167,"2015-03-25","(주)넥스트엔터테인먼트월드(NEW)","15세이상관람가","코미디,드라마","이병헌","김우빈,준호,강하늘","(주)영화나무,(주)아이에이치큐",2,",정소민,이유비,민효린,정주연"
"스파이",24512378305,3436012,785,72804,"2013-09-05","(주)씨제이이엔엠","15세이상관람가","액션","이승준","설경구,문소리,다니엘 헤니","(주)제이케이필름,(주)씨제이이엔엠",2,",고창석,한예리,정인기,라미란,송재호,김지영"
"시동",21236477800,2525986,1515,58603,"2019-12-18","(주)넥스트엔터테인먼트월드(NEW)","15세이상관람가","드라마","최정열","마동석,박정민,정해인,염정아,최성은","(주)외유내강",1,",김종수,윤경호,김경덕"
"시라노; 연애조작단",19838443000,2684798,415,77739,"2010-09-16","롯데쇼핑㈜롯데엔터테인먼트","12세이상관람가","멜로/로맨스,코미디","김현석","엄태웅,이민정,최다니엘,박신혜,박철민,전역산,송새벽,류현경","(주)명필름",1,",이미도,이미소,도용구"
"식객",18979312500,2964374,406,67299,"2007-11-01","CJ ENM","12세이상관람가","드라마","전윤수","김강우,임원희,이하나","쇼이스트(주)",2,",정은표,김상호,정진,정진,김진태,공호석,박진영,안길강,이주실,무라카미 켄이치,맹봉학,이형권,권병길"
"신과함께-인과 연",102677675409,12276350,2235,180042,"2018-08-01","롯데컬처웍스(주)롯데엔터테인먼트","12세이상관람가","판타지,드라마","김용화","하정우,주지훈,김향기,마동석,김동욱","리얼라이즈픽쳐스(주),(주)덱스터스튜디오",5,",조한철,임원희,남일우,정지훈,도경수,이준혁,장광,정해균"
"신과함께-죄와 벌",115707627637,14411775,1912,213315,"2017-12-20","롯데쇼핑㈜롯데엔터테인먼트","12세이상관람가","판타지,드라마","김용화","하정우,차태현,주지훈,김향기,김동욱,마동석","리얼라이즈픽쳐스(주),(주)덱스터스튜디오",5,",오달수,임원희,도경수,이준혁,예수정,장광,정해균,김수안,남일우,정지훈"
"신기전",24326346000,3728429,585,78463,"2008-09-04","CJ ENM","15세이상관람가","사극,드라마,액션,전쟁","김유진","정재영,한은정,허준호","(주)시네마서비스글로벌",2,",안성기,정성모,김명수,이도경,인교진,류현경,서주성,조원희,오순태,신정근,이승근,이창직,최승일,강지은,방수형"
"신세계",34881330905,4682492,671,90581,"2013-02-21","(주)넥스트엔터테인먼트월드(NEW)","청소년관람불가","범죄,액션","박훈정","이정재,최민식,황정민","(주)사나이픽처스,(주)페퍼민트앤컴퍼니,(주)대명문화공장,(주)파트너스케이",3,",박성웅,송지효,김윤성,나광훈,박로사,최일화,주진모,장광,권태원,김홍파"
"신의 한 수",28812027456,3566852,794,77110,"2014-07-03","(주)쇼박스","청소년관람불가","범죄,액션","조범구","정우성,이범수,안성기,김인권,이시영","(주)메이스엔터테인먼트,(주)아지트필름",2,",안길강,이도경,최진혁,정해균,안서현,김명수,황춘하,이일섭,김세동,김주명,이용녀,유순철,홍성덕,박지훈,윤희철,김소진,유재상"
"신의 한 수: 귀수편",18463776050,2157437,1246,82178,"2019-11-07","(주)씨제이이엔엠","15세이상관람가","범죄,액션","리건","권상우,김희원,김성균","(주)메이스엔터테인먼트,(주)아지트필름",1,",허성태,우도환,정인겸,원현준,박상훈,신수연,김정팔,홍기준,스테파니 리"
"쌍화점",25411823400,3749034,532,72498,"2008-12-30","(주)쇼박스","청소년관람불가","드라마","유하","조인성,주진모,송지효","오퍼스픽쳐스(유)",2,",심지호,임주환,여욱환,송중기,장지원,김춘기,이종구,권태원,도용구,고인범,함건수,노민우,도예성,박종수"
"써니",54036428100,7362789,546,149143,"2011-05-04","(주)씨제이이엔엠","15세이상관람가","드라마,코미디","강형철","유호정,심은경,강소라,고수희,김민영,홍진희,박진주,이연경,남보라,김보미,민효린","(주)알로하픽쳐스,(주)토일렛픽쳐스",4,",김시후,김영옥,정원중,김혜옥,박영서,천우희,하승리,김예원"
"아가씨",35217052991,4288530,1171,90372,"2016-06-01","(주)씨제이이엔엠","청소년관람불가","스릴러,드라마","박찬욱","김민희,김태리,하정우,조진웅","유한회사 아가씨에프에스,(주)모호필름,(주)용필름",2,",김해숙,이용녀,이동휘,곽은진,조은형"
"아수라",20579716662,2594420,1278,68044,"2016-09-28","(주)씨제이이엔엠","청소년관람불가","범죄,액션","김성수","정우성,황정민,주지훈,곽도원","(주)사나이픽처스",1,",정만식,윤지혜,김해곤,김원해,오연아,김종수,김현빈,윤대열,유정호,정미남,최병모,박민이,현봉식,황병국,조준,정형석,박유밀,염동헌,정동규,박효근,최원경,최성원,김수진"
"아이 캔 스피크",25551269986,3283470,1140,93074,"2017-09-21","롯데쇼핑㈜롯데엔터테인먼트,(주)리틀빅픽쳐스","12세이상관람가","코미디","김현석","나문희,이제훈","주식회사 영화사 시선,(주)명필름",2,",박철민,염혜란,이상희,이지훈,정연주,김소진,김일웅,성유빈,최수인,이재인"
"아저씨",47102707500,6178452,501,109875,"2010-08-04","CJ ENM","청소년관람불가","액션,드라마","이정범","원빈,김새론","오퍼스픽쳐스(유)",3,",김태훈,김희원,김성오,이종필,타나용 웡트라쿨,김효서,송영창,황화순,남경읍"
"악의 연대기",17361815332,2192525,776,64351,"2015-05-14","(주)씨제이이엔엠","15세이상관람가","스릴러","백운학","손현주,마동석,최다니엘,박서준","(주)비에이엔터테인먼트",1,",정원중,윤희원,이태형,오상무,한수현,박성현,이상원,이두익,신나라,엄지성"
"악인전",29133760150,3364712,1307,97351,"2019-05-15","(주)에이스메이커무비웍스,(주)키위미디어그룹","청소년관람불가","범죄,액션","이원태","마동석,김무열,김성규","(주)비에이엔터테인먼트",2,",유승목,최민철,김윤성,허동원,우강민,오희준,문동혁"
"안시성",46342006026,5441020,1540,110444,"2018-09-19","(주)넥스트엔터테인먼트월드(NEW)","12세이상관람가","사극,액션","김광식","조인성,남주혁,박성웅","(주)영화사수작,(주)스튜디오앤뉴,모티브픽쳐스(주)",3,",배성우,엄태구,설현,박병은,오대환,정은채,유오성,장광,성동일,여회현,정지훈"
"암살",98466287781,12706483,1519,175211,"2015-07-22","(주)쇼박스","15세이상관람가","액션,드라마","최동훈","전지현,이정재,하정우","(주)케이퍼필름",5,",오달수,조진웅,이경영,최덕문,박병은,김의성,진경,허지원,김홍파,정규수,정인겸,이환,김인우,심희섭,허정도,우상전"
"암수살인",32998321048,3789553,1177,126128,"2018-10-03","(주)쇼박스","15세이상관람가","범죄,드라마","김태균","김윤석,주지훈","(주)필름295,(주)블러썸픽쳐스",2,",진선규,정종준,허진,김중기,김영웅,정기섭,이봉련,전국환,김종수,배해선,권소현,원현준"
"엑시트",79232012162,9426011,1660,202223,"2019-07-31","(주)씨제이이엔엠","12세이상관람가","코미디,액션","이상근","조정석,윤아","(주)외유내강,(주)필름케이",4,",고두심,박인환,김지영,강기영,김종구,김병순,황효은,이봉련,정민성,박성일,배유람,유수빈,신세휘,김강훈"
"역린",29894266890,3849552,1054,83299,"2014-04-30","롯데쇼핑㈜롯데엔터테인먼트","15세이상관람가","사극","이재규","현빈,정재영,조정석,조재현,한지민","굿초이스컷픽쳐스(주),(주)파파스필름",2,",김성령,박성웅,정은채,송영창,이도경,서이숙,김민재,김대명,김주완,유은미,성유빈,천보근,구승현,이재희,전국향,문지현,김창회"
"연가시",32175400664,4515833,759,71928,"2012-07-05","(주)씨제이이엔엠","15세이상관람가","공포(호러),SF","박정우","김명민,문정희,김동완,이하늬","(주)오죤필름",3,",엄지성,염현서,강신일,조덕현,전국환,최정우,이형철,정인기,송영창,김세동,조한철,민경진"
"연평해전",45567290830,6044956,1013,114487,"2015-06-24","(주)넥스트엔터테인먼트월드(NEW)","12세이상관람가","드라마","김학순","김무열,진구,이현우","(주)로제타시네마",3,",김지훈,장준학,주희중,이완,김하균,한이진,강한샘,김동범,이철민,박정학,천민희,이재원,김동현,황인무,한강일,서동건,이한종,유형균,김선길,최건영,정해민,조하늘,김충길,서상원,황세정,장의수,권화운"
"오싹한 연애",22010977000,3009356,544,62913,"2011-12-01","(주)씨제이이엔엠","12세이상관람가","공포(호러),멜로/로맨스,코미디","황인호","손예진,이민기","상상필름(주)",2,",박철민,김현숙,이미도,신성훈,윤지민,황승언,이현진"
"완득이",38533069000,5311232,629,117847,"2011-10-20","(주)씨제이이엔엠","12세이상관람가","드라마","이한","김윤석,유아인","(주)유비유필름,어나더픽쳐스(주)",3,",박수영,이자스민,김상호,김영재,박효주,강별,김동영"
"완벽한 타인",44356976474,5294154,1325,143075,"2018-10-31","롯데컬처웍스(주)롯데엔터테인먼트","15세이상관람가","드라마,코미디","이재규","유해진,조진웅,이서진,염정아,김지수,송하윤,윤경호","(주)필름몬스터,드라마하우스(주)",3,",지우"
"왕의 남자",66015355400,10513699,313,111175,"2005-12-29","(주)시네마서비스","15세이상관람가","드라마","이준익","감우성,정진영,강성연,이준기","(주)씨네월드,(주)이글픽쳐스",5,",장항선,유해진,정석용,이승훈"
"용의자",30037521000,4131338,807,69124,"2013-12-24","(주)쇼박스","15세이상관람가","액션,스릴러","원신연","공유,박희순,조성하,유다인,김성균,조재윤","(주)그린피쉬,(주)쇼박스",2,",박지일,김민재,김의성,원풍연,원진,송재림,최종률,남보라,기주봉,조석현,이용직,최태환"
"우리 생애 최고의 순간",26119898000,4018872,418,70724,"2008-01-10","(주)싸이더스","전체관람가","드라마","임순례","문소리,김정은,엄태웅,김지영,조은지,차민지","(주)엠케이픽처스",2,",남궁,이미도,조영진,이봉규,정석용,하정우,최욱,정세형,김강민,김종언"
"우리들의 행복한 시간",14938458000,2472060,414,47300,"2006-09-14","(주)프라임엔터테인먼트","15세관람가","드라마","송해성","강동원,이나영","(주)엘제이필름,상상필름(주)",1,",윤여정,강신일,정영숙,김지영,장현성"
"웰컴 투 동막골",40328508500,6436508,356,72108,"2005-08-04","(주)쇼박스","12세관람가","전쟁,드라마","박광현","정재영,신하균,강혜정","필름있수다,(주)쇼박스",3,"임하룡,서재경,류덕환,스티브 태슐러,정재진,이용이,박남희,조덕현,유승목,심원철,강현중,리민,고관재,권오민,홍예인"
"위험한 상견례",19174920500,2595625,524,75068,"2011-03-31","롯데쇼핑㈜롯데엔터테인먼트","12세이상관람가","코미디,멜로/로맨스","김진영","진세연,홍종현,신정근,전수경,김응수","(주)전망좋은 영화사",1,",박은혜,김도연,김동균,장세현,박두식"
"은밀하게 위대하게",48700887413,6959083,1341,117461,"2013-06-05","(주)쇼박스","15세이상관람가","액션,코미디,드라마","장철수","김수현,박기웅,이현우,손현주","(주)엠씨엠씨",4,",박혜숙,고창석,김성균,장광,신정근,홍경인,이채영,최우식,구승현,조용진,이연경,엄태구,리민,조영진,윤원석,박정기,고인범,김법래"
"음란서생",14944528700,2304365,347,38964,"2006-02-23","CJ ENM","18세관람가","사극,코미디","김대우","한석규,이범수,김민정","(주)영화사비단길",1,",오달수,김뢰하,안내상,김기현,우현,김병옥,전수환,윤상화,연보라"
"의뢰인",17797131500,2393103,522,58416,"2011-09-29","(주)쇼박스","15세이상관람가","스릴러","손영성","하정우,박희순,장혁","청년필름(주)",1,",성동일,김성령,정원중,유다인,박혁권,주진모,예수정,황병국,민복기,유순웅,배성우,배윤범,박성근,이창훈,박성연,최희진,유하준,이소정,최종원"
"의형제",40153817000,5416829,569,118250,"2010-02-04","(주)쇼박스","15세이상관람가","드라마,액션","장훈","송강호,강동원","(주)쇼박스,(주)다세포클럽,루비콘픽쳐스㈜",3,",전국환,박혁권,윤희석,최정우,권범택,정인기,조석현,차엽"
"이끼",25437300500,3350303,740,58198,"2010-07-14","CJ ENM","청소년관람불가","드라마,스릴러","강우석","정재영,박해일,유준상,유선,허준호,유해진,김상호,김준배","(주)시네마서비스,㈜렛츠필름,(주)시네마서비스글로벌",2,",강신일,임승대,정규수,이철민,오순태,윤아름"
"이웃사람",18088462369,2434269,600,56752,"2012-08-22","롯데쇼핑㈜롯데엔터테인먼트","청소년관람불가","스릴러","김휘","김윤진,마동석,천호진,김성균,김새론,임하룡,장영남,도지한","영화사 무쇠팔,플로우식스(주),자이온 이엔티(주),(주)누리픽쳐스,히트박스,(주)미스터로맨스",1,",김기천,장유,곽민석,차현우,조유신,한수현,김미경"
"인천상륙작전",55105606303,7050475,1049,97032,"2016-07-27","(주)씨제이이엔엠","12세이상관람가","전쟁,드라마","이재한","이정재,이범수,리암 니슨,진세연","(주)태원엔터테인먼트",4,",정준호,박철민,김병옥,존 그리스,길금성,신수항,김희진,정민지,김수오,함형기,이나경,이충구,성혁,고윤,장준학,션 리차드,저스틴 러플,진용욱,박정원,양범,이해준,조지 비셋,윤석진,김중희,윤다영,반세정,조원희,송경철,김중기,이창세,김제열,론 로만,매튜 도마,다미렌 퍼타도,트로이 마크 지젤스버거,아키라"
"재심",19266319637,2421197,935,68402,"2017-02-15","오퍼스픽쳐스(유),CGV아트하우스","15세이상관람가","드라마","김태윤","정우,강하늘,김해숙","(주)이디오플랜",1,",이동휘,한재영,이경영,김소진,민진웅,이정은,김영재,성도현,양희명,박두식,김연서,박철민,김하나,최정헌,하성광"
"전우치",44092783000,6065369,612,102356,"2009-12-23","CJ ENM","12세이상관람가","액션,코미디,판타지","최동훈","강동원,김윤석,임수정,유해진","영화사 집",3,",송영창,주진모,김상호,선우선,공정환,권태원,이숙,박남희,이용녀,김기천"
"조선명탐정 : 각시투구꽃의 비밀",35841769500,4786259,634,84189,"2011-01-27","(주)쇼박스","12세이상관람가","코미디,액션","김석윤","김명민,오달수,한지민","청년필름(주)",3,",이재용,우현,예수정,최무성,정인기"
"조선명탐정 : 사라진 놉의 딸",30456879428,3872015,825,80499,"2015-02-11","(주)쇼박스","12세이상관람가","사극,코미디,어드벤처","김석윤","김명민,오달수,이연희","청년필름(주)",2,",조관우,정원중,이채은,황채원,황정민,우현,최무성"
"조선명탐정: 흡혈괴마의 비밀",19822789764,2444136,1249,74953,"2018-02-08","(주)쇼박스","12세이상관람가","사극,어드벤처,코미디","김석윤","김명민,오달수,김지원","청년필름(주)",1,",김범,박근형,우현,윤상훈,장률,김정화"
"조작된 도시",20144704587,2515590,1019,62242,"2017-02-09","(주)씨제이이엔엠","15세이상관람가","범죄,액션","박광현","지창욱,심은경,안재홍","(주)티피에스컴퍼니,(주)영화사심플렉스,컬쳐메이트",1,"오정세,김상호,김민교,김기천,이하늬,김호정,이순원,김슬기,심원철,서이안,최귀화,권태원,배민정,김지훈,노남석,윤성민,이석,유승옥,류인석,전역산,안연선"
"좋은 놈, 나쁜 놈, 이상한 놈",43754257000,6685845,824,93574,"2008-07-17","CJ ENM","15세이상관람가","서부극(웨스턴),액션,어드벤처","김지운","송강호,이병헌,정우성","(주)다크서클픽쳐스,(주)바른손이앤에이",4,",윤제문,류승수,송영창,손병호,오달수,이청아"
"증인",20482789331,2534748,1047,89564,"2019-02-13","롯데컬처웍스(주)롯데엔터테인먼트","12세이상관람가","드라마","이한","정우성,김향기","(주)무비락,(주)도서관옆스튜디오",1,",이규형,염혜란,장영남,정원중,김종수"
"지금 만나러 갑니다",20800916128,2602273,1191,97482,"2018-03-14","롯데쇼핑㈜롯데엔터테인먼트","12세이상관람가","멜로/로맨스","이장훈","소지섭,손예진","(주)무비락,(주)도서관옆스튜디오,(주)푸른나무픽쳐스",1,",김지환,고창석,이유진,김현수,배유람,이준혁,서정연,신우희"
"쩨쩨한 로맨스",15800299000,2067534,450,47891,"2010-12-01","롯데쇼핑㈜롯데엔터테인먼트","청소년관람불가","코미디,멜로/로맨스","김정훈","이선균,최강희","(주)크리픽쳐스",1,",오정세,류현경,송유하,백도빈,박성일,조은지"
"청년경찰",44382020516,5653444,1102,118547,"2017-08-09","롯데쇼핑㈜롯데엔터테인먼트","15세이상관람가","액션","김주환","박서준,강하늘","(주)무비락,(주)도서관옆스튜디오,베리굿스튜디오(주)",3,",성동일,박하선,고준,이호정,조준"
"초능력자",15374798000,2130645,612,58009,"2010-11-10","(주)넥스트엔터테인먼트월드(NEW)","15세이상관람가","SF,드라마","김민석","강동원,고수,정은채","영화사 집",1,",윤다경,최덕문,아부다드,에네스 카야,양경모"
"최종병기 활",55827861500,7470633,615,130054,"2011-08-10","롯데쇼핑㈜롯데엔터테인먼트","15세이상관람가","사극,액션","김한민","박해일,류승룡,김무열,문채원","(주)디씨지플러스,(주)다세포클럽",4,",이한위,김구택,이경영,박기웅,이승준,이재구,박노식,이다윗,전민서,오타니 료헤이,김현태,강태영,문영동,조하석,김길동,정제우,서동구,지건우"
"추격자",33986959000,5046096,433,106805,"2008-02-14","(주)쇼박스","청소년관람불가","범죄,스릴러,액션","나홍진","김윤석,하정우","(주)영화사비단길",3,",서영희,구본웅,김유정,정인기,박효주,최정우,민경진"
"친구 2",21804687513,2971475,968,69865,"2013-11-14","롯데쇼핑㈜롯데엔터테인먼트","청소년관람불가","액션","곽경택","유오성,주진모,김우빈","(주)트리니티엔터테인먼트,(주)제이콘컴퍼니",2,",장영남,정호빈,기주봉,이철민,이준혁,황성준,장지건,선호진,정수교,배성종,강한나,이상훈,원웅재,신준범,지승현,박성현,윤진하,박아인,조민준"
"친절한 금자씨",20483051393,3119682,386,41438,"2005-07-29","CJ ENM","18세관람가","스릴러","박찬욱","이영애,최민식","(주)모호필름",2,",권예영,김시후,남일우,김병옥,오달수,이승신,김부선,라미란"
"퀵",22960890000,3125069,514,60714,"2011-07-20","(주)씨제이이엔엠","15세이상관람가","코미디,액션","조범구","이민기,강예원,김인권,고창석","(주)제이케이필름,(주)씨제이이엔엠",2,",주진모,김병철,김은옥,윤제문,유승목,마동석,송재호,전국환,오정세"
"타워",37654858000,5181014,638,81147,"2012-12-25","(주)씨제이이엔엠","12세이상관람가","드라마","김지훈","설경구,손예진,김상경","(주)씨제이이엔엠,(주)더타워픽쳐스",3,",김인권,안성기,송재호,이주실,이한위,권태원,전국향,정인기,차인표,전배수,박준혁,김성오,민영,이주하,도지한,조민아,이현조,권현상,김수진,이창용,박호영,박재웅"
"타짜",36181314700,5685521,492,76884,"2006-09-28","CJ ENM","18세관람가","드라마","최동훈","조승우,김혜수,백윤식,유해진","(주)싸이더스,(주)영화사참",3,",김응수,김상호,김윤석,주진모,김경익,이수경,김정난,권태원,조상건,백도빈,서동수"
"타짜-신의 손",32373120927,4015361,890,80584,"2014-09-03","롯데쇼핑㈜롯데엔터테인먼트,(주)싸이더스","청소년관람불가","드라마","강형철","T.O.P,신세경,곽도원,이하늬","(주)싸이더스",2,",유해진,김윤석,이경영,김인권,오정세,고수희,박효주,고준,이동휘,김원해,이준혁,김민상,조경현,손상경,박수영,임정은,정윤석"
"타짜: 원 아이드 잭",19687029214,2229239,1429,66479,"2019-09-11","롯데컬처웍스(주)롯데엔터테인먼트","청소년관람불가","범죄,드라마","권오광","박정민,류승범,최유화","(주)싸이더스,(주)엠씨엠씨,(주)비에이엔터테인먼트",1,",우현,윤제문,이광수,임지연,권해효"
"탐정 : 더 비기닝",20463956973,2625686,764,54995,"2015-09-24","(주)씨제이이엔엠","15세이상관람가","코미디,범죄","김정훈","권상우,성동일","(주)크리픽쳐스",1,",서영희,박해준,이승준,윤경호,조복래,이해영,박성일,최성원,지대한,이언정,변한나,조완기,현정애,진용욱,송유하,이희석,이청희,홍은택,홍서현"
"탐정: 리턴즈",26909514678,3152895,1137,107909,"2018-06-13","(주)씨제이이엔엠","15세이상관람가","코미디,범죄","이언희","권상우,성동일,이광수","(주)크리픽쳐스",2,",서영희,남명렬,최덕문,손담비,이일화,최성원,박성일,정연주,오희준,김성규,김중기,이청희,김용준,박성연,홍서백,홍은택"
"태극기 휘날리며",15687429500,2544986,115,22376,"2004-02-05","(주)다자인소프트,(주)쇼박스","15세관람가","전쟁,드라마","강제규","장동건,원빈,이은주","강제규필름",1,",공형진,장민호,이영란"
"태풍",22209675300,3471150,481,47155,"2005-12-14","CJ ENM","15세관람가","드라마,액션","곽경택","장동건,이정재,이미연,김갑수","CJ ENM",2,",데이비드 맥기니스,차트하퐁 판타나운쿨,허욱,선호진,강신성일,박찬영,김란흔,민지환"
"택시운전사",95871287649,12189654,1906,184200,"2017-08-02","(주)쇼박스","15세이상관람가","드라마","장훈","송강호,토마스 크레취만,유해진,류준열","더램프(주)",5,",박혁권,최귀화,차순배,신담수,류성현,엄태구,박민희,이정은,유은미,권순준,윤석호,허정도,이봉련,이호철,이용이"
"터널",57530028417,7120780,1105,113214,"2016-08-10","(주)쇼박스","12세이상관람가","드라마","김성훈","하정우,배두나,오달수","(주)어나더썬데이,(주)비에이엔터테인먼트",4,",정석용,박혁권,남지현,신정근,조현철,유승목,이철민"
"투사부일체",31959686000,5074314,407,54339,"2006-01-19","CJ ENM","15세관람가","코미디","김동원","정준호,김상중,정웅인,정운택","(주)시네마제니스",3,",강성필,최윤영,한효주,박용기,임세호,박용식,이기열,전창걸"
"판도라",36067171064,4584800,1184,100270,"2016-12-07","(주)넥스트엔터테인먼트월드(NEW)","12세이상관람가","드라마,스릴러","박정우","김남길,김주현,정진영,김영애,문정희,김대명","(주)씨에이씨엔터테인먼트",3,",이경영,강신일,유승목,주진모,송영창,김영웅,배강유,김세동,김한종,박대원,심성효,박선희,박팔영,최효상,공정환,권홍석,허선행,심영민,조덕현,손종학,김종구,장준녕,조한철,임승대,송영규,강석원,곽민석,정인기,백도빈,주석태,최명진,김태훈,강태식,이승준,어성욱,송철호,형원,김태현,박용,이태형,강지원,오예설"
"포화속으로",23831968600,3330326,742,80093,"2010-06-16","롯데쇼핑㈜롯데엔터테인먼트","12세이상관람가","드라마,전쟁","이재한","차승원,권상우,T.O.P,김승우","(주)태원엔터테인먼트,(주)유비유필름,(주)에이치 플러스",2,",김혜성,구성환,신현탁,문재원,김동범,김윤성,탁트인,윤승훈,김호원,김한준,조중휘,박태주,조원희,라경덕,황준영,김태환"
"표적",22256769300,2841828,716,72255,"2014-04-30","(주)씨제이이엔엠","15세이상관람가","액션,드라마","창","류승룡,유준상,이진욱,김성령,조여정,조은지","(주)바른손이앤에이,(주)용필름",1,"김대명,장준녕,염지영,이현욱,조경훈,김태환,기세형,주석제,김종구,변상윤,유영복,위양호,장은선"
"프리즌",23790276987,2931897,1047,89024,"2017-03-23","(주)쇼박스","청소년관람불가","범죄,액션","나현","한석규,김래원","(주)큐로홀딩스",2,",강신일,이경영,김성균,정웅인,조재윤,신성록,전배수,박원상,정석원,송경철,한주완,안세호,유하준,차엽,곽민호,유정호,한이진,김승훈,박진우,최성원,이재균,김찬형"
"하녀",17038639000,2267556,555,59621,"2010-05-13","(주)싸이더스","청소년관람불가","스릴러,멜로/로맨스","임상수","전도연,이정재,윤여정,서우","(주)싸이더스,(주)미로비젼",1,",박지영,안서현,황정민,문소리,김진아"
"하모니",21641865000,3018154,384,77732,"2010-01-28","CJ ENM","12세이상관람가","드라마","강대규","김윤진,나문희,강예원,이다희,장영남,박준면,정수영","(주)제이케이필름",2,",이태경,문경민,도용구,지성원,차진혁,박혜진"
"한반도",20597497600,3331593,483,49539,"2006-07-13","CJ ENM","15세관람가","드라마,액션","강우석","조재현,차인표,안성기,문성근,강신일","(주)시네마서비스글로벌",2,",김상중,강수연,독고영재,백일섭,최일화,박용수,이도련,이한위,박길수"
"해운대",81025004000,11324433,764,154277,"2009-07-22","CJ ENM","12세이상관람가","액션,드라마,어드벤처","윤제균","설경구,하지원,박중훈,엄정화","(주)제이케이필름",5,",이민기,강예원,김인권,송재호,김지영,여호민,성병숙,도용구,노준호,지대한,장명갑,최재섭,천보근,김유정,김유빈,김정운"
"해적: 바다로 간 산적",66372140706,8666208,910,133354,"2014-08-06","롯데쇼핑㈜롯데엔터테인먼트","12세이상관람가","어드벤처","이석훈","김남길,손예진","(주)하리마오픽쳐스",4,",유해진,이경영,오달수,김태우,박철민,신정근,김원해,조달환,조희봉,정성화,최진리,이이경,안내상,김경식,이대연"
"헬로우 고스트",22056966500,3019780,472,57578,"2010-12-22","(주)넥스트엔터테인먼트월드(NEW)","12세이상관람가","코미디,드라마","김영탁","차태현,강예원,이문수,고창석,장영남,천보근","(주)워터앤트리",2,",공호석,정규수,김진성,구승현"
"형",23130188893,2982230,993,83591,"2016-11-23","(주)씨제이이엔엠","12세이상관람가","코미디,드라마","권수경","조정석,도경수,박신혜","굿초이스컷픽쳐스(주)",2,",김강현,지대한"
"화려한 휴가",44098519600,6855314,551,96528,"2007-07-25","CJ ENM","12세이상관람가","드라마","김지훈","김상경,안성기,이요원,이준기","기획시대(주)",4,",박철민,박원상,송재호,나문희,권태원,엄효섭,박용수,이얼,손병호"
"화이: 괴물을 삼킨 아이",17695683795,2394487,817,59051,"2013-10-09","(주)쇼박스","청소년관람불가","액션,스릴러","장준환","김윤석,여진구,조진웅,장현성,김성균,박해준","나우필름(주),파인하우스필름(주),(주)쇼박스",1,",남지현,유연석,우정국,임지은,김영민,서영화"
"화차",18459969500,2436500,548,62646,"2012-03-08","필라멘트픽쳐스","15세이상관람가","미스터리","변영주","이선균,김민희,조성하","(주)영화제작소보임",1,",송하윤,최덕문,이희준,김민재,박해준"
"황해",17497165500,2260512,618,42102,"2010-12-22","(주)쇼박스,이십세기폭스코리아(주)","청소년관람불가","스릴러,액션,범죄","나홍진","하정우,김윤석,조성하","㈜팝콘필름",1,",이철민,곽도원,임예원,탁성은,이엘,정만식,정민성"
"후궁 : 제왕의 첩",19330302500,2636320,624,69104,"2012-06-06","롯데쇼핑㈜롯데엔터테인먼트","청소년관람불가","사극,멜로/로맨스","김대승","조여정,김동욱,김민준","(주)황기성 사단",1,",박지영,조은지,이경영,박철민,안석환,조기왕,오지혜,홍경연,박충선,박민정,임종윤,김장원"
"히말라야",60175363015,7759761,1095,142715,"2015-12-16","(주)씨제이이엔엠","12세이상관람가","드라마","이석훈","황정민,정우","(주)제이케이필름",4,",조성하,김인권,라미란,김원해,이해영,전배수,정규수,성병숙"
